会話ID,話者ID,話者ラベル,話者ID改,音声ファイル名
C001_001,C001,IC01_玲子,C001_000,C001_001_IC01.wav
C001_001,C001_001,IC02_夏樹,C001_001,C001_001_IC02.wav
C001_001,C001_002,IC04_美沙,C001_002,C001_001_IC04.wav
C001_001,C001_003,IC03_可奈子,C001_003,C001_001_IC03.wav
C001_001,C001_004,IC05_美香,C001_004,C001_001_IC05.wav
C001_001,C001_010,Z10A_店員,C001_010,--
C001_002,C001,IC01_玲子,C001_000,C001_002_IC01.wav
C001_002,C001_002,IC02_美沙,C001_002,C001_002_IC02.wav
C001_003,C001,IC01_玲子,C001_000,C001_003_IC01.wav
C001_003,C001_001,IC02_夏樹,C001_001,C001_003_IC02.wav
C001_004,C001,IC01_玲子,C001_000,C001_004_IC01.wav
C001_004,C001_005,IC02_辰嶋,C001_005,C001_004_IC02.wav
C001_004,C001_011,Z10A_店員,C001_011,--
C001_005,C001,IC04_玲子,C001_000,C001_005_IC04.wav
C001_005,C001_007,IC05_母,C001_007,C001_005_IC05.wav
C001_006,C001,IC04_玲子,C001_000,C001_006_IC04.wav
C001_006,C001_007,IC05_母,C001_007,C001_006_IC05.wav
C001_007,C001,IC03_玲子,C001_000,C001_007_IC03.wav
C001_007,C001_006,IC04_父,C001_006,C001_007_IC04.wav
C001_007,C001_007,IC05_母,C001_007,C001_007_IC05.wav
C001_012,C001,IC05_玲子,C001_000,C001_012_IC05.wav
C001_012,C001_005,IC04_辰嶋,C001_005,C001_012_IC04.wav
C001_013,C001,IC05_玲子,C001_000,C001_013_IC05.wav
C001_013,C001_005,IC04_辰嶋,C001_005,C001_013_IC04.wav
C002_003,C002,IC01_日野,C002_000,C002_003_IC01.wav
C002_003,C002_001,IC02_智也,C002_001,C002_003_IC02.wav
C002_004,C002,IC01_日野,C002_000,C002_004_IC01.wav
C002_004,C002_002,IC03_正和,C002_002,C002_004_IC03.wav
C002_005,C002,IC01_日野,C002_000,C002_005_IC01.wav
C002_005,C002_001,IC02_智也,C002_001,C002_005_IC02.wav
C002_006a,C002,IC01_日野,C002_000,C002_006a_IC01.wav
C002_006a,C002_003,IC03_美佳,C002_003,C002_006a_IC03.wav
C002_006a,C002_004,IC02_遥,C002_004,C002_006a_IC02.wav
C002_006a,C002_005,N101_水野,C002_005,--
C002_006b,C002,IC01_日野,C002_000,C002_006b_IC01.wav
C002_006b,C002_003,IC03_美佳,C002_003,C002_006b_IC03.wav
C002_006b,C002_004,IC02_遥,C002_004,C002_006b_IC02.wav
C002_006b,C002_005,N101_水野,C002_005,--
C002_006c,C002,IC01_日野,C002_000,C002_006c_IC01.wav
C002_006c,C002_003,IC03_美佳,C002_003,C002_006c_IC03.wav
C002_006c,C002_004,IC02_遥,C002_004,C002_006c_IC02.wav
C002_006c,C002_005,N101_水野,C002_005,--
C002_007,C002,IC01_日野,C002_000,C002_007_IC01.wav
C002_007,C002_001,IC02_智也,C002_001,C002_007_IC02.wav
C002_007,C002_002,IC03_正和,C002_002,C002_007_IC03.wav
C002_008,C002,IC01_日野,C002_000,C002_008_IC01.wav
C002_008,C002_002,IC03_正和,C002_002,C002_008_IC03.wav
C002_008,C002_012,Z101_スタッフ,C002_012,--
C002_013a,C002,IC01_日野,C002_000,C002_013a_IC01.wav
C002_013a,C002_006,IC02_しげ子,C002_006,C002_013a_IC02.wav
C002_013b,C002,IC01_日野,C002_000,C002_013b_IC01.wav
C002_013b,C002_006,IC02_しげ子,C002_006,C002_013b_IC02.wav
C002_014a,C002,N10A_日野,C002_000,--
C002_014a,C002_007,N20A_加奈子,C002_007,--
C002_014a,C002_008,IC03_山下,C002_008,C002_014a_IC03.wav
C002_014b,C002,N10A_日野,C002_000,--
C002_014b,C002_007,N20A_加奈子,C002_007,--
C002_014b,C002_008,IC03_山下,C002_008,C002_014b_IC03.wav
C002_015,C002,IC01_日野,C002_000,C002_015_IC01.wav
C002_015,C002_009,IC02_依田,C002_009,C002_015_IC02.wav
C002_015,C002_010,IC03_小島,C002_010,C002_015_IC03.wav
C002_016,C002,IC01_日野,C002_000,C002_016_IC01.wav
C002_016,C002_011,IC02_さくら,C002_011,C002_016_IC02.wav
C002_016,C002_013,Z10B_店員,C002_013,--
K001_003a,K001,IC01_萌,K001_000,K001_003a_IC01.wav
K001_003a,K001_003,IC02_玲奈,K001_003,K001_003a_IC02.wav
K001_003a,K001_004,IC03_佐久,K001_004,K001_003a_IC03.wav
K001_003b,K001,IC01_萌,K001_000,K001_003b_IC01.wav
K001_003b,K001_003,IC02_玲奈,K001_003,K001_003b_IC02.wav
K001_003b,K001_004,IC03_佐久,K001_004,K001_003b_IC03.wav
K001_004,K001,IC01_萌,K001_000,K001_004_IC01.wav
K001_004,K001_005,IC02_綾子,K001_005,K001_004_IC02.wav
K001_008,K001,IC01_萌,K001_000,K001_008_IC01.wav
K001_008,K001_009,IC02_郁,K001_009,K001_008_IC02.wav
K001_009,K001,IC01_萌,K001_000,K001_009_IC01.wav
K001_009,K001_010,IC02_智,K001_010,K001_009_IC02.wav
K001_010,K001,IC01_萌,K001_000,K001_010_IC01.wav
K001_010,K001_011,IC02_愛子,K001_011,K001_010_IC02.wav
K001_011,K001,IC01_萌,K001_000,K001_011_IC01.wav
K001_011,K001_013,IC02_奈津子,K001_013,K001_011_IC02.wav
K001_013,K001,IC01_萌,K001_000,K001_013_IC01.wav
K001_013,K001_004,IC02_佐久,K001_004,K001_013_IC02.wav
K001_013,K001_012,IC03_いっくん,K001_012,K001_013_IC03.wav
K001_013,K001_025,Z10A_店員,K001_025,--
K001_014,K001,IC01_萌,K001_000,K001_014_IC01.wav
K001_014,K001_013,IC02_奈津子,K001_013,K001_014_IC02.wav
K001_014,K001_026,Z101_店員,K001_026,--
K001_016,K001,IC01_萌,K001_000,K001_016_IC01.wav
K001_016,K001_014,IC02_中根,K001_014,K001_016_IC02.wav
K001_016,K001_015,IC04_舞,K001_015,K001_016_IC04.wav
K001_016,K001_016,IC03_健,K001_016,K001_016_IC03.wav
K001_016,K001_017,N104_沙知,K001_017,--
K001_017,K001,IC01_萌,K001_000,K001_017_IC01.wav
K001_017,K001_018,IC02_歩,K001_018,K001_017_IC02.wav
K001_017,K001_027,Z10A_店員,K001_027,--
K001_019,K001,IC01_萌,K001_000,K001_019_IC01.wav
K001_019,K001_021,IC02_千佳,K001_021,K001_019_IC02.wav
K002_003a,K002,IC01_杉田,K002_000,K002_003a_IC01.wav
K002_003a,K002_004,IC02_中沢,K002_004,K002_003a_IC02.wav
K002_003b,K002,IC01_杉田,K002_000,K002_003b_IC01.wav
K002_003b,K002_002,N10A_ケンチャン,K002_002,--
K002_003b,K002_003,N20A_沙織,K002_003,--
K002_003b,K002_004,IC02_中沢,K002_004,K002_003b_IC02.wav
K002_004,K002,IC01_杉田,K002_000,K002_004_IC01.wav
K002_004,K002_005,IC02_川内,K002_005,K002_004_IC02.wav
K002_004,K002_019,Z101_取引先,K002_019,--
K002_004,K002_021,Z201_よっしー,K002_021,--
K002_007,K002,IC01_杉田,K002_000,K002_007_IC01.wav
K002_007,K002_003,IC02_沙織,K002_003,K002_007_IC02.wav
K002_010,K002,IC01_杉田,K002_000,K002_010_IC01.wav
K002_010,K002_009,IC02_優子,K002_009,K002_010_IC02.wav
K002_010,K002_017,Z10B_店員,K002_017,--
K002_012,K002,IC01_杉田,K002_000,K002_012_IC01.wav
K002_012,K002_008,N101_朔也,K002_008,--
K002_012,K002_011,IC02_咲子,K002_011,K002_012_IC02.wav
K002_014,K002,IC01_杉田,K002_000,K002_014_IC01.wav
K002_014,K002_008,IC03_朔也,K002_008,K002_014_IC03.wav
K002_014,K002_015,IC02_夫,K002_015,K002_014_IC02.wav
K002_014,K002_020,Z101_スタッフ,K002_020,--
K002_015,K002,IC01_杉田,K002_000,K002_015_IC01.wav
K002_015,K002_007,N10A_三上,K002_007,--
K002_015,K002_008,IC02_朔也,K002_008,K002_015_IC02.wav
K002_015,K002_015,IC03_夫,K002_015,K002_015_IC03.wav
K002_016,K002,IC01_杉田,K002_000,K002_016_IC01.wav
K002_016,K002_007,IC02_三上,K002_007,K002_016_IC02.wav
K002_017,K002,IC01_杉田,K002_000,K002_017_IC01.wav
K002_017,K002_003,IC02_沙織,K002_003,K002_017_IC02.wav
K002_017,K002_008,IC03_朔也,K002_008,K002_017_IC03.wav
K002_018,K002,IC01_杉田,K002_000,K002_018_IC01.wav
K002_018,K002_006,IC03_はるか,K002_006,K002_018_IC03.wav
K002_018,K002_007,IC04_三上,K002_007,K002_018_IC04.wav
K002_018,K002_016,IC02_美鈴,K002_016,K002_018_IC02.wav
K002_018,K002_018,Z10A_店員,K002_018,--
K003_002a,K003,IC01_詩織,K003_000,K003_002a_IC01.wav
K003_002a,K003_001,IC02_春菜,K003_001,K003_002a_IC02.wav
K003_002b,K003,IC01_詩織,K003_000,K003_002b_IC01.wav
K003_002b,K003_001,IC02_春菜,K003_001,K003_002b_IC02.wav
K003_002c,K003,IC01_詩織,K003_000,K003_002c_IC01.wav
K003_002c,K003_001,IC02_春菜,K003_001,K003_002c_IC02.wav
K003_002d,K003,IC01_詩織,K003_000,K003_002d_IC01.wav
K003_002d,K003_001,IC02_春菜,K003_001,K003_002d_IC02.wav
K003_003,K003,IC01_詩織,K003_000,K003_003_IC01.wav
K003_003,K003_003,IC02_母,K003_003,K003_003_IC02.wav
K003_005,K003,IC01_詩織,K003_000,K003_005_IC01.wav
K003_005,K003_004,IC02_あかり,K003_004,K003_005_IC02.wav
K003_006,K003,IC03_詩織,K003_000,K003_006_IC03.wav
K003_006,K003_005,IC02_由佳,K003_005,K003_006_IC02.wav
K003_008,K003,IC03_詩織,K003_000,K003_008_IC03.wav
K003_008,K003_006,IC02_ゆう,K003_006,K003_008_IC02.wav
K003_012a,K003,IC03_詩織,K003_000,K003_012a_IC03.wav
K003_012a,K003_008,IC02_さっちー,K003_008,K003_012a_IC02.wav
K003_012a,K003_011,Z103_店員,K003_011,--
K003_012b,K003,IC03_詩織,K003_000,K003_012b_IC03.wav
K003_012b,K003_008,IC02_さっちー,K003_008,K003_012b_IC02.wav
K003_012b,K003_012,Z102_店員,K003_012,--
K003_013a,K003,IC03_詩織,K003_000,K003_013a_IC03.wav
K003_013a,K003_003,IC02_母,K003_003,K003_013a_IC02.wav
K003_013a,K003_007,IC04_父,K003_007,K003_013a_IC04.wav
K003_013b,K003,IC03_詩織,K003_000,K003_013b_IC03.wav
K003_013b,K003_003,IC02_母,K003_003,K003_013b_IC02.wav
K003_013b,K003_007,IC04_父,K003_007,K003_013b_IC04.wav
K003_014,K003,IC03_詩織,K003_000,K003_014_IC03.wav
K003_014,K003_003,IC02_母,K003_003,K003_014_IC02.wav
K003_014,K003_007,IC04_父,K003_007,K003_014_IC04.wav
K003_017,K003,IC03_詩織,K003_000,K003_017_IC03.wav
K003_017,K003_005,IC02_由佳,K003_005,K003_017_IC02.wav
K004_001,K004,IC01_島村,K004_000,K004_001_IC01.wav
K004_001,K004_005,IC02_母,K004_005,K004_001_IC02.wav
K004_005,K004,N10B_島村,K004_000,--
K004_005,K004_006,IC05_小島,K004_006,K004_005_IC05.wav
K004_005,K004_024,N20B_翔,K004_024,--
K004_005,K004_025,N30B_環奈,K004_025,--
K004_007,K004,IC01_島村,K004_000,K004_007_IC01.wav
K004_007,K004_003,IC04_聡太郎,K004_003,K004_007_IC04.wav
K004_008,K004,IC01_島村,K004_000,K004_008_IC01.wav
K004_008,K004_007,IC05_すみれ,K004_007,K004_008_IC05.wav
K004_008,K004_008,IC06_はるな,K004_008,K004_008_IC06.wav
K004_010,K004,IC01_島村,K004_000,K004_010_IC01.wav
K004_010,K004_009,IC02_歯科医,K004_009,K004_010_IC02.wav
K004_010,K004_010,IC03_助手,K004_010,K004_010_IC03.wav
K004_011,K004,IC01_島村,K004_000,K004_011_IC01.wav
K004_011,K004_001,IC02_謙三郎,K004_001,K004_011_IC02.wav
K004_012,K004,IC01_島村,K004_000,K004_012_IC01.wav
K004_012,K004_011,IC02_長門,K004_011,K004_012_IC02.wav
K004_012,K004_012,IC03_木場,K004_012,K004_012_IC03.wav
K004_012,K004_013,IC04_恩田,K004_013,K004_012_IC04.wav
K004_012,K004_014,IC06_磯村,K004_014,K004_012_IC06.wav
K004_013,K004,IC01_島村,K004_000,K004_013_IC01.wav
K004_013,K004_015,N10A_長尾,K004_015,--
K004_013,K004_016,IC02_佐和,K004_016,K004_013_IC02.wav
K004_013,K004_017,IC04_米山,K004_017,K004_013_IC04.wav
K004_013,K004_018,IC03_篠崎,K004_018,K004_013_IC03.wav
K004_015,K004,IC01_島村,K004_000,K004_015_IC01.wav
K004_015,K004_020,IC03_美穂,K004_020,K004_015_IC03.wav
K004_015,K004_021,N10A_涼,K004_021,--
K004_015,K004_022,N20A_真紀,K004_022,--
K004_015,K004_026,Z10A_店員,K004_026,--
K004_017,K004,IC01_島村,K004_000,K004_017_IC01.wav
K004_017,K004_001,IC03_謙三郎,K004_001,K004_017_IC03.wav
K004_017,K004_002,IC04_悠次郎,K004_002,K004_017_IC04.wav
K004_017,K004_003,IC02_聡太郎,K004_003,K004_017_IC02.wav
K004_020,K004,IC01_島村,K004_000,K004_020_IC01.wav
K004_020,K004_001,IC02_謙三郎,K004_001,K004_020_IC02.wav
K004_020,K004_002,IC03_悠次郎,K004_002,K004_020_IC03.wav
K004_020,K004_003,IC04_聡太郎,K004_003,K004_020_IC04.wav
K004_022,K004,IC01_島村,K004_000,K004_022_IC01.wav
K004_022,K004_003,IC02_聡太郎,K004_003,K004_022_IC02.wav
K004_022,K004_004,IC04_智明,K004_004,K004_022_IC04.wav
K004_022,K004_023,IC03_紀子,K004_023,K004_022_IC03.wav
K005_001,K005,IC03_昌美,K005_000,K005_001_IC03.wav
K005_001,K005_001,IC01_辰雄,K005_001,K005_001_IC01.wav
K005_001,K005_002,IC02_和代,K005_002,K005_001_IC02.wav
K005_002,K005,IC01_昌美,K005_000,K005_002_IC01.wav
K005_002,K005_003,IC02_義則,K005_003,K005_002_IC02.wav
K005_003,K005,IC01_昌美,K005_000,K005_003_IC01.wav
K005_003,K005_001,IC04_辰雄,K005_001,K005_003_IC04.wav
K005_003,K005_002,IC02_和代,K005_002,K005_003_IC02.wav
K005_003,K005_004,IC03_哲也,K005_004,K005_003_IC03.wav
K005_005,K005,IC01_昌美,K005_000,K005_005_IC01.wav
K005_005,K005_006,IC02_律子,K005_006,K005_005_IC02.wav
K005_006,K005,IC01_昌美,K005_000,K005_006_IC01.wav
K005_006,K005_012,IC02_房,K005_012,K005_006_IC02.wav
K005_012,K005,IC06_昌美,K005_000,K005_012_IC06.wav
K005_012,K005_001,IC04_辰雄,K005_001,K005_012_IC04.wav
K005_012,K005_002,IC03_和代,K005_002,K005_012_IC03.wav
K005_012,K005_012,IC05_房,K005_012,K005_012_IC05.wav
K005_016,K005,IC03_昌美,K005_000,K005_016_IC03.wav
K005_016,K005_008,IC05_若菜,K005_008,K005_016_IC05.wav
K005_019a,K005,IC03_昌美,K005_000,K005_019a_IC03.wav
K005_019a,K005_004,IC05_哲也,K005_004,K005_019a_IC05.wav
K005_019b,K005,IC03_昌美,K005_000,K005_019b_IC03.wav
K005_019b,K005_004,IC05_哲也,K005_004,K005_019b_IC05.wav
K005_020,K005,IC03_昌美,K005_000,K005_020_IC03.wav
K005_020,K005_001,IC05_辰雄,K005_001,K005_020_IC05.wav
K005_021a,K005,N10A_昌美,K005_000,--
K005_021a,K005_010,IC05_理恵子,K005_010,K005_021a_IC05.wav
K005_021a,K005_011,N20A_矢恵,K005_011,--
K005_021a,K005_016,N30A_敦志,K005_016,--
K005_021a,K005_017,Z40A_友人の夫,K005_017,--
K005_021b,K005,N10A_昌美,K005_000,--
K005_021b,K005_010,IC05_理恵子,K005_010,K005_021b_IC05.wav
K005_021b,K005_011,N20A_矢恵,K005_011,--
K005_021b,K005_016,N30A_敦志,K005_016,--
K005_024,K005,N20A_昌美,K005_000,--
K005_024,K005_001,N30A_辰雄,K005_001,--
K005_024,K005_002,N10A_和代,K005_002,--
K005_027,K005,IC06_昌美,K005_000,K005_027_IC06.wav
K005_027,K005_013,N10A_美穂,K005_013,--
K005_027,K005_014,IC04_折井,K005_014,K005_027_IC04.wav
K005_028,K005,IC06_昌美,K005_000,K005_028_IC06.wav
K005_028,K005_015,IC04_礼司,K005_015,K005_028_IC04.wav
K005_031,K005,IC06_昌美,K005_000,K005_031_IC06.wav
K005_031,K005_006,IC03_律子,K005_006,K005_031_IC03.wav
K005_033,K005,IC06_昌美,K005_000,K005_033_IC06.wav
K005_033,K005_015,IC05_礼司,K005_015,K005_033_IC05.wav
K006_002a,K006,IC01_広子,K006_000,K006_002a_IC01.wav
K006_002a,K006_001,IC02_軽部,K006_001,K006_002a_IC02.wav
K006_002b,K006,IC01_広子,K006_000,K006_002b_IC01.wav
K006_002b,K006_001,IC02_軽部,K006_001,K006_002b_IC02.wav
K006_003a,K006,IC01_広子,K006_000,K006_003a_IC01.wav
K006_003a,K006_001,IC02_軽部,K006_001,K006_003a_IC02.wav
K006_003b,K006,IC01_広子,K006_000,K006_003b_IC01.wav
K006_003b,K006_001,IC02_軽部,K006_001,K006_003b_IC02.wav
K006_006,K006,IC01_広子,K006_000,K006_006_IC01.wav
K006_006,K006_001,IC02_軽部,K006_001,K006_006_IC02.wav
K006_009,K006,IC02_広子,K006_000,K006_009_IC02.wav
K006_009,K006_007,IC01_安村,K006_007,K006_009_IC01.wav
K006_011,K006,IC01_広子,K006_000,K006_011_IC01.wav
K006_011,K006_008,IC02_千早,K006_008,K006_011_IC02.wav
K006_011,K006_021,Z10A_客,K006_021,--
K006_013,K006,IC01_広子,K006_000,K006_013_IC01.wav
K006_013,K006_001,IC02_軽部,K006_001,K006_013_IC02.wav
K006_016,K006,IC01_広子,K006_000,K006_016_IC01.wav
K006_016,K006_013,IC02_美代子,K006_013,K006_016_IC02.wav
K006_017,K006,IC01_広子,K006_000,K006_017_IC01.wav
K006_017,K006_009,IC03_矢沢,K006_009,K006_017_IC03.wav
K006_017,K006_014,IC02_小林,K006_014,K006_017_IC02.wav
K006_018,K006,IC01_広子,K006_000,K006_018_IC01.wav
K006_018,K006_012,IC02_大杉,K006_012,K006_018_IC02.wav
K006_020,K006,IC01_広子,K006_000,K006_020_IC01.wav
K006_020,K006_016,IC02_静香,K006_016,K006_020_IC02.wav
K006_021,K006,IC01_広子,K006_000,K006_021_IC01.wav
K006_021,K006_001,IC02_軽部,K006_001,K006_021_IC02.wav
K006_021,K006_017,IC03_夏目,K006_017,K006_021_IC03.wav
K006_023,K006,IC01_広子,K006_000,K006_023_IC01.wav
K006_023,K006_018,IC02_名取,K006_018,K006_023_IC02.wav
K007_001,K007,IC01_湯本,K007_000,K007_001_IC01.wav
K007_001,K007_001,IC02_岩城,K007_001,K007_001_IC02.wav
K007_003,K007,IC01_湯本,K007_000,K007_003_IC01.wav
K007_003,K007_003,N10A_花梨,K007_003,--
K007_005,K007,IC01_湯本,K007_000,K007_005_IC01.wav
K007_005,K007_004,IC02_三崎,K007_004,K007_005_IC02.wav
K007_006,K007,IC01_湯本,K007_000,K007_006_IC01.wav
K007_006,K007_003,IC02_花梨,K007_003,K007_006_IC02.wav
K007_007,K007,IC01_湯本,K007_000,K007_007_IC01.wav
K007_007,K007_004,IC02_三崎,K007_004,K007_007_IC02.wav
K007_008,K007,IC01_湯本,K007_000,K007_008_IC01.wav
K007_008,K007_003,N10A_花梨,K007_003,--
K007_008,K007_005,IC02_白石,K007_005,K007_008_IC02.wav
K007_013,K007,IC01_湯本,K007_000,K007_013_IC01.wav
K007_013,K007_003,IC02_花梨,K007_003,K007_013_IC02.wav
K007_014,K007,IC01_湯本,K007_000,K007_014_IC01.wav
K007_014,K007_003,IC02_花梨,K007_003,K007_014_IC02.wav
K007_015,K007,IC01_湯本,K007_000,K007_015_IC01.wav
K007_015,K007_003,IC02_花梨,K007_003,K007_015_IC02.wav
K007_016,K007,IC01_湯本,K007_000,K007_016_IC01.wav
K007_016,K007_006,IC02_笹川,K007_006,K007_016_IC02.wav
K007_016,K007_013,Z101_学生,K007_013,--
K007_017,K007,IC01_湯本,K007_000,K007_017_IC01.wav
K007_017,K007_003,IC02_花梨,K007_003,K007_017_IC02.wav
K007_018,K007,IC01_湯本,K007_000,K007_018_IC01.wav
K007_018,K007_004,IC02_三崎,K007_004,K007_018_IC02.wav
K007_018,K007_006,IC06_笹川,K007_006,K007_018_IC06.wav
K007_018,K007_007,IC04_相原,K007_007,K007_018_IC04.wav
K007_018,K007_008,N10A_樋口,K007_008,--
K007_018,K007_009,IC03_佐伯,K007_009,K007_018_IC03.wav
K007_018,K007_010,IC05_蓮,K007_010,K007_018_IC05.wav
K007_019,K007,IC01_湯本,K007_000,K007_019_IC01.wav
K007_019,K007_004,IC02_三崎,K007_004,K007_019_IC02.wav
K007_019,K007_007,IC03_相原,K007_007,K007_019_IC03.wav
K007_020,K007,IC01_湯本,K007_000,K007_020_IC01.wav
K007_020,K007_011,IC02_土屋,K007_011,K007_020_IC02.wav
K008_001a,K008,IC03_久美,K008_000,K008_001a_IC03.wav
K008_001a,K008_001,IC01_深石,K008_001,K008_001a_IC01.wav
K008_001a,K008_002,IC02_鶴賀,K008_002,K008_001a_IC02.wav
K008_001b,K008,IC03_久美,K008_000,K008_001b_IC03.wav
K008_001b,K008_001,IC01_深石,K008_001,K008_001b_IC01.wav
K008_001b,K008_002,IC02_鶴賀,K008_002,K008_001b_IC02.wav
K008_002,K008,IC01_久美,K008_000,K008_002_IC01.wav
K008_002,K008_003,N10A_義母,K008_003,--
K008_003,K008,IC01_久美,K008_000,K008_003_IC01.wav
K008_003,K008_004,IC02_和則,K008_004,K008_003_IC02.wav
K008_004a,K008,IC01_久美,K008_000,K008_004a_IC01.wav
K008_004a,K008_005,IC02_栗木,K008_005,K008_004a_IC02.wav
K008_004b,K008,IC01_久美,K008_000,K008_004b_IC01.wav
K008_004b,K008_005,IC02_栗木,K008_005,K008_004b_IC02.wav
K008_004b,K008_019,Z10A_業者,K008_019,--
K008_004b,K008_020,Z20A_業者,K008_020,--
K008_005,K008,IC01_久美,K008_000,K008_005_IC01.wav
K008_005,K008_006,IC02_母,K008_006,K008_005_IC02.wav
K008_005,K008_007,N101_父,K008_007,--
K008_010,K008,IC01_久美,K008_000,K008_010_IC01.wav
K008_010,K008_011,IC02_美和子,K008_011,K008_010_IC02.wav
K008_010,K008_022,Z10A_店員,K008_022,--
K008_013,K008,IC01_久美,K008_000,K008_013_IC01.wav
K008_013,K008_004,IC02_和則,K008_004,K008_013_IC02.wav
K008_013,K008_021,Z102_スタッフ,K008_021,--
K008_015,K008,IC01_久美,K008_000,K008_015_IC01.wav
K008_015,K008_013,IC02_道枝,K008_013,K008_015_IC02.wav
K008_015,K008_023,Z101_店員,K008_023,--
K008_015,K008_024,Z201_店員,K008_024,--
K008_016,K008,IC01_久美,K008_000,K008_016_IC01.wav
K008_016,K008_014,IC02_理代子,K008_014,K008_016_IC02.wav
K008_016,K008_025,Z10A_店員,K008_025,--
K008_019,K008,IC01_久美,K008_000,K008_019_IC01.wav
K008_019,K008_004,IC04_和則,K008_004,K008_019_IC04.wav
K008_019,K008_006,IC03_母,K008_006,K008_019_IC03.wav
K008_019,K008_007,IC02_父,K008_007,K008_019_IC02.wav
K009_002,K009,IC01_美乃梨,K009_000,K009_002_IC01.wav
K009_002,K009_005,IC02_登美男,K009_005,K009_002_IC02.wav
K009_002,K009_006,IC03_紀世子,K009_006,K009_002_IC03.wav
K009_003,K009,IC01_美乃梨,K009_000,K009_003_IC01.wav
K009_003,K009_005,IC02_登美男,K009_005,K009_003_IC02.wav
K009_003,K009_006,IC03_紀世子,K009_006,K009_003_IC03.wav
K009_006,K009,IC01_美乃梨,K009_000,K009_006_IC01.wav
K009_006,K009_006,IC02_紀世子,K009_006,K009_006_IC02.wav
K009_006,K009_012,IC05_治和,K009_012,K009_006_IC05.wav
K009_006,K009_013,IC03_トシ子,K009_013,K009_006_IC03.wav
K009_006,K009_014,IC04_他吉,K009_014,K009_006_IC04.wav
K009_007,K009,IC01_美乃梨,K009_000,K009_007_IC01.wav
K009_007,K009_015,IC02_尚美,K009_015,K009_007_IC02.wav
K009_008,K009,IC01_美乃梨,K009_000,K009_008_IC01.wav
K009_008,K009_005,IC02_登美男,K009_005,K009_008_IC02.wav
K009_008,K009_006,IC03_紀世子,K009_006,K009_008_IC03.wav
K009_009a,K009,IC01_美乃梨,K009_000,K009_009a_IC01.wav
K009_009a,K009_016,IC03_山中,K009_016,K009_009a_IC03.wav
K009_009a,K009_017,IC02_江袋,K009_017,K009_009a_IC02.wav
K009_009a,K009_018,IC04_田本,K009_018,K009_009a_IC04.wav
K009_009a,K009_019,IC05_今瀬,K009_019,K009_009a_IC05.wav
K009_009b,K009,IC01_美乃梨,K009_000,K009_009b_IC01.wav
K009_009b,K009_016,IC03_山中,K009_016,K009_009b_IC03.wav
K009_009b,K009_017,IC02_江袋,K009_017,K009_009b_IC02.wav
K009_009b,K009_018,IC04_田本,K009_018,K009_009b_IC04.wav
K009_009b,K009_019,IC05_今瀬,K009_019,K009_009b_IC05.wav
K009_009b,K009_025,N30A_岩瀬,K009_025,--
K009_009b,K009_030,N20A_井ノ部,K009_030,--
K009_009b,K009_032,N101_郷田,K009_032,--
K009_010,K009,IC01_美乃梨,K009_000,K009_010_IC01.wav
K009_010,K009_001,IC02_会沢,K009_001,K009_010_IC02.wav
K009_010,K009_007,IC03_加藤,K009_007,K009_010_IC03.wav
K009_011,K009,IC01_美乃梨,K009_000,K009_011_IC01.wav
K009_011,K009_006,IC02_紀世子,K009_006,K009_011_IC02.wav
K009_011,K009_013,IC03_トシ子,K009_013,K009_011_IC03.wav
K009_011,K009_014,IC04_他吉,K009_014,K009_011_IC04.wav
K009_012,K009,IC01_美乃梨,K009_000,K009_012_IC01.wav
K009_012,K009_006,IC02_紀世子,K009_006,K009_012_IC02.wav
K009_012,K009_020,IC03_キミ子,K009_020,K009_012_IC03.wav
K009_012,K009_021,IC04_雅代,K009_021,K009_012_IC04.wav
K009_014,K009,IC01_美乃梨,K009_000,K009_014_IC01.wav
K009_014,K009_001,IC03_会沢,K009_001,K009_014_IC03.wav
K009_014,K009_004,IC02_神田,K009_004,K009_014_IC02.wav
K009_015,K009,IC01_美乃梨,K009_000,K009_015_IC01.wav
K009_015,K009_016,N10A_山中,K009_016,--
K009_015,K009_017,IC02_江袋,K009_017,K009_015_IC02.wav
K009_015,K009_023,IC03_友澤,K009_023,K009_015_IC03.wav
K009_015,K009_024,IC05_奥島,K009_024,K009_015_IC05.wav
K009_015,K009_025,IC06_岩瀬,K009_025,K009_015_IC06.wav
K009_016a,K009,IC01_美乃梨,K009_000,K009_016a_IC01.wav
K009_016a,K009_006,IC02_紀世子,K009_006,K009_016a_IC02.wav
K009_016a,K009_026,IC03_つや子,K009_026,K009_016a_IC03.wav
K009_016a,K009_027,IC04_八重子,K009_027,K009_016a_IC04.wav
K009_016b,K009,IC01_美乃梨,K009_000,K009_016b_IC01.wav
K009_016b,K009_006,IC02_紀世子,K009_006,K009_016b_IC02.wav
K009_016b,K009_026,IC03_つや子,K009_026,K009_016b_IC03.wav
K009_016b,K009_027,IC04_八重子,K009_027,K009_016b_IC04.wav
K009_019,K009,IC01_美乃梨,K009_000,K009_019_IC01.wav
K009_019,K009_001,IC06_会沢,K009_001,K009_019_IC06.wav
K009_019,K009_017,IC02_江袋,K009_017,K009_019_IC02.wav
K009_019,K009_018,IC04_田本,K009_018,K009_019_IC04.wav
K009_019,K009_023,IC03_友澤,K009_023,K009_019_IC03.wav
K009_019,K009_025,IC05_岩瀬,K009_025,K009_019_IC05.wav
K009_019,K009_035,Z10A_店員,K009_035,--
K010_001,K010,IC01_樫田,K010_000,K010_001_IC01.wav
K010_001,K010_001,IC02_妻,K010_001,K010_001_IC02.wav
K010_001,K010_002,IC03_紗矢,K010_002,K010_001_IC03.wav
K010_003a,K010,IC01_樫田,K010_000,K010_003a_IC01.wav
K010_003a,K010_003,N10A_早瀬,K010_003,--
K010_003b,K010,IC01_樫田,K010_000,K010_003b_IC01.wav
K010_003b,K010_003,N10A_早瀬,K010_003,--
K010_004a,K010,IC01_樫田,K010_000,K010_004a_IC01.wav
K010_004a,K010_004,N10A_広岡,K010_004,--
K010_004b,K010,IC01_樫田,K010_000,K010_004b_IC01.wav
K010_004b,K010_004,N10A_広岡,K010_004,--
K010_005a,K010,IC01_樫田,K010_000,K010_005a_IC01.wav
K010_005a,K010_005,IC03_岸尾,K010_005,K010_005a_IC03.wav
K010_005a,K010_023,Z10A_店員,K010_023,--
K010_005b,K010,IC01_樫田,K010_000,K010_005b_IC01.wav
K010_005b,K010_005,IC03_岸尾,K010_005,K010_005b_IC03.wav
K010_005b,K010_023,Z10A_店員,K010_023,--
K010_006,K010,IC01_樫田,K010_000,K010_006_IC01.wav
K010_006,K010_006,IC03_杉村,K010_006,K010_006_IC03.wav
K010_008,K010,IC01_樫田,K010_000,K010_008_IC01.wav
K010_008,K010_009,IC02_弟,K010_009,K010_008_IC02.wav
K010_011a,K010,IC01_樫田,K010_000,K010_011a_IC01.wav
K010_011a,K010_012,IC03_岸辺,K010_012,K010_011a_IC03.wav
K010_011a,K010_013,IC04_森脇,K010_013,K010_011a_IC04.wav
K010_011b,K010,IC01_樫田,K010_000,K010_011b_IC01.wav
K010_011b,K010_013,IC04_森脇,K010_013,K010_011b_IC04.wav
K010_012a,K010,IC01_樫田,K010_000,K010_012a_IC01.wav
K010_012a,K010_006,IC04_杉村,K010_006,K010_012a_IC04.wav
K010_012a,K010_014,IC02_経塚,K010_014,K010_012a_IC02.wav
K010_012a,K010_024,Z10B_店員,K010_024,--
K010_012b,K010,IC01_樫田,K010_000,K010_012b_IC01.wav
K010_012b,K010_006,IC04_杉村,K010_006,K010_012b_IC04.wav
K010_012b,K010_014,IC02_経塚,K010_014,K010_012b_IC02.wav
K010_013a,K010,IC01_樫田,K010_000,K010_013a_IC01.wav
K010_013a,K010_015,IC03_高倉,K010_015,K010_013a_IC03.wav
K010_013b,K010,IC01_樫田,K010_000,K010_013b_IC01.wav
K010_013b,K010_015,IC03_高倉,K010_015,K010_013b_IC03.wav
K010_015,K010,IC01_樫田,K010_000,K010_015_IC01.wav
K010_015,K010_003,IC02_早瀬,K010_003,K010_015_IC02.wav
K010_015,K010_007,IC04_村井,K010_007,K010_015_IC04.wav
K010_015,K010_020,IC03_大沢,K010_020,K010_015_IC03.wav
K010_016,K010,IC01_樫田,K010_000,K010_016_IC01.wav
K010_016,K010_001,IC04_妻,K010_001,K010_016_IC04.wav
K010_016,K010_002,IC03_紗矢,K010_002,K010_016_IC03.wav
K010_017,K010,IC01_樫田,K010_000,K010_017_IC01.wav
K010_017,K010_001,IC03_妻,K010_001,K010_017_IC03.wav
K011_002,K011,IC01_川原,K011_000,K011_002_IC01.wav
K011_002,K011_003,IC02_木内,K011_003,K011_002_IC02.wav
K011_002,K011_004,IC03_達也,K011_004,K011_002_IC03.wav
K011_002,K011_005,IC04_凛,K011_005,K011_002_IC04.wav
K011_004,K011,IC01_川原,K011_000,K011_004_IC01.wav
K011_004,K011_001,IC02_幹也,K011_001,K011_004_IC02.wav
K011_004,K011_002,IC03_健斗,K011_002,K011_004_IC03.wav
K011_004,K011_009,IC04_駿介,K011_009,K011_004_IC04.wav
K011_005,K011,IC01_川原,K011_000,K011_005_IC01.wav
K011_005,K011_010,IC02_内海,K011_010,K011_005_IC02.wav
K011_007,K011,IC01_川原,K011_000,K011_007_IC01.wav
K011_007,K011_014,IC02_藤井,K011_014,K011_007_IC02.wav
K011_007,K011_015,IC03_小森,K011_015,K011_007_IC03.wav
K011_007,K011_037,Z10B_店員,K011_037,--
K011_009a,K011,IC01_川原,K011_000,K011_009a_IC01.wav
K011_009a,K011_017,IC02_寺島,K011_017,K011_009a_IC02.wav
K011_009b,K011,IC01_川原,K011_000,K011_009b_IC01.wav
K011_009b,K011_017,IC02_寺島,K011_017,K011_009b_IC02.wav
K011_015,K011,IC01_川原,K011_000,K011_015_IC01.wav
K011_015,K011_001,IC02_幹也,K011_001,K011_015_IC02.wav
K011_015,K011_009,IC03_駿介,K011_009,K011_015_IC03.wav
K011_016a,K011,IC01_川原,K011_000,K011_016a_IC01.wav
K011_016a,K011_032,IC02_志村,K011_032,K011_016a_IC02.wav
K011_016a,K011_033,IC03_美代子,K011_033,K011_016a_IC03.wav
K011_016a,K011_035,N10A_井上,K011_035,--
K011_016b,K011,IC01_川原,K011_000,K011_016b_IC01.wav
K011_016b,K011_032,IC02_志村,K011_032,K011_016b_IC02.wav
K011_016b,K011_033,IC03_美代子,K011_033,K011_016b_IC03.wav
K011_016b,K011_035,N10A_井上,K011_035,--
K011_018,K011,IC01_川原,K011_000,K011_018_IC01.wav
K011_018,K011_031,IC03_美佳子,K011_031,K011_018_IC03.wav
K011_018,K011_036,IC02_香澄,K011_036,K011_018_IC02.wav
K011_019a,K011,IC01_川原,K011_000,K011_019a_IC01.wav
K011_019a,K011_031,IC03_美佳子,K011_031,K011_019a_IC03.wav
K011_019a,K011_036,IC02_香澄,K011_036,K011_019a_IC02.wav
K011_019b,K011,IC01_川原,K011_000,K011_019b_IC01.wav
K011_019b,K011_031,IC03_美佳子,K011_031,K011_019b_IC03.wav
K011_019b,K011_036,IC02_香澄,K011_036,K011_019b_IC02.wav
K012_001,K012,IC01_平沢,K012_000,K012_001_IC01.wav
K012_001,K012_001,IC02_葉山,K012_001,K012_001_IC02.wav
K012_002a,K012,IC01_平沢,K012_000,K012_002a_IC01.wav
K012_002a,K012_002,IC02_津島,K012_002,K012_002a_IC02.wav
K012_002b,K012,IC01_平沢,K012_000,K012_002b_IC01.wav
K012_002b,K012_002,IC02_津島,K012_002,K012_002b_IC02.wav
K012_002c,K012,IC01_平沢,K012_000,K012_002c_IC01.wav
K012_002c,K012_002,IC02_津島,K012_002,K012_002c_IC02.wav
K012_002d,K012,IC01_平沢,K012_000,K012_002d_IC01.wav
K012_002d,K012_002,IC02_津島,K012_002,K012_002d_IC02.wav
K012_003a,K012,IC01_平沢,K012_000,K012_003a_IC01.wav
K012_003a,K012_003,IC02_竹太郎,K012_003,K012_003a_IC02.wav
K012_003b,K012,IC01_平沢,K012_000,K012_003b_IC01.wav
K012_003b,K012_003,IC02_竹太郎,K012_003,K012_003b_IC02.wav
K012_003c,K012,IC01_平沢,K012_000,K012_003c_IC01.wav
K012_003c,K012_003,IC02_竹太郎,K012_003,K012_003c_IC02.wav
K012_003c,K012_004,IC03_由紀子,K012_004,K012_003c_IC03.wav
K012_004,K012,IC01_平沢,K012_000,K012_004_IC01.wav
K012_004,K012_003,IC02_竹太郎,K012_003,K012_004_IC02.wav
K012_004,K012_005,IC03_志麻子,K012_005,K012_004_IC03.wav
K012_006,K012,IC01_平沢,K012_000,K012_006_IC01.wav
K012_006,K012_003,IC06_竹太郎,K012_003,K012_006_IC06.wav
K012_007a,K012,IC01_平沢,K012_000,K012_007a_IC01.wav
K012_007a,K012_003,IC02_竹太郎,K012_003,K012_007a_IC02.wav
K012_007b,K012,IC01_平沢,K012_000,K012_007b_IC01.wav
K012_007b,K012_003,N10A_竹太郎,K012_003,--
K013_003,K013,IC01_雪江,K013_000,K013_003_IC01.wav
K013_003,K013_002,IC03_鞠江,K013_002,K013_003_IC03.wav
K013_003,K013_004,IC05_祖母,K013_004,K013_003_IC05.wav
K013_004,K013,IC01_雪江,K013_000,K013_004_IC01.wav
K013_004,K013_001,IC02_俊夫,K013_001,K013_004_IC02.wav
K013_009,K013,IC01_雪江,K013_000,K013_009_IC01.wav
K013_009,K013_002,IC03_鞠江,K013_002,K013_009_IC03.wav
K013_009,K013_004,N10A_祖母,K013_004,--
K013_009,K013_005,IC02_奈々恵,K013_005,K013_009_IC02.wav
K013_011,K013,IC01_雪江,K013_000,K013_011_IC01.wav
K013_011,K013_002,IC03_鞠江,K013_002,K013_011_IC03.wav
K013_011,K013_003,IC04_母,K013_003,K013_011_IC04.wav
K013_011,K013_005,IC02_奈々恵,K013_005,K013_011_IC02.wav
K013_012,K013,IC01_雪江,K013_000,K013_012_IC01.wav
K013_012,K013_001,IC06_俊夫,K013_001,K013_012_IC06.wav
K013_017,K013,IC01_雪江,K013_000,K013_017_IC01.wav
K013_017,K013_001,IC06_俊夫,K013_001,K013_017_IC06.wav
K013_019,K013,IC01_雪江,K013_000,K013_019_IC01.wav
K013_019,K013_004,IC02_祖母,K013_004,K013_019_IC02.wav
K013_020,K013,IC01_雪江,K013_000,K013_020_IC01.wav
K013_020,K013_001,IC02_俊夫,K013_001,K013_020_IC02.wav
K013_020,K013_008,IC03_文也,K013_008,K013_020_IC03.wav
K013_020,K013_009,IC04_釣部,K013_009,K013_020_IC04.wav
S001_004,S001,IC01_健,S001_000,S001_004_IC01.wav
S001_004,S001_003,IC06_ななえ,S001_003,S001_004_IC06.wav
S001_004,S001_004,IC03_大柴,S001_004,S001_004_IC03.wav
S001_004,S001_005,N101_翔子,S001_005,--
S001_004,S001_008,IC02_小沢,S001_008,S001_004_IC02.wav
S001_004,S001_009,IC04_園部,S001_009,S001_004_IC04.wav
S001_004,S001_010,IC05_沙矢子,S001_010,S001_004_IC05.wav
S001_006,S001,IC01_健,S001_000,S001_006_IC01.wav
S001_006,S001_005,IC04_翔子,S001_005,S001_006_IC04.wav
S001_006,S001_011,IC03_千紘,S001_011,S001_006_IC03.wav
S001_006,S001_012,IC02_淳,S001_012,S001_006_IC02.wav
S001_011,S001,IC01_健,S001_000,S001_011_IC01.wav
S001_011,S001_005,IC02_翔子,S001_005,S001_011_IC02.wav
S001_011,S001_014,N101_舞,S001_014,--
S001_012,S001,IC01_健,S001_000,S001_012_IC01.wav
S001_012,S001_005,N10A_翔子,S001_005,--
S001_012,S001_006,IC04_康明,S001_006,S001_012_IC04.wav
S001_012,S001_007,IC05_静香,S001_007,S001_012_IC05.wav
S001_012,S001_014,IC02_舞,S001_014,S001_012_IC02.wav
S001_012,S001_015,IC03_智之,S001_015,S001_012_IC03.wav
S001_013,S001,IC01_健,S001_000,S001_013_IC01.wav
S001_013,S001_005,IC02_翔子,S001_005,S001_013_IC02.wav
S001_015,S001,IC01_健,S001_000,S001_015_IC01.wav
S001_015,S001_005,IC04_翔子,S001_005,S001_015_IC04.wav
S001_015,S001_006,IC02_康明,S001_006,S001_015_IC02.wav
S001_015,S001_007,IC03_静香,S001_007,S001_015_IC03.wav
S001_017,S001,IC01_健,S001_000,S001_017_IC01.wav
S001_017,S001_005,N106_翔子,S001_005,--
S001_017,S001_006,IC05_康明,S001_006,S001_017_IC05.wav
S001_017,S001_007,IC06_静香,S001_007,S001_017_IC06.wav
S001_017,S001_016,IC02_戸倉,S001_016,S001_017_IC02.wav
S001_017,S001_017,IC03_真下,S001_017,S001_017_IC03.wav
S001_017,S001_018,IC04_能勢,S001_018,S001_017_IC04.wav
S001_018,S001,IC01_健,S001_000,S001_018_IC01.wav
S001_018,S001_009,IC02_園部,S001_009,S001_018_IC02.wav
S001_018,S001_019,IC03_堀江,S001_019,S001_018_IC03.wav
S001_019,S001,IC01_健,S001_000,S001_019_IC01.wav
S001_019,S001_005,IC03_翔子,S001_005,S001_019_IC03.wav
S001_019,S001_020,IC02_落合,S001_020,S001_019_IC02.wav
S002_001,S002,IC01_山口,S002_000,S002_001_IC01.wav
S002_001,S002_001,IC02_慎,S002_001,S002_001_IC02.wav
S002_001,S002_002,IC04_美香,S002_002,S002_001_IC04.wav
S002_001,S002_003,IC03_真理子,S002_003,S002_001_IC03.wav
S002_001,S002_025,Z102_店員,S002_025,--
S002_003,S002,IC01_山口,S002_000,S002_003_IC01.wav
S002_003,S002_005,IC03_貞,S002_005,S002_003_IC03.wav
S002_003,S002_007,IC02_鶴,S002_007,S002_003_IC02.wav
S002_004,S002,IC01_山口,S002_000,S002_004_IC01.wav
S002_004,S002_001,IC03_慎,S002_001,S002_004_IC03.wav
S002_004,S002_005,IC02_貞,S002_005,S002_004_IC02.wav
S002_004,S002_026,Z103_店員,S002_026,--
S002_004,S002_027,Z203_店員,S002_027,--
S002_005,S002,IC01_山口,S002_000,S002_005_IC01.wav
S002_005,S002_008,IC02_黒岩,S002_008,S002_005_IC02.wav
S002_007,S002,IC01_山口,S002_000,S002_007_IC01.wav
S002_007,S002_011,IC02_長友,S002_011,S002_007_IC02.wav
S002_007,S002_012,IC03_野々山,S002_012,S002_007_IC03.wav
S002_007,S002_013,IC05_迫,S002_013,S002_007_IC05.wav
S002_007,S002_018,IC04_大塚,S002_018,S002_007_IC04.wav
S002_007,S002_028,Z105_店員,S002_028,--
S002_008,S002,IC01_山口,S002_000,S002_008_IC01.wav
S002_008,S002_014,IC02_石川,S002_014,S002_008_IC02.wav
S002_008,S002_015,IC03_渋沢,S002_015,S002_008_IC03.wav
S002_009,S002,IC01_山口,S002_000,S002_009_IC01.wav
S002_009,S002_016,IC02_バルサン,S002_016,S002_009_IC02.wav
S002_009,S002_017,IC03_吉田,S002_017,S002_009_IC03.wav
S002_009,S002_031,Z10A_店員,S002_031,--
S002_010,S002,IC01_山口,S002_000,S002_010_IC01.wav
S002_010,S002_002,IC02_美香,S002_002,S002_010_IC02.wav
S002_010,S002_005,IC03_貞,S002_005,S002_010_IC03.wav
S002_010,S002_007,N10A_鶴,S002_007,--
S002_010,S002_019,IC04_仁井,S002_019,S002_010_IC04.wav
S002_010,S002_020,IC05_木村,S002_020,S002_010_IC05.wav
S002_010,S002_022,IC06_うらら,S002_022,S002_010_IC06.wav
S002_010,S002_032,Z10A_店員,S002_032,--
S002_011,S002,IC01_山口,S002_000,S002_011_IC01.wav
S002_011,S002_009,IC04_深澤,S002_009,S002_011_IC04.wav
S002_011,S002_021,IC03_神沢,S002_021,S002_011_IC03.wav
S002_011,S002_023,IC02_健一,S002_023,S002_011_IC02.wav
S002_011,S002_033,Z10B_店員,S002_033,--
S002_012,S002,IC01_山口,S002_000,S002_012_IC01.wav
S002_012,S002_002,IC02_美香,S002_002,S002_012_IC02.wav
S002_012,S002_029,Z101_店員,S002_029,--
S002_012,S002_030,Z201_店員,S002_030,--
S002_014,S002,IC01_山口,S002_000,S002_014_IC01.wav
S002_014,S002_024,IC02_圭,S002_024,S002_014_IC02.wav
T001_002,T001,IC02_広瀬,T001_000,T001_002_IC02.wav
T001_002,T001_001,IC01_優香,T001_001,T001_002_IC01.wav
T001_003,T001,IC02_広瀬,T001_000,T001_003_IC02.wav
T001_003,T001_003,IC01_林,T001_003,T001_003_IC01.wav
T001_003,T001_013,Z10A_店員,T001_013,--
T001_003,T001_014,Z20A_店員,T001_014,--
T001_005,T001,IC02_広瀬,T001_000,T001_005_IC02.wav
T001_005,T001_004,IC01_徳,T001_004,T001_005_IC01.wav
T001_007,T001,IC03_広瀬,T001_000,T001_007_IC03.wav
T001_007,T001_001,IC02_優香,T001_001,T001_007_IC02.wav
T001_008,T001,IC03_広瀬,T001_000,T001_008_IC03.wav
T001_008,T001_005,IC02_吉川,T001_005,T001_008_IC02.wav
T001_009,T001,IC04_広瀬,T001_000,T001_009_IC04.wav
T001_009,T001_001,IC03_優香,T001_001,T001_009_IC03.wav
T001_009,T001_002,IC02_義母,T001_002,T001_009_IC02.wav
T001_011,T001,IC05_広瀬,T001_000,T001_011_IC05.wav
T001_011,T001_001,IC04_優香,T001_001,T001_011_IC04.wav
T001_011,T001_006,IC02_洋平,T001_006,T001_011_IC02.wav
T001_011,T001_007,IC03_千秋,T001_007,T001_011_IC03.wav
T001_014,T001,IC04_広瀬,T001_000,T001_014_IC04.wav
T001_014,T001_008,IC03_奥村,T001_008,T001_014_IC03.wav
T001_014,T001_009,IC02_師匠,T001_009,T001_014_IC02.wav
T001_014,T001_011,Z102_店員,T001_011,--
T001_014,T001_012,Z202_店員,T001_012,--
T001_015,T001,IC03_広瀬,T001_000,T001_015_IC03.wav
T001_015,T001_004,IC02_徳,T001_004,T001_015_IC02.wav
T001_015,T001_016,Z10B_店員,T001_016,--
T001_015,T001_017,Z20B_店員,T001_017,--
T001_016,T001,IC03_広瀬,T001_000,T001_016_IC03.wav
T001_016,T001_010,IC02_杉江,T001_010,T001_016_IC02.wav
T001_016,T001_015,Z10B_店員,T001_015,--
T001_019,T001,IC04_広瀬,T001_000,T001_019_IC04.wav
T001_019,T001_001,IC03_優香,T001_001,T001_019_IC03.wav
T001_019,T001_002,IC02_義母,T001_002,T001_019_IC02.wav
T002_006a,T002,IC01_直也,T002_000,T002_006a_IC01.wav
T002_006a,T002_006,IC03_聡美,T002_006,T002_006a_IC03.wav
T002_006a,T002_007,IC02_塚田,T002_007,T002_006a_IC02.wav
T002_006b,T002,IC01_直也,T002_000,T002_006b_IC01.wav
T002_006b,T002_006,IC03_聡美,T002_006,T002_006b_IC03.wav
T002_006b,T002_007,IC02_塚田,T002_007,T002_006b_IC02.wav
T002_006c,T002,IC01_直也,T002_000,T002_006c_IC01.wav
T002_006c,T002_006,IC03_聡美,T002_006,T002_006c_IC03.wav
T002_006c,T002_007,IC02_塚田,T002_007,T002_006c_IC02.wav
T002_011a,T002,IC01_直也,T002_000,T002_011a_IC01.wav
T002_011a,T002_011,IC02_玲子,T002_011,T002_011a_IC02.wav
T002_011b,T002,IC01_直也,T002_000,T002_011b_IC01.wav
T002_011b,T002_011,IC02_玲子,T002_011,T002_011b_IC02.wav
T002_011c,T002,IC01_直也,T002_000,T002_011c_IC01.wav
T002_011c,T002_011,IC02_玲子,T002_011,T002_011c_IC02.wav
T002_012,T002,IC01_直也,T002_000,T002_012_IC01.wav
T002_012,T002_012,IC02_母,T002_012,T002_012_IC02.wav
T002_013,T002,IC01_直也,T002_000,T002_013_IC01.wav
T002_013,T002_013,IC02_高柳,T002_013,T002_013_IC02.wav
T002_013,T002_019,Z10A_店員,T002_019,--
T002_014,T002,IC01_直也,T002_000,T002_014_IC01.wav
T002_014,T002_014,IC03_チヒ,T002_014,T002_014_IC03.wav
T002_014,T002_015,IC02_綾音,T002_015,T002_014_IC02.wav
T002_014,T002_020,Z10B_店員,T002_020,--
T002_015,T002,IC01_直也,T002_000,T002_015_IC01.wav
T002_015,T002_001,IC02_由美子,T002_001,T002_015_IC02.wav
T002_015,T002_021,Z10A_店員,T002_021,--
T002_018,T002,IC01_直也,T002_000,T002_018_IC01.wav
T002_018,T002_015,IC02_綾音,T002_015,T002_018_IC02.wav
T002_019,T002,IC01_直也,T002_000,T002_019_IC01.wav
T002_019,T002_013,IC02_高柳,T002_013,T002_019_IC02.wav
T002_020,T002,IC01_直也,T002_000,T002_020_IC01.wav
T002_020,T002_017,IC02_みっちー,T002_017,T002_020_IC02.wav
T002_020,T002_018,IC03_永井,T002_018,T002_020_IC03.wav
T003_001,T003,IC01_由美,T003_000,T003_001_IC01.wav
T003_001,T003_001,IC02_拓人,T003_001,T003_001_IC02.wav
T003_001,T003_002,IC03_大和,T003_002,T003_001_IC03.wav
T003_002,T003,IC01_由美,T003_000,T003_002_IC01.wav
T003_002,T003_001,IC02_拓人,T003_001,T003_002_IC02.wav
T003_002,T003_002,IC03_大和,T003_002,T003_002_IC03.wav
T003_002,T003_003,IC04_パパ,T003_003,T003_002_IC04.wav
T003_003,T003,IC01_由美,T003_000,T003_003_IC01.wav
T003_003,T003_004,IC02_牧野,T003_004,T003_003_IC02.wav
T003_003,T003_020,Z10A_店員,T003_020,--
T003_004,T003,IC01_由美,T003_000,T003_004_IC01.wav
T003_004,T003_005,IC02_美希,T003_005,T003_004_IC02.wav
T003_004,T003_006,IC03_陽菜,T003_006,T003_004_IC03.wav
T003_006,T003,IC01_由美,T003_000,T003_006_IC01.wav
T003_006,T003_003,IC05_パパ,T003_003,T003_006_IC05.wav
T003_006,T003_008,IC02_義父,T003_008,T003_006_IC02.wav
T003_006,T003_009,IC04_義弟,T003_009,T003_006_IC04.wav
T003_006,T003_010,IC03_義母,T003_010,T003_006_IC03.wav
T003_007,T003,IC01_由美,T003_000,T003_007_IC01.wav
T003_007,T003_003,IC05_パパ,T003_003,T003_007_IC05.wav
T003_007,T003_008,IC02_義父,T003_008,T003_007_IC02.wav
T003_007,T003_009,IC04_義弟,T003_009,T003_007_IC04.wav
T003_007,T003_010,IC03_義母,T003_010,T003_007_IC03.wav
T003_012,T003,IC01_由美,T003_000,T003_012_IC01.wav
T003_012,T003_001,IC03_拓人,T003_001,T003_012_IC03.wav
T003_012,T003_002,IC04_大和,T003_002,T003_012_IC04.wav
T003_012,T003_003,IC02_パパ,T003_003,T003_012_IC02.wav
T003_012,T003_021,Z202_スタッフ,T003_021,--
T003_012,T003_022,Z103_スタッフ,T003_022,--
T003_015,T003,IC01_由美,T003_000,T003_015_IC01.wav
T003_015,T003_001,IC03_拓人,T003_001,T003_015_IC03.wav
T003_015,T003_002,IC04_大和,T003_002,T003_015_IC04.wav
T003_015,T003_003,IC02_パパ,T003_003,T003_015_IC02.wav
T003_015,T003_019,N10A_母,T003_019,--
T003_017,T003,IC01_由美,T003_000,T003_017_IC01.wav
T003_017,T003_011,IC03_加代子,T003_011,T003_017_IC03.wav
T003_017,T003_012,IC04_千夏,T003_012,T003_017_IC04.wav
T003_017,T003_013,IC05_知世,T003_013,T003_017_IC05.wav
T003_017,T003_014,IC02_美鈴,T003_014,T003_017_IC02.wav
T003_018,T003,IC01_由美,T003_000,T003_018_IC01.wav
T003_018,T003_001,IC03_拓人,T003_001,T003_018_IC03.wav
T003_018,T003_002,IC04_大和,T003_002,T003_018_IC04.wav
T003_018,T003_003,IC02_パパ,T003_003,T003_018_IC02.wav
T003_019,T003,IC01_由美,T003_000,T003_019_IC01.wav
T003_019,T003_001,IC03_拓人,T003_001,T003_019_IC03.wav
T003_019,T003_002,IC04_大和,T003_002,T003_019_IC04.wav
T003_019,T003_003,IC02_パパ,T003_003,T003_019_IC02.wav
T003_021,T003,IC01_由美,T003_000,T003_021_IC01.wav
T003_021,T003_015,IC02_紀子,T003_015,T003_021_IC02.wav
T003_021,T003_016,IC03_晴美,T003_016,T003_021_IC03.wav
T003_021,T003_017,IC04_綾子,T003_017,T003_021_IC04.wav
T003_021,T003_018,IC05_尚子,T003_018,T003_021_IC05.wav
T004_001,T004,IC01_一ノ宮,T004_000,T004_001_IC01.wav
T004_001,T004_001,IC02_パパ,T004_001,T004_001_IC02.wav
T004_001,T004_002,IC03_さとし,T004_002,T004_001_IC03.wav
T004_002,T004,IC04_一ノ宮,T004_000,T004_002_IC04.wav
T004_002,T004_003,IC03_成田,T004_003,T004_002_IC03.wav
T004_002,T004_004,IC01_早紀,T004_004,T004_002_IC01.wav
T004_002,T004_005,IC02_由香里,T004_005,T004_002_IC02.wav
T004_003,T004,IC01_一ノ宮,T004_000,T004_003_IC01.wav
T004_003,T004_001,IC02_パパ,T004_001,T004_003_IC02.wav
T004_003,T004_002,IC03_さとし,T004_002,T004_003_IC03.wav
T004_003,T004_034,N10A_酒井,T004_034,--
T004_003,T004_035,Z10A_かっちゃん,T004_035,--
T004_005a,T004,IC02_一ノ宮,T004_000,T004_005a_IC02.wav
T004_005a,T004_011,IC03_遠藤,T004_011,T004_005a_IC03.wav
T004_005a,T004_012,IC04_内田,T004_012,T004_005a_IC04.wav
T004_005a,T004_013,IC05_内田妻,T004_013,T004_005a_IC05.wav
T004_005b,T004,IC02_一ノ宮,T004_000,T004_005b_IC02.wav
T004_005b,T004_011,IC03_遠藤,T004_011,T004_005b_IC03.wav
T004_005b,T004_012,IC04_内田,T004_012,T004_005b_IC04.wav
T004_005b,T004_013,IC05_内田妻,T004_013,T004_005b_IC05.wav
T004_006,T004,IC01_一ノ宮,T004_000,T004_006_IC01.wav
T004_006,T004_014,IC02_中森,T004_014,T004_006_IC02.wav
T004_010a,T004,IC01_一ノ宮,T004_000,T004_010a_IC01.wav
T004_010a,T004_021,IC03_由里子,T004_021,T004_010a_IC03.wav
T004_010a,T004_022,IC06_中ちゃん,T004_022,T004_010a_IC06.wav
T004_010a,T004_023,IC05_ゆかり,T004_023,T004_010a_IC05.wav
T004_010a,T004_024,IC04_青井,T004_024,T004_010a_IC04.wav
T004_010a,T004_025,IC02_はるか,T004_025,T004_010a_IC02.wav
T004_010b,T004,IC01_一ノ宮,T004_000,T004_010b_IC01.wav
T004_010b,T004_021,IC03_由里子,T004_021,T004_010b_IC03.wav
T004_010b,T004_022,IC06_中ちゃん,T004_022,T004_010b_IC06.wav
T004_010b,T004_023,IC05_ゆかり,T004_023,T004_010b_IC05.wav
T004_010b,T004_024,IC04_青井,T004_024,T004_010b_IC04.wav
T004_010b,T004_025,IC02_はるか,T004_025,T004_010b_IC02.wav
T004_011,T004,IC01_一ノ宮,T004_000,T004_011_IC01.wav
T004_011,T004_026,IC06_洋子,T004_026,T004_011_IC06.wav
T004_011,T004_027,IC03_みこ,T004_027,T004_011_IC03.wav
T004_011,T004_028,IC04_あっこ,T004_028,T004_011_IC04.wav
T004_011,T004_029,IC02_里子,T004_029,T004_011_IC02.wav
T004_011,T004_036,Z101_女性,T004_036,--
T004_013,T004,IC01_一ノ宮,T004_000,T004_013_IC01.wav
T004_013,T004_030,IC04_田代,T004_030,T004_013_IC04.wav
T004_013,T004_031,IC03_飯塚,T004_031,T004_013_IC03.wav
T004_013,T004_032,IC02_松下,T004_032,T004_013_IC02.wav
T004_013,T004_033,IC05_岩崎,T004_033,T004_013_IC05.wav
T004_014,T004,IC01_一ノ宮,T004_000,T004_014_IC01.wav
T004_014,T004_008,IC02_塚田,T004_008,T004_014_IC02.wav
T004_014,T004_017,IC04_水谷,T004_017,T004_014_IC04.wav
T004_014,T004_018,IC03_戸部,T004_018,T004_014_IC03.wav
T004_016,T004,IC06_一ノ宮,T004_000,T004_016_IC06.wav
T004_016,T004_001,IC05_パパ,T004_001,T004_016_IC05.wav
T004_017,T004,IC01_一ノ宮,T004_000,T004_017_IC01.wav
T004_017,T004_006,IC04_佐久間,T004_006,T004_017_IC04.wav
T004_017,T004_008,IC07_塚田,T004_008,T004_017_IC07.wav
T004_017,T004_009,IC05_落合,T004_009,T004_017_IC05.wav
T004_017,T004_010,IC06_岩瀬,T004_010,T004_017_IC06.wav
T004_017,T004_019,IC02_佐々木,T004_019,T004_017_IC02.wav
T004_017,T004_020,IC03_土井,T004_020,T004_017_IC03.wav
T005_001,T005,IC07_永井,T005_000,T005_001_IC07.wav
T005_001,T005_001,IC05_片山,T005_001,T005_001_IC05.wav
T005_001,T005_002,IC03_服部,T005_002,T005_001_IC03.wav
T005_001,T005_003,IC02_新井,T005_003,T005_001_IC02.wav
T005_001,T005_004,IC06_星野,T005_004,T005_001_IC06.wav
T005_001,T005_005,IC08_小池,T005_005,T005_001_IC08.wav
T005_001,T005_006,IC04_亀山,T005_006,T005_001_IC04.wav
T005_001,T005_007,IC01_石橋,T005_007,T005_001_IC01.wav
T005_002,T005,IC01_永井,T005_000,T005_002_IC01.wav
T005_002,T005_008,IC02_まみこ,T005_008,T005_002_IC02.wav
T005_002,T005_009,IC03_かお,T005_009,T005_002_IC03.wav
T005_004,T005,IC09_永井,T005_000,T005_004_IC09.wav
T005_004,T005_016,IC02_日野,T005_016,T005_004_IC02.wav
T005_004,T005_017,IC03_山中,T005_017,T005_004_IC03.wav
T005_004,T005_018,IC04_藤田,T005_018,T005_004_IC04.wav
T005_004,T005_019,IC05_山岡,T005_019,T005_004_IC05.wav
T005_004,T005_020,IC08_辻本,T005_020,T005_004_IC08.wav
T005_004,T005_021,IC06_宮沢,T005_021,T005_004_IC06.wav
T005_004,T005_022,IC07_松山,T005_022,T005_004_IC07.wav
T005_004,T005_023,IC01_和田,T005_023,T005_004_IC01.wav
T005_005,T005,IC06_永井,T005_000,T005_005_IC06.wav
T005_005,T005_025,IC05_川田,T005_025,T005_005_IC05.wav
T005_005,T005_026,IC04_玉塚,T005_026,T005_005_IC04.wav
T005_005,T005_027,IC01_本田,T005_027,T005_005_IC01.wav
T005_005,T005_028,IC03_江口正和,T005_028,T005_005_IC03.wav
T005_005,T005_029,IC02_江口しげ子,T005_029,T005_005_IC02.wav
T005_005,T005_076,Z106_店員,T005_076,--
T005_006,T005,IC03_永井,T005_000,T005_006_IC03.wav
T005_006,T005_008,IC02_まみこ,T005_008,T005_006_IC02.wav
T005_006,T005_030,IC01_長谷川,T005_030,T005_006_IC01.wav
T005_007,T005,IC07_永井,T005_000,T005_007_IC07.wav
T005_007,T005_008,IC05_まみこ,T005_008,T005_007_IC05.wav
T005_007,T005_009,IC06_かお,T005_009,T005_007_IC06.wav
T005_007,T005_031,IC01_雅弘,T005_031,T005_007_IC01.wav
T005_007,T005_032,IC02_ゆかり,T005_032,T005_007_IC02.wav
T005_007,T005_033,IC04_あき,T005_033,T005_007_IC04.wav
T005_007,T005_034,IC03_まさ,T005_034,T005_007_IC03.wav
T005_007,T005_072,Z102_姉,T005_072,--
T005_008,T005,IC03_永井,T005_000,T005_008_IC03.wav
T005_008,T005_035,IC02_岡村,T005_035,T005_008_IC02.wav
T005_008,T005_036,IC01_中田,T005_036,T005_008_IC01.wav
T005_008,T005_077,Z101_店員,T005_077,--
T005_008,T005_078,Z202_店員,T005_078,--
T005_009,T005,IC12_永井,T005_000,T005_009_IC12.wav
T005_009,T005_037,IC01_坂口靖夫,T005_037,T005_009_IC01.wav
T005_009,T005_038,IC02_植村,T005_038,T005_009_IC02.wav
T005_009,T005_039,IC03_今村,T005_039,T005_009_IC03.wav
T005_009,T005_040,IC04_安井,T005_040,T005_009_IC04.wav
T005_009,T005_041,IC05_坂口正明,T005_041,T005_009_IC05.wav
T005_009,T005_042,IC06_永野,T005_042,T005_009_IC06.wav
T005_009,T005_043,IC07_岡部,T005_043,T005_009_IC07.wav
T005_009,T005_044,IC08_中山,T005_044,T005_009_IC08.wav
T005_009,T005_045,IC09_島村,T005_045,T005_009_IC09.wav
T005_009,T005_046,IC10_三上,T005_046,T005_009_IC10.wav
T005_009,T005_047,IC11_遠藤,T005_047,T005_009_IC11.wav
T005_010,T005,IC06_永井,T005_000,T005_010_IC06.wav
T005_010,T005_010,IC03_西原,T005_010,T005_010_IC03.wav
T005_010,T005_012,IC02_平川,T005_012,T005_010_IC02.wav
T005_010,T005_014,IC07_あさこ,T005_014,T005_010_IC07.wav
T005_010,T005_015,IC04_高橋,T005_015,T005_010_IC04.wav
T005_010,T005_048,IC05_須田,T005_048,T005_010_IC05.wav
T005_010,T005_049,IC01_なおき,T005_049,T005_010_IC01.wav
T005_010,T005_073,Z10A_店員,T005_073,--
T005_011a,T005,IC03_永井,T005_000,T005_011a_IC03.wav
T005_011a,T005_003,IC01_新井,T005_003,T005_011a_IC01.wav
T005_011a,T005_006,IC02_亀山,T005_006,T005_011a_IC02.wav
T005_011a,T005_074,Z10A_店員,T005_074,--
T005_011a,T005_075,Z20A_店員,T005_075,--
T005_011b,T005,IC03_永井,T005_000,T005_011b_IC03.wav
T005_011b,T005_003,IC01_新井,T005_003,T005_011b_IC01.wav
T005_011b,T005_006,IC02_亀山,T005_006,T005_011b_IC02.wav
T005_011b,T005_074,Z10A_店員,T005_074,--
T005_012,T005,IC03_永井,T005_000,T005_012_IC03.wav
T005_012,T005_050,IC01_有村,T005_050,T005_012_IC01.wav
T005_012,T005_051,IC02_上田,T005_051,T005_012_IC02.wav
T005_012,T005_079,Z101_店員,T005_079,--
T005_012,T005_080,Z201_店員,T005_080,--
T005_013,T005,IC11_永井,T005_000,T005_013_IC11.wav
T005_013,T005_052,IC01_石橋,T005_052,T005_013_IC01.wav
T005_013,T005_053,IC02_横田,T005_053,T005_013_IC02.wav
T005_013,T005_054,IC03_山川,T005_054,T005_013_IC03.wav
T005_013,T005_055,IC04_飯島,T005_055,T005_013_IC04.wav
T005_013,T005_056,IC05_松浦,T005_056,T005_013_IC05.wav
T005_013,T005_057,IC06_下村,T005_057,T005_013_IC06.wav
T005_013,T005_058,IC07_須藤,T005_058,T005_013_IC07.wav
T005_013,T005_059,IC08_三好,T005_059,T005_013_IC08.wav
T005_013,T005_060,IC09_酒井,T005_060,T005_013_IC09.wav
T005_013,T005_061,IC10_金子,T005_061,T005_013_IC10.wav
T005_013,T005_062,IC12_川崎,T005_062,T005_013_IC12.wav
T005_013,T005_063,IC13_大野,T005_063,T005_013_IC13.wav
T005_013,T005_064,IC14_篠原,T005_064,T005_013_IC14.wav
T005_013,T005_065,IC15_宮川,T005_065,T005_013_IC15.wav
T005_013,T005_081,Z10A_女性,T005_081,--
T005_019,T005,IC12_永井,T005_000,T005_019_IC12.wav
T005_019,T005_052,IC01_石橋,T005_052,T005_019_IC01.wav
T005_019,T005_053,IC02_横田,T005_053,T005_019_IC02.wav
T005_019,T005_054,IC03_山川,T005_054,T005_019_IC03.wav
T005_019,T005_055,IC05_飯島,T005_055,T005_019_IC05.wav
T005_019,T005_056,IC06_松浦,T005_056,T005_019_IC06.wav
T005_019,T005_057,IC07_下村,T005_057,T005_019_IC07.wav
T005_019,T005_058,IC08_須藤,T005_058,T005_019_IC08.wav
T005_019,T005_059,IC09_三好,T005_059,T005_019_IC09.wav
T005_019,T005_060,IC10_酒井,T005_060,T005_019_IC10.wav
T005_019,T005_061,IC11_金子,T005_061,T005_019_IC11.wav
T005_019,T005_062,IC13_川崎,T005_062,T005_019_IC13.wav
T005_019,T005_063,IC14_大野,T005_063,T005_019_IC14.wav
T006_001,T006,IC01_尾形,T006_000,T006_001_IC01.wav
T006_001,T006_001,IC02_坂上,T006_001,T006_001_IC02.wav
T006_002,T006,IC01_尾形,T006_000,T006_002_IC01.wav
T006_002,T006_002,IC02_富永,T006_002,T006_002_IC02.wav
T006_002,T006_003,IC03_青木,T006_003,T006_002_IC03.wav
T006_003,T006,IC01_尾形,T006_000,T006_003_IC01.wav
T006_003,T006_004,IC02_根本,T006_004,T006_003_IC02.wav
T006_003,T006_013,Z10A_店員,T006_013,--
T006_004,T006,IC01_尾形,T006_000,T006_004_IC01.wav
T006_004,T006_002,IC02_富永,T006_002,T006_004_IC02.wav
T006_004,T006_003,IC03_青木,T006_003,T006_004_IC03.wav
T006_004,T006_005,IC04_関本,T006_005,T006_004_IC04.wav
T006_004,T006_006,IC05_杉山,T006_006,T006_004_IC05.wav
T006_004,T006_014,Z104_店員,T006_014,--
T006_004,T006_015,Z204_店員,T006_015,--
T006_005,T006,IC01_尾形,T006_000,T006_005_IC01.wav
T006_005,T006_009,IC02_坂本,T006_009,T006_005_IC02.wav
T006_006a,T006,IC01_尾形,T006_000,T006_006a_IC01.wav
T006_006a,T006_007,IC03_菊池,T006_007,T006_006a_IC03.wav
T006_006a,T006_008,IC02_ほっさん,T006_008,T006_006a_IC02.wav
T006_006b,T006,IC01_尾形,T006_000,T006_006b_IC01.wav
T006_006b,T006_007,IC03_菊池,T006_007,T006_006b_IC03.wav
T006_006b,T006_008,IC02_ほっさん,T006_008,T006_006b_IC02.wav
T006_008a,T006,IC01_尾形,T006_000,T006_008a_IC01.wav
T006_008a,T006_010,IC03_金子,T006_010,T006_008a_IC03.wav
T006_008a,T006_011,IC02_古賀,T006_011,T006_008a_IC02.wav
T006_008a,T006_012,IC04_浜田,T006_012,T006_008a_IC04.wav
T006_008a,T006_016,Z104_店員,T006_016,--
T006_008a,T006_017,Z204_店員,T006_017,--
T006_008b,T006,IC01_尾形,T006_000,T006_008b_IC01.wav
T006_008b,T006_010,IC03_金子,T006_010,T006_008b_IC03.wav
T006_008b,T006_011,IC02_古賀,T006_011,T006_008b_IC02.wav
T006_008b,T006_012,IC04_浜田,T006_012,T006_008b_IC04.wav
T006_009,T006,IC01_尾形,T006_000,T006_009_IC01.wav
T006_009,T006_004,IC02_根本,T006_004,T006_009_IC02.wav
T006_009,T006_018,Z10A_店員,T006_018,--
T007_004,T007,IC01_塚田,T007_000,T007_004_IC01.wav
T007_004,T007_005,IC02_誠,T007_005,T007_004_IC02.wav
T007_005a,T007,N10A_塚田,T007_000,--
T007_005a,T007_007,IC02_秀夫,T007_007,T007_005a_IC02.wav
T007_005a,T007_008,IC03_節子,T007_008,T007_005a_IC03.wav
T007_005b,T007,N10A_塚田,T007_000,--
T007_005b,T007_007,IC02_秀夫,T007_007,T007_005b_IC02.wav
T007_005b,T007_008,IC03_節子,T007_008,T007_005b_IC03.wav
T007_006,T007,IC01_塚田,T007_000,T007_006_IC01.wav
T007_006,T007_003,IC04_佳代,T007_003,T007_006_IC04.wav
T007_006,T007_005,IC03_誠,T007_005,T007_006_IC03.wav
T007_007,T007,IC01_塚田,T007_000,T007_007_IC01.wav
T007_007,T007_009,IC07_青木,T007_009,T007_007_IC07.wav
T007_007,T007_010,IC08_田辺,T007_010,T007_007_IC08.wav
T007_007,T007_011,IC04_清水,T007_011,T007_007_IC04.wav
T007_007,T007_012,IC03_小山,T007_012,T007_007_IC03.wav
T007_007,T007_013,IC02_渋谷,T007_013,T007_007_IC02.wav
T007_007,T007_014,IC06_宇野,T007_014,T007_007_IC06.wav
T007_007,T007_015,IC05_栗山,T007_015,T007_007_IC05.wav
T007_007,T007_016,N105_栗山娘,T007_016,--
T007_009,T007,IC01_塚田,T007_000,T007_009_IC01.wav
T007_009,T007_023,IC02_平賀,T007_023,T007_009_IC02.wav
T007_010,T007,IC01_塚田,T007_000,T007_010_IC01.wav
T007_010,T007_001,IC04_芳恵,T007_001,T007_010_IC04.wav
T007_014a,T007,IC01_塚田,T007_000,T007_014a_IC01.wav
T007_014a,T007_001,IC02_芳恵,T007_001,T007_014a_IC02.wav
T007_014a,T007_004,IC04_ゆづき,T007_004,T007_014a_IC04.wav
T007_014a,T007_006,IC03_野口,T007_006,T007_014a_IC03.wav
T007_014a,T007_029,N10A_おかみ,T007_029,--
T007_014b,T007,IC01_塚田,T007_000,T007_014b_IC01.wav
T007_014b,T007_001,IC02_芳恵,T007_001,T007_014b_IC02.wav
T007_014b,T007_004,IC04_ゆづき,T007_004,T007_014b_IC04.wav
T007_014b,T007_006,IC03_野口,T007_006,T007_014b_IC03.wav
T007_014b,T007_029,N10A_おかみ,T007_029,--
T007_014c,T007,IC01_塚田,T007_000,T007_014c_IC01.wav
T007_014c,T007_001,IC02_芳恵,T007_001,T007_014c_IC02.wav
T007_014c,T007_004,IC04_ゆづき,T007_004,T007_014c_IC04.wav
T007_014c,T007_006,IC03_野口,T007_006,T007_014c_IC03.wav
T007_014c,T007_029,N10A_おかみ,T007_029,--
T007_015,T007,IC01_塚田,T007_000,T007_015_IC01.wav
T007_015,T007_004,IC03_ゆづき,T007_004,T007_015_IC03.wav
T007_015,T007_006,IC02_野口,T007_006,T007_015_IC02.wav
T007_016a,T007,IC01_塚田,T007_000,T007_016a_IC01.wav
T007_016a,T007_017,IC02_鬼頭,T007_017,T007_016a_IC02.wav
T007_016b,T007,IC01_塚田,T007_000,T007_016b_IC01.wav
T007_016b,T007_017,IC02_鬼頭,T007_017,T007_016b_IC02.wav
T007_017,T007,IC01_塚田,T007_000,T007_017_IC01.wav
T007_017,T007_009,IC04_青木,T007_009,T007_017_IC04.wav
T007_017,T007_011,IC03_清水,T007_011,T007_017_IC03.wav
T007_017,T007_012,IC02_小山,T007_012,T007_017_IC02.wav
T008_003,T008,IC01_彩香,T008_000,T008_003_IC01.wav
T008_003,T008_001,IC02_康明,T008_001,T008_003_IC02.wav
T008_004,T008,IC01_彩香,T008_000,T008_004_IC01.wav
T008_004,T008_001,IC02_康明,T008_001,T008_004_IC02.wav
T008_005a,T008,IC01_彩香,T008_000,T008_005a_IC01.wav
T008_005a,T008_003,IC03_秀夫,T008_003,T008_005a_IC03.wav
T008_005b,T008,IC01_彩香,T008_000,T008_005b_IC01.wav
T008_005b,T008_003,IC03_秀夫,T008_003,T008_005b_IC03.wav
T008_005c,T008,IC01_彩香,T008_000,T008_005c_IC01.wav
T008_005c,T008_003,IC03_秀夫,T008_003,T008_005c_IC03.wav
T008_006,T008,IC01_彩香,T008_000,T008_006_IC01.wav
T008_006,T008_001,IC02_康明,T008_001,T008_006_IC02.wav
T008_006,T008_002,IC03_忍,T008_002,T008_006_IC03.wav
T008_006,T008_004,IC04_昌弘,T008_004,T008_006_IC04.wav
T008_006,T008_005,IC05_佐穂,T008_005,T008_006_IC05.wav
T008_006,T008_006,IC06_智生,T008_006,T008_006_IC06.wav
T008_006,T008_015,Z106_店員,T008_015,--
T008_008,T008,IC01_彩香,T008_000,T008_008_IC01.wav
T008_008,T008_007,IC03_母,T008_007,T008_008_IC03.wav
T008_009,T008,IC01_彩香,T008_000,T008_009_IC01.wav
T008_009,T008_001,IC02_康明,T008_001,T008_009_IC02.wav
T008_010,T008,IC01_彩香,T008_000,T008_010_IC01.wav
T008_010,T008_008,IC03_恒也,T008_008,T008_010_IC03.wav
T008_010,T008_016,Z10B_店員,T008_016,--
T008_011,T008,IC01_彩香,T008_000,T008_011_IC01.wav
T008_011,T008_003,IC03_秀夫,T008_003,T008_011_IC03.wav
T008_013,T008,IC01_彩香,T008_000,T008_013_IC01.wav
T008_013,T008_001,IC02_康明,T008_001,T008_013_IC02.wav
T008_014a,T008,IC01_彩香,T008_000,T008_014a_IC01.wav
T008_014a,T008_010,IC03_守江,T008_010,T008_014a_IC03.wav
T008_014b,T008,IC01_彩香,T008_000,T008_014b_IC01.wav
T008_014b,T008_010,IC03_守江,T008_010,T008_014b_IC03.wav
T008_017a,T008,IC01_彩香,T008_000,T008_017a_IC01.wav
T008_017a,T008_011,IC03_春菜,T008_011,T008_017a_IC03.wav
T008_017a,T008_012,IC04_琢巳,T008_012,T008_017a_IC04.wav
T008_017b,T008,IC01_彩香,T008_000,T008_017b_IC01.wav
T008_017b,T008_011,IC03_春菜,T008_011,T008_017b_IC03.wav
T008_017b,T008_012,IC04_琢巳,T008_012,T008_017b_IC04.wav
T008_019a,T008,IC01_彩香,T008_000,T008_019a_IC01.wav
T008_019a,T008_013,IC05_江尻,T008_013,T008_019a_IC05.wav
T008_019b,T008,IC01_彩香,T008_000,T008_019b_IC01.wav
T008_019b,T008_013,IC05_江尻,T008_013,T008_019b_IC05.wav
T008_020,T008,IC01_彩香,T008_000,T008_020_IC01.wav
T008_020,T008_001,IC02_康明,T008_001,T008_020_IC02.wav
T008_021,T008,IC01_彩香,T008_000,T008_021_IC01.wav
T008_021,T008_007,IC05_母,T008_007,T008_021_IC05.wav
T008_022a,T008,IC01_彩香,T008_000,T008_022a_IC01.wav
T008_022a,T008_009,IC06_さとる,T008_009,T008_022a_IC06.wav
T008_022b,T008,IC01_彩香,T008_000,T008_022b_IC01.wav
T008_022b,T008_009,IC06_さとる,T008_009,T008_022b_IC06.wav
T008_022c,T008,IC01_彩香,T008_000,T008_022c_IC01.wav
T008_022c,T008_009,IC06_さとる,T008_009,T008_022c_IC06.wav
T009_001,T009,IC01_安藤,T009_000,T009_001_IC01.wav
T009_001,T009_001,IC02_早苗,T009_001,T009_001_IC02.wav
T009_002,T009,IC01_安藤,T009_000,T009_002_IC01.wav
T009_002,T009_002,IC02_桃子,T009_002,T009_002_IC02.wav
T009_003,T009,IC01_安藤,T009_000,T009_003_IC01.wav
T009_003,T009_003,IC02_俊明,T009_003,T009_003_IC02.wav
T009_003,T009_025,Z10A_店員,T009_025,--
T009_004,T009,IC01_安藤,T009_000,T009_004_IC01.wav
T009_004,T009_011,IC02_古川,T009_011,T009_004_IC02.wav
T009_004,T009_012,IC03_片山,T009_012,T009_004_IC03.wav
T009_004,T009_013,IC04_松尾,T009_013,T009_004_IC04.wav
T009_004,T009_014,IC05_浅野,T009_014,T009_004_IC05.wav
T009_005a,T009,IC01_安藤,T009_000,T009_005a_IC01.wav
T009_005a,T009_015,IC02_柚本,T009_015,T009_005a_IC02.wav
T009_005b,T009,IC01_安藤,T009_000,T009_005b_IC01.wav
T009_005b,T009_015,IC02_柚本,T009_015,T009_005b_IC02.wav
T009_006,T009,IC01_安藤,T009_000,T009_006_IC01.wav
T009_006,T009_004,IC02_早川,T009_004,T009_006_IC02.wav
T009_006,T009_005,IC03_笹岡,T009_005,T009_006_IC03.wav
T009_006,T009_006,IC04_富永,T009_006,T009_006_IC04.wav
T009_006,T009_007,IC05_竹中,T009_007,T009_006_IC05.wav
T009_006,T009_008,IC08_根本,T009_008,T009_006_IC08.wav
T009_006,T009_009,IC07_須藤,T009_009,T009_006_IC07.wav
T009_006,T009_010,IC09_広瀬,T009_010,T009_006_IC09.wav
T009_006,T009_016,IC06_望月,T009_016,T009_006_IC06.wav
T009_008a,T009,IC01_安藤,T009_000,T009_008a_IC01.wav
T009_008a,T009_004,IC02_早川,T009_004,T009_008a_IC02.wav
T009_008a,T009_005,IC03_笹岡,T009_005,T009_008a_IC03.wav
T009_008a,T009_006,IC04_富永,T009_006,T009_008a_IC04.wav
T009_008a,T009_007,IC05_竹中,T009_007,T009_008a_IC05.wav
T009_008a,T009_008,IC07_根本,T009_008,T009_008a_IC07.wav
T009_008a,T009_009,IC08_須藤,T009_009,T009_008a_IC08.wav
T009_008a,T009_010,IC09_広瀬,T009_010,T009_008a_IC09.wav
T009_008a,T009_016,IC06_望月,T009_016,T009_008a_IC06.wav
T009_008b,T009,IC01_安藤,T009_000,T009_008b_IC01.wav
T009_008b,T009_004,IC02_早川,T009_004,T009_008b_IC02.wav
T009_008b,T009_005,IC03_笹岡,T009_005,T009_008b_IC03.wav
T009_008b,T009_006,IC04_富永,T009_006,T009_008b_IC04.wav
T009_008b,T009_007,IC05_竹中,T009_007,T009_008b_IC05.wav
T009_008b,T009_008,IC07_根本,T009_008,T009_008b_IC07.wav
T009_008b,T009_009,IC08_須藤,T009_009,T009_008b_IC08.wav
T009_008b,T009_010,IC09_広瀬,T009_010,T009_008b_IC09.wav
T009_008b,T009_016,IC06_望月,T009_016,T009_008b_IC06.wav
T009_010,T009,IC01_安藤,T009_000,T009_010_IC01.wav
T009_010,T009_001,IC04_早苗,T009_001,T009_010_IC04.wav
T009_010,T009_002,IC03_桃子,T009_002,T009_010_IC03.wav
T009_010,T009_017,IC02_圭吾,T009_017,T009_010_IC02.wav
T009_011a,T009,IC01_安藤,T009_000,T009_011a_IC01.wav
T009_011a,T009_011,IC02_古川,T009_011,T009_011a_IC02.wav
T009_011a,T009_012,IC04_片山,T009_012,T009_011a_IC04.wav
T009_011a,T009_013,IC03_松尾,T009_013,T009_011a_IC03.wav
T009_011a,T009_026,Z10A_店員,T009_026,--
T009_011b,T009,IC01_安藤,T009_000,T009_011b_IC01.wav
T009_011b,T009_011,IC02_古川,T009_011,T009_011b_IC02.wav
T009_011b,T009_012,IC04_片山,T009_012,T009_011b_IC04.wav
T009_011b,T009_013,IC03_松尾,T009_013,T009_011b_IC03.wav
T009_014a,T009,IC01_安藤,T009_000,T009_014a_IC01.wav
T009_014a,T009_003,IC02_俊明,T009_003,T009_014a_IC02.wav
T009_014a,T009_015,IC03_柚本,T009_015,T009_014a_IC03.wav
T009_014a,T009_018,IC04_秀太,T009_018,T009_014a_IC04.wav
T009_014b,T009,IC01_安藤,T009_000,T009_014b_IC01.wav
T009_014b,T009_003,IC02_俊明,T009_003,T009_014b_IC02.wav
T009_014b,T009_015,IC03_柚本,T009_015,T009_014b_IC03.wav
T009_014b,T009_018,IC04_秀太,T009_018,T009_014b_IC04.wav
T009_014b,T009_027,Z10B_店員,T009_027,--
T009_015,T009,IC01_安藤,T009_000,T009_015_IC01.wav
T009_015,T009_002,IC02_桃子,T009_002,T009_015_IC02.wav
T009_015,T009_028,Z10B_店員,T009_028,--
T009_017,T009,IC01_安藤,T009_000,T009_017_IC01.wav
T009_017,T009_003,IC02_俊明,T009_003,T009_017_IC02.wav
T009_018,T009,IC01_安藤,T009_000,T009_018_IC01.wav
T009_018,T009_002,N10A_桃子,T009_002,--
T009_018,T009_017,IC02_圭吾,T009_017,T009_018_IC02.wav
T009_020,T009,IC01_安藤,T009_000,T009_020_IC01.wav
T009_020,T009_001,IC04_早苗,T009_001,T009_020_IC04.wav
T009_020,T009_002,IC02_桃子,T009_002,T009_020_IC02.wav
T009_020,T009_017,IC03_圭吾,T009_017,T009_020_IC03.wav
T009_020,T009_021,IC05_圭一,T009_021,T009_020_IC05.wav
T009_020,T009_022,IC06_鈴子,T009_022,T009_020_IC06.wav
T009_021a,T009,IC01_安藤,T009_000,T009_021a_IC01.wav
T009_021a,T009_023,IC02_若菜,T009_023,T009_021a_IC02.wav
T009_021b,T009,IC01_安藤,T009_000,T009_021b_IC01.wav
T009_021b,T009_023,IC02_若菜,T009_023,T009_021b_IC02.wav
T009_022,T009,IC01_安藤,T009_000,T009_022_IC01.wav
T009_022,T009_024,IC02_岩本,T009_024,T009_022_IC02.wav
T009_022,T009_029,Z101_店長,T009_029,--
T009_022,T009_030,Z201_客,T009_030,--
T009_022,T009_031,Z302_客,T009_031,--
T010_002a,T010,IC01_徹,T010_000,T010_002a_IC01.wav
T010_002a,T010_001,IC02_サブ,T010_001,T010_002a_IC02.wav
T010_002b,T010,IC01_徹,T010_000,T010_002b_IC01.wav
T010_002b,T010_001,IC02_サブ,T010_001,T010_002b_IC02.wav
T010_003,T010,IC01_徹,T010_000,T010_003_IC01.wav
T010_003,T010_001,IC02_サブ,T010_001,T010_003_IC02.wav
T010_003,T010_002,IC03_准,T010_002,T010_003_IC03.wav
T010_004,T010,IC01_徹,T010_000,T010_004_IC01.wav
T010_004,T010_003,IC03_龍之介,T010_003,T010_004_IC03.wav
T010_004,T010_004,IC02_大場,T010_004,T010_004_IC02.wav
T010_005,T010,IC01_徹,T010_000,T010_005_IC01.wav
T010_005,T010_005,IC02_辺見,T010_005,T010_005_IC02.wav
T010_006a,T010,IC01_徹,T010_000,T010_006a_IC01.wav
T010_006a,T010_001,IC04_サブ,T010_001,T010_006a_IC04.wav
T010_006a,T010_002,IC03_准,T010_002,T010_006a_IC03.wav
T010_006a,T010_006,IC02_そう,T010_006,T010_006a_IC02.wav
T010_006b,T010,IC01_徹,T010_000,T010_006b_IC01.wav
T010_006b,T010_001,IC04_サブ,T010_001,T010_006b_IC04.wav
T010_006b,T010_002,IC03_准,T010_002,T010_006b_IC03.wav
T010_006b,T010_006,IC02_そう,T010_006,T010_006b_IC02.wav
T010_007,T010,IC01_徹,T010_000,T010_007_IC01.wav
T010_007,T010_007,IC02_大槻,T010_007,T010_007_IC02.wav
T010_007,T010_010,Z102_店員,T010_010,--
T010_007,T010_011,Z202_店員,T010_011,--
T010_009,T010,IC01_徹,T010_000,T010_009_IC01.wav
T010_009,T010_008,IC02_石塚,T010_008,T010_009_IC02.wav
T010_013,T010,IC01_徹,T010_000,T010_013_IC01.wav
T010_013,T010_009,IC02_神崎,T010_009,T010_013_IC02.wav
T011_005,T011,IC01_佐竹,T011_000,T011_005_IC01.wav
T011_005,T011_001,IC02_パパ,T011_001,T011_005_IC02.wav
T011_005,T011_002,IC03_清隆,T011_002,T011_005_IC03.wav
T011_005,T011_003,IC04_翔真,T011_003,T011_005_IC04.wav
T011_007,T011,IC01_佐竹,T011_000,T011_007_IC01.wav
T011_007,T011_004,IC06_弓絵,T011_004,T011_007_IC06.wav
T011_007,T011_005,IC05_咲乃,T011_005,T011_007_IC05.wav
T011_007,T011_020,Z101_店員,T011_020,--
T011_008,T011,IC01_佐竹,T011_000,T011_008_IC01.wav
T011_008,T011_001,IC02_パパ,T011_001,T011_008_IC02.wav
T011_008,T011_002,IC03_清隆,T011_002,T011_008_IC03.wav
T011_008,T011_003,IC04_翔真,T011_003,T011_008_IC04.wav
T011_009,T011,IC01_佐竹,T011_000,T011_009_IC01.wav
T011_009,T011_001,IC02_パパ,T011_001,T011_009_IC02.wav
T011_009,T011_003,IC04_翔真,T011_003,T011_009_IC04.wav
T011_012,T011,IC01_佐竹,T011_000,T011_012_IC01.wav
T011_012,T011_001,IC02_パパ,T011_001,T011_012_IC02.wav
T011_012,T011_002,IC03_清隆,T011_002,T011_012_IC03.wav
T011_012,T011_003,IC04_翔真,T011_003,T011_012_IC04.wav
T011_013,T011,IC01_佐竹,T011_000,T011_013_IC01.wav
T011_013,T011_001,IC02_パパ,T011_001,T011_013_IC02.wav
T011_013,T011_002,IC03_清隆,T011_002,T011_013_IC03.wav
T011_013,T011_003,IC04_翔真,T011_003,T011_013_IC04.wav
T011_014,T011,IC01_佐竹,T011_000,T011_014_IC01.wav
T011_014,T011_001,IC05_パパ,T011_001,T011_014_IC05.wav
T011_014,T011_002,N20A_清隆,T011_002,--
T011_014,T011_003,N40A_翔真,T011_003,--
T011_014,T011_006,IC06_英子,T011_006,T011_014_IC06.wav
T011_014,T011_007,IC02_太一,T011_007,T011_014_IC02.wav
T011_014,T011_008,IC03_良明,T011_008,T011_014_IC03.wav
T011_014,T011_009,IC04_義父,T011_009,T011_014_IC04.wav
T011_014,T011_010,N605_瑠花,T011_010,--
T011_014,T011_011,N50A_悠人,T011_011,--
T011_014,T011_012,N30A_麻里,T011_012,--
T011_014,T011_013,N10A_義母,T011_013,--
T011_015,T011,IC01_佐竹,T011_000,T011_015_IC01.wav
T011_015,T011_001,IC02_パパ,T011_001,T011_015_IC02.wav
T011_015,T011_002,IC03_清隆,T011_002,T011_015_IC03.wav
T011_015,T011_003,IC04_翔真,T011_003,T011_015_IC04.wav
T011_017,T011,IC01_佐竹,T011_000,T011_017_IC01.wav
T011_017,T011_014,IC04_武井,T011_014,T011_017_IC04.wav
T011_017,T011_015,IC05_小川,T011_015,T011_017_IC05.wav
T011_017,T011_016,IC03_高木,T011_016,T011_017_IC03.wav
T011_017,T011_017,IC02_矢口,T011_017,T011_017_IC02.wav
T011_017,T011_021,Z10A_店員,T011_021,--
T011_017,T011_022,Z20A_店員,T011_022,--
T011_019,T011,IC01_佐竹,T011_000,T011_019_IC01.wav
T011_019,T011_002,IC03_清隆,T011_002,T011_019_IC03.wav
T011_019,T011_018,IC02_早人,T011_018,T011_019_IC02.wav
T011_019,T011_019,IC04_島田,T011_019,T011_019_IC04.wav
T011_019,T011_023,Z10A_店員,T011_023,--
T013_001,T013,IC01_溝口,T013_000,T013_001_IC01.wav
T013_001,T013_001,IC02_妻,T013_001,T013_001_IC02.wav
T013_003,T013,IC01_溝口,T013_000,T013_003_IC01.wav
T013_003,T013_001,IC02_妻,T013_001,T013_003_IC02.wav
T013_004,T013,IC01_溝口,T013_000,T013_004_IC01.wav
T013_004,T013_002,IC03_真由美,T013_002,T013_004_IC03.wav
T013_004,T013_003,IC02_田辺,T013_003,T013_004_IC02.wav
T013_004,T013_004,IC04_内山,T013_004,T013_004_IC04.wav
T013_004,T013_031,Z10A_同僚,T013_031,--
T013_005,T013,IC01_溝口,T013_000,T013_005_IC01.wav
T013_005,T013_001,IC02_妻,T013_001,T013_005_IC02.wav
T013_006,T013,IC01_溝口,T013_000,T013_006_IC01.wav
T013_006,T013_005,IC02_須賀,T013_005,T013_006_IC02.wav
T013_006,T013_006,IC03_中島,T013_006,T013_006_IC03.wav
T013_006,T013_007,IC04_草野,T013_007,T013_006_IC04.wav
T013_006,T013_008,IC05_石井,T013_008,T013_006_IC05.wav
T013_006,T013_009,IC06_斉藤,T013_009,T013_006_IC06.wav
T013_007,T013,IC01_溝口,T013_000,T013_007_IC01.wav
T013_007,T013_001,IC02_妻,T013_001,T013_007_IC02.wav
T013_008,T013,IC01_溝口,T013_000,T013_008_IC01.wav
T013_008,T013_010,IC05_由紀江,T013_010,T013_008_IC05.wav
T013_008,T013_015,IC03_義母,T013_015,T013_008_IC03.wav
T013_009,T013,IC01_溝口,T013_000,T013_009_IC01.wav
T013_009,T013_001,IC06_妻,T013_001,T013_009_IC06.wav
T013_009,T013_014,IC05_義妹,T013_014,T013_009_IC05.wav
T013_009,T013_015,IC03_義母,T013_015,T013_009_IC03.wav
T013_013,T013,IC01_溝口,T013_000,T013_013_IC01.wav
T013_013,T013_002,IC03_真由美,T013_002,T013_013_IC03.wav
T013_013,T013_003,IC02_田辺,T013_003,T013_013_IC02.wav
T013_013,T013_004,IC04_内山,T013_004,T013_013_IC04.wav
T013_014a,T013,IC01_溝口,T013_000,T013_014a_IC01.wav
T013_014a,T013_002,IC03_真由美,T013_002,T013_014a_IC03.wav
T013_014a,T013_003,IC02_田辺,T013_003,T013_014a_IC02.wav
T013_014a,T013_004,IC04_内山,T013_004,T013_014a_IC04.wav
T013_014a,T013_025,Z101_店員,T013_025,--
T013_014a,T013_026,Z201_店員,T013_026,--
T013_014b,T013,IC01_溝口,T013_000,T013_014b_IC01.wav
T013_014b,T013_002,IC03_真由美,T013_002,T013_014b_IC03.wav
T013_014b,T013_003,IC02_田辺,T013_003,T013_014b_IC02.wav
T013_014b,T013_004,IC04_内山,T013_004,T013_014b_IC04.wav
T013_014b,T013_025,Z101_店員,T013_025,--
T013_014c,T013,IC01_溝口,T013_000,T013_014c_IC01.wav
T013_014c,T013_002,IC03_真由美,T013_002,T013_014c_IC03.wav
T013_014c,T013_003,IC02_田辺,T013_003,T013_014c_IC02.wav
T013_014c,T013_004,IC04_内山,T013_004,T013_014c_IC04.wav
T013_015,T013,IC01_溝口,T013_000,T013_015_IC01.wav
T013_015,T013_017,IC02_野田,T013_017,T013_015_IC02.wav
T013_015,T013_018,IC03_杉山,T013_018,T013_015_IC03.wav
T013_015,T013_032,Z101_店員,T013_032,--
T013_017,T013,IC01_溝口,T013_000,T013_017_IC01.wav
T013_017,T013_019,IC02_内藤,T013_019,T013_017_IC02.wav
T013_017,T013_027,Z10A_店員,T013_027,--
T013_017,T013_028,Z20A_店員,T013_028,--
T013_018,T013,IC01_溝口,T013_000,T013_018_IC01.wav
T013_018,T013_019,IC02_内藤,T013_019,T013_018_IC02.wav
T013_018,T013_029,Z10A_店員,T013_029,--
T013_020,T013,IC01_溝口,T013_000,T013_020_IC01.wav
T013_020,T013_023,IC02_青木,T013_023,T013_020_IC02.wav
T013_021,T013,IC01_溝口,T013_000,T013_021_IC01.wav
T013_021,T013_022,IC02_北村,T013_022,T013_021_IC02.wav
T013_021,T013_030,Z101_店員,T013_030,--
T014_001a,T014,IC01_吉田,T014_000,T014_001a_IC01.wav
T014_001a,T014_001,IC02_晴信,T014_001,T014_001a_IC02.wav
T014_001b,T014,IC01_吉田,T014_000,T014_001b_IC01.wav
T014_001b,T014_001,IC02_晴信,T014_001,T014_001b_IC02.wav
T014_005a,T014,IC01_吉田,T014_000,T014_005a_IC01.wav
T014_005a,T014_001,IC02_晴信,T014_001,T014_005a_IC02.wav
T014_005b,T014,IC01_吉田,T014_000,T014_005b_IC01.wav
T014_005b,T014_001,IC02_晴信,T014_001,T014_005b_IC02.wav
T014_005c,T014,IC01_吉田,T014_000,T014_005c_IC01.wav
T014_005c,T014_001,IC02_晴信,T014_001,T014_005c_IC02.wav
T014_006,T014,IC01_吉田,T014_000,T014_006_IC01.wav
T014_006,T014_002,IC03_母,T014_002,T014_006_IC03.wav
T014_006,T014_004,IC02_父,T014_004,T014_006_IC02.wav
T014_008,T014,IC04_吉田,T014_000,T014_008_IC04.wav
T014_008,T014_003,IC03_澤井,T014_003,T014_008_IC03.wav
T014_010a,T014,IC03_吉田,T014_000,T014_010a_IC03.wav
T014_010a,T014_005,IC04_真知子,T014_005,T014_010a_IC04.wav
T014_010b,T014,IC03_吉田,T014_000,T014_010b_IC03.wav
T014_010b,T014_005,IC04_真知子,T014_005,T014_010b_IC04.wav
T014_011a,T014,IC03_吉田,T014_000,T014_011a_IC03.wav
T014_011a,T014_006,IC04_砂川,T014_006,T014_011a_IC04.wav
T014_011b,T014,IC03_吉田,T014_000,T014_011b_IC03.wav
T014_011b,T014_006,IC04_砂川,T014_006,T014_011b_IC04.wav
T014_012,T014,IC03_吉田,T014_000,T014_012_IC03.wav
T014_012,T014_007,IC04_伊之瀬,T014_007,T014_012_IC04.wav
T014_014a,T014,IC01_吉田,T014_000,T014_014a_IC01.wav
T014_014a,T014_002,IC03_母,T014_002,T014_014a_IC03.wav
T014_014a,T014_004,IC04_父,T014_004,T014_014a_IC04.wav
T014_014b,T014,IC01_吉田,T014_000,T014_014b_IC01.wav
T014_014b,T014_002,IC03_母,T014_002,T014_014b_IC03.wav
T014_014b,T014_004,IC04_父,T014_004,T014_014b_IC04.wav
T014_016,T014,IC01_吉田,T014_000,T014_016_IC01.wav
T014_016,T014_008,IC03_沼,T014_008,T014_016_IC03.wav
T014_016,T014_014,Z101_店員,T014_014,--
T014_018,T014,IC01_吉田,T014_000,T014_018_IC01.wav
T014_018,T014_010,IC02_杉山,T014_010,T014_018_IC02.wav
T014_021,T014,IC01_吉田,T014_000,T014_021_IC01.wav
T014_021,T014_002,IC03_母,T014_002,T014_021_IC03.wav
T014_021,T014_004,IC02_父,T014_004,T014_021_IC02.wav
T015_001,T015,IC01_小川,T015_000,T015_001_IC01.wav
T015_001,T015_001,IC02_滝,T015_001,T015_001_IC02.wav
T015_001,T015_002,IC03_大石,T015_002,T015_001_IC03.wav
T015_001,T015_003,IC04_山根,T015_003,T015_001_IC04.wav
T015_001,T015_044,N10A_父,T015_044,--
T015_003,T015,IC01_小川,T015_000,T015_003_IC01.wav
T015_003,T015_006,IC02_金子,T015_006,T015_003_IC02.wav
T015_004,T015,IC01_小川,T015_000,T015_004_IC01.wav
T015_004,T015_004,IC02_星島,T015_004,T015_004_IC02.wav
T015_004,T015_005,IC03_笹村,T015_005,T015_004_IC03.wav
T015_004,T015_007,IC04_安原,T015_007,T015_004_IC04.wav
T015_005,T015,IC01_小川,T015_000,T015_005_IC01.wav
T015_005,T015_001,IC02_滝,T015_001,T015_005_IC02.wav
T015_005,T015_008,IC03_平岡,T015_008,T015_005_IC03.wav
T015_005,T015_052,Z101_店員,T015_052,--
T015_006,T015,IC01_小川,T015_000,T015_006_IC01.wav
T015_006,T015_001,IC02_滝,T015_001,T015_006_IC02.wav
T015_006,T015_002,IC03_大石,T015_002,T015_006_IC03.wav
T015_006,T015_003,IC04_山根,T015_003,T015_006_IC04.wav
T015_006,T015_010,IC05_秋元,T015_010,T015_006_IC05.wav
T015_006,T015_046,Z105_店員,T015_046,--
T015_007,T015,IC01_小川,T015_000,T015_007_IC01.wav
T015_007,T015_011,IC02_今村,T015_011,T015_007_IC02.wav
T015_007,T015_012,IC03_坂井,T015_012,T015_007_IC03.wav
T015_008a,T015,IC01_小川,T015_000,T015_008a_IC01.wav
T015_008a,T015_013,IC02_正裕,T015_013,T015_008a_IC02.wav
T015_008b,T015,IC01_小川,T015_000,T015_008b_IC01.wav
T015_008b,T015_013,IC02_正裕,T015_013,T015_008b_IC02.wav
T015_010,T015,IC01_小川,T015_000,T015_010_IC01.wav
T015_010,T015_018,IC02_高畑,T015_018,T015_010_IC02.wav
T015_011,T015,IC01_小川,T015_000,T015_011_IC01.wav
T015_011,T015_019,IC02_井口,T015_019,T015_011_IC02.wav
T015_011,T015_020,IC03_工藤,T015_020,T015_011_IC03.wav
T015_012a,T015,IC01_小川,T015_000,T015_012a_IC01.wav
T015_012a,T015_021,IC02_翔太,T015_021,T015_012a_IC02.wav
T015_012b,T015,IC01_小川,T015_000,T015_012b_IC01.wav
T015_012b,T015_021,IC02_翔太,T015_021,T015_012b_IC02.wav
T015_012b,T015_049,Z10A_店員,T015_049,--
T015_014,T015,IC01_小川,T015_000,T015_014_IC01.wav
T015_014,T015_028,IC02_平川,T015_028,T015_014_IC02.wav
T015_014,T015_050,Z10A_店員,T015_050,--
T015_015,T015,IC01_小川,T015_000,T015_015_IC01.wav
T015_015,T015_019,IC02_井口,T015_019,T015_015_IC02.wav
T015_015,T015_029,IC03_金田,T015_029,T015_015_IC03.wav
T015_015,T015_030,IC04_古井,T015_030,T015_015_IC04.wav
T015_015,T015_031,IC07_渋谷,T015_031,T015_015_IC07.wav
T015_015,T015_033,IC06_杉山,T015_033,T015_015_IC06.wav
T015_015,T015_034,N107_江戸川,T015_034,--
T015_017,T015,IC01_小川,T015_000,T015_017_IC01.wav
T015_017,T015_001,IC02_滝,T015_001,T015_017_IC02.wav
T015_017,T015_039,IC04_二村,T015_039,T015_017_IC04.wav
T015_017,T015_040,IC03_登坂,T015_040,T015_017_IC03.wav
T015_017,T015_051,Z10A_店員,T015_051,--
T015_018,T015,IC01_小川,T015_000,T015_018_IC01.wav
T015_018,T015_021,IC04_翔太,T015_021,T015_018_IC04.wav
T015_018,T015_041,IC02_久子,T015_041,T015_018_IC02.wav
T015_018,T015_042,IC03_美紗子,T015_042,T015_018_IC03.wav
T015_019,T015,IC01_小川,T015_000,T015_019_IC01.wav
T015_019,T015_043,IC02_母,T015_043,T015_019_IC02.wav
T015_019,T015_044,IC03_父,T015_044,T015_019_IC03.wav
T016_001,T016,IC01_慎吾,T016_000,T016_001_IC01.wav
T016_001,T016_001,IC02_理奈子,T016_001,T016_001_IC02.wav
T016_001,T016_002,IC03_謙一,T016_002,T016_001_IC03.wav
T016_001,T016_003,IC05_鉄朗,T016_003,T016_001_IC05.wav
T016_001,T016_004,IC04_ばあば,T016_004,T016_001_IC04.wav
T016_002,T016,IC01_慎吾,T016_000,T016_002_IC01.wav
T016_002,T016_001,IC02_理奈子,T016_001,T016_002_IC02.wav
T016_002,T016_002,IC03_謙一,T016_002,T016_002_IC03.wav
T016_002,T016_004,IC04_ばあば,T016_004,T016_002_IC04.wav
T016_003,T016,IC01_慎吾,T016_000,T016_003_IC01.wav
T016_003,T016_001,IC02_理奈子,T016_001,T016_003_IC02.wav
T016_004a,T016,IC01_慎吾,T016_000,T016_004a_IC01.wav
T016_004a,T016_001,IC02_理奈子,T016_001,T016_004a_IC02.wav
T016_004a,T016_002,IC03_謙一,T016_002,T016_004a_IC03.wav
T016_004a,T016_003,IC05_鉄朗,T016_003,T016_004a_IC05.wav
T016_004a,T016_004,IC04_ばあば,T016_004,T016_004a_IC04.wav
T016_004b,T016,IC01_慎吾,T016_000,T016_004b_IC01.wav
T016_004b,T016_001,IC02_理奈子,T016_001,T016_004b_IC02.wav
T016_004b,T016_002,IC03_謙一,T016_002,T016_004b_IC03.wav
T016_004b,T016_003,IC05_鉄朗,T016_003,T016_004b_IC05.wav
T016_004b,T016_004,IC04_ばあば,T016_004,T016_004b_IC04.wav
T016_005,T016,IC01_慎吾,T016_000,T016_005_IC01.wav
T016_005,T016_003,IC05_鉄朗,T016_003,T016_005_IC05.wav
T016_006a,T016,IC01_慎吾,T016_000,T016_006a_IC01.wav
T016_006a,T016_001,IC02_理奈子,T016_001,T016_006a_IC02.wav
T016_006b,T016,IC01_慎吾,T016_000,T016_006b_IC01.wav
T016_006b,T016_001,IC02_理奈子,T016_001,T016_006b_IC02.wav
T016_007,T016,IC01_慎吾,T016_000,T016_007_IC01.wav
T016_007,T016_001,IC02_理奈子,T016_001,T016_007_IC02.wav
T016_007,T016_002,IC03_謙一,T016_002,T016_007_IC03.wav
T016_007,T016_003,IC05_鉄朗,T016_003,T016_007_IC05.wav
T016_007,T016_004,IC04_ばあば,T016_004,T016_007_IC04.wav
T016_008,T016,IC01_慎吾,T016_000,T016_008_IC01.wav
T016_008,T016_005,N10A_坂井,T016_005,--
T017_004,T017,IC01_岡崎,T017_000,T017_004_IC01.wav
T017_004,T017_003,N10B_佐久間,T017_003,--
T017_004,T017_011,N20B_スタッフ,T017_011,--
T017_004,T017_019,Z101_スタッフ,T017_019,--
T017_005a,T017,IC01_岡崎,T017_000,T017_005a_IC01.wav
T017_005a,T017_002,IC04_北村,T017_002,T017_005a_IC04.wav
T017_005a,T017_004,IC03_奥野,T017_004,T017_005a_IC03.wav
T017_005a,T017_005,IC02_古長,T017_005,T017_005a_IC02.wav
T017_005a,T017_020,Z10A_店員,T017_020,--
T017_005a,T017_021,Z20A_店員,T017_021,--
T017_005b,T017,IC01_岡崎,T017_000,T017_005b_IC01.wav
T017_005b,T017_002,IC04_北村,T017_002,T017_005b_IC04.wav
T017_005b,T017_004,IC03_奥野,T017_004,T017_005b_IC03.wav
T017_005b,T017_005,IC02_古長,T017_005,T017_005b_IC02.wav
T017_005b,T017_020,Z10A_店員,T017_020,--
T017_005c,T017,IC01_岡崎,T017_000,T017_005c_IC01.wav
T017_005c,T017_002,IC04_北村,T017_002,T017_005c_IC04.wav
T017_005c,T017_004,IC03_奥野,T017_004,T017_005c_IC03.wav
T017_005c,T017_005,IC02_古長,T017_005,T017_005c_IC02.wav
T017_006,T017,IC03_岡崎,T017_000,T017_006_IC03.wav
T017_006,T017_006,IC05_三嶋,T017_006,T017_006_IC05.wav
T017_008,T017,IC01_岡崎,T017_000,T017_008_IC01.wav
T017_008,T017_008,IC02_真鍋,T017_008,T017_008_IC02.wav
T017_008,T017_009,IC04_松井,T017_009,T017_008_IC04.wav
T017_008,T017_024,Z10B_店員,T017_024,--
T017_011a,T017,N10A_岡崎,T017_000,--
T017_011a,T017_012,IC02_高山,T017_012,T017_011a_IC02.wav
T017_011b,T017,N10A_岡崎,T017_000,--
T017_011b,T017_012,IC02_高山,T017_012,T017_011b_IC02.wav
T017_012,T017,IC01_岡崎,T017_000,T017_012_IC01.wav
T017_012,T017_013,IC02_島田,T017_013,T017_012_IC02.wav
T017_016,T017,IC01_岡崎,T017_000,T017_016_IC01.wav
T017_016,T017_016,IC02_由里子,T017_016,T017_016_IC02.wav
T017_017,T017,IC01_岡崎,T017_000,T017_017_IC01.wav
T017_017,T017_016,IC02_由里子,T017_016,T017_017_IC02.wav
T017_017,T017_023,Z10A_店員,T017_023,--
T017_018,T017,IC05_岡崎,T017_000,T017_018_IC05.wav
T017_018,T017_018,IC06_西,T017_018,T017_018_IC06.wav
T018_001,T018,IC01_根本,T018_000,T018_001_IC01.wav
T018_001,T018_001,IC02_山崎,T018_001,T018_001_IC02.wav
T018_001,T018_002,IC03_未羽,T018_002,T018_001_IC03.wav
T018_004,T018,N10A_根本,T018_000,--
T018_004,T018_001,IC02_山崎,T018_001,T018_004_IC02.wav
T018_004,T018_015,Z10A_配達人,T018_015,--
T018_005,T018,IC01_根本,T018_000,T018_005_IC01.wav
T018_005,T018_001,IC02_山崎,T018_001,T018_005_IC02.wav
T018_005,T018_002,N10A_未羽,T018_002,--
T018_005,T018_003,IC03_楊,T018_003,T018_005_IC03.wav
T018_006a,T018,IC01_根本,T018_000,T018_006a_IC01.wav
T018_006a,T018_002,IC02_未羽,T018_002,T018_006a_IC02.wav
T018_006a,T018_004,IC03_紫音,T018_004,T018_006a_IC03.wav
T018_006b,T018,IC01_根本,T018_000,T018_006b_IC01.wav
T018_006b,T018_002,IC02_未羽,T018_002,T018_006b_IC02.wav
T018_006b,T018_004,IC03_紫音,T018_004,T018_006b_IC03.wav
T018_014,T018,IC01_根本,T018_000,T018_014_IC01.wav
T018_014,T018_009,N10A_酒見,T018_009,--
T018_014,T018_011,IC02_松山,T018_011,T018_014_IC02.wav
T018_014,T018_012,IC03_酒見妻,T018_012,T018_014_IC03.wav
T018_017,T018,IC01_根本,T018_000,T018_017_IC01.wav
T018_017,T018_014,IC02_牧島,T018_014,T018_017_IC02.wav
T018_021,T018,IC01_根本,T018_000,T018_021_IC01.wav
T018_021,T018_010,IC02_室野,T018_010,T018_021_IC02.wav
T018_022,T018,IC01_根本,T018_000,T018_022_IC01.wav
T018_022,T018_013,IC02_由良,T018_013,T018_022_IC02.wav
T019_002,T019,IC01_原田,T019_000,T019_002_IC01.wav
T019_002,T019_001,IC02_郷美,T019_001,T019_002_IC02.wav
T019_002,T019_002,IC03_晴哉,T019_002,T019_002_IC03.wav
T019_002,T019_003,IC04_麗央,T019_003,T019_002_IC04.wav
T019_004,T019,N10A_原田,T019_000,--
T019_004,T019_001,N20A_郷美,T019_001,--
T019_004,T019_002,N40A_晴哉,T019_002,--
T019_004,T019_003,N30A_麗央,T019_003,--
T019_004,T019_004,N70A_朋代,T019_004,--
T019_004,T019_005,IC05_早人,T019_005,T019_004_IC05.wav
T019_004,T019_006,N60A_烈,T019_006,--
T019_004,T019_007,N50A_瑠可,T019_007,--
T019_004,T019_008,IC04_桃代,T019_008,T019_004_IC04.wav
T019_004,T019_009,IC03_忠弘,T019_009,T019_004_IC03.wav
T019_005a,T019,IC01_原田,T019_000,T019_005a_IC01.wav
T019_005a,T019_010,IC02_三島,T019_010,T019_005a_IC02.wav
T019_005a,T019_011,IC03_並木,T019_011,T019_005a_IC03.wav
T019_005a,T019_012,IC04_野茂,T019_012,T019_005a_IC04.wav
T019_005a,T019_013,IC05_的場,T019_013,T019_005a_IC05.wav
T019_005b,T019,IC01_原田,T019_000,T019_005b_IC01.wav
T019_005b,T019_010,IC02_三島,T019_010,T019_005b_IC02.wav
T019_005b,T019_011,IC03_並木,T019_011,T019_005b_IC03.wav
T019_005b,T019_012,IC04_野茂,T019_012,T019_005b_IC04.wav
T019_005b,T019_013,IC05_的場,T019_013,T019_005b_IC05.wav
T019_008a,T019,IC01_原田,T019_000,T019_008a_IC01.wav
T019_008a,T019_014,IC02_美容師,T019_014,T019_008a_IC02.wav
T019_008b,T019,IC01_原田,T019_000,T019_008b_IC01.wav
T019_008b,T019_014,IC02_美容師,T019_014,T019_008b_IC02.wav
T019_010,T019,IC01_原田,T019_000,T019_010_IC01.wav
T019_010,T019_001,IC02_郷美,T019_001,T019_010_IC02.wav
T019_010,T019_002,IC03_晴哉,T019_002,T019_010_IC03.wav
T019_010,T019_003,IC04_麗央,T019_003,T019_010_IC04.wav
T019_011a,T019,IC01_原田,T019_000,T019_011a_IC01.wav
T019_011a,T019_001,IC02_郷美,T019_001,T019_011a_IC02.wav
T019_011b,T019,IC01_原田,T019_000,T019_011b_IC01.wav
T019_011b,T019_001,IC02_郷美,T019_001,T019_011b_IC02.wav
T019_015,T019,IC01_原田,T019_000,T019_015_IC01.wav
T019_015,T019_001,IC02_郷美,T019_001,T019_015_IC02.wav
T019_015,T019_002,IC03_晴哉,T019_002,T019_015_IC03.wav
T019_015,T019_003,IC04_麗央,T019_003,T019_015_IC04.wav
T019_016,T019,IC01_原田,T019_000,T019_016_IC01.wav
T019_016,T019_002,IC02_晴哉,T019_002,T019_016_IC02.wav
T020_001,T020,IC01_槇原,T020_000,T020_001_IC01.wav
T020_001,T020_001,IC02_皐月,T020_001,T020_001_IC02.wav
T020_001,T020_002,IC03_菜桜,T020_002,T020_001_IC03.wav
T020_001,T020_003,IC04_葉月,T020_003,T020_001_IC04.wav
T020_003,T020,IC01_槇原,T020_000,T020_003_IC01.wav
T020_003,T020_005,IC03_川野,T020_005,T020_003_IC03.wav
T020_004,T020,IC01_槇原,T020_000,T020_004_IC01.wav
T020_004,T020_004,IC04_小暮,T020_004,T020_004_IC04.wav
T020_004,T020_006,IC03_七原,T020_006,T020_004_IC03.wav
T020_004,T020_021,N303_宇良,T020_021,--
T020_004,T020_023,N20B_寺居,T020_023,--
T020_004,T020_026,N10B_長塚,T020_026,--
T020_006,T020,IC01_槇原,T020_000,T020_006_IC01.wav
T020_006,T020_009,IC02_浜名,T020_009,T020_006_IC02.wav
T020_007,T020,IC01_槇原,T020_000,T020_007_IC01.wav
T020_007,T020_014,IC02_妹尾,T020_014,T020_007_IC02.wav
T020_007,T020_037,Z10A_同僚,T020_037,--
T020_008,T020,IC01_槇原,T020_000,T020_008_IC01.wav
T020_008,T020_010,IC02_チコ,T020_010,T020_008_IC02.wav
T020_008,T020_028,N10A_苅野,T020_028,--
T020_008,T020_029,N20A_田安,T020_029,--
T020_008,T020_030,N30A_若田,T020_030,--
T020_009,T020,IC01_槇原,T020_000,T020_009_IC01.wav
T020_009,T020_010,IC02_チコ,T020_010,T020_009_IC02.wav
T020_010a,T020,IC01_槇原,T020_000,T020_010a_IC01.wav
T020_010a,T020_011,IC02_妹,T020_011,T020_010a_IC02.wav
T020_010b,T020,IC01_槇原,T020_000,T020_010b_IC01.wav
T020_010b,T020_011,IC02_妹,T020_011,T020_010b_IC02.wav
T020_010c,T020,IC01_槇原,T020_000,T020_010c_IC01.wav
T020_010c,T020_011,IC02_妹,T020_011,T020_010c_IC02.wav
T020_010d,T020,IC01_槇原,T020_000,T020_010d_IC01.wav
T020_010d,T020_002,N10A_菜桜,T020_002,--
T020_010d,T020_008,N20A_母,T020_008,--
T020_010d,T020_011,IC02_妹,T020_011,T020_010d_IC02.wav
T020_011,T020,IC01_槇原,T020_000,T020_011_IC01.wav
T020_011,T020_001,IC05_皐月,T020_001,T020_011_IC05.wav
T020_011,T020_002,IC04_菜桜,T020_002,T020_011_IC04.wav
T020_011,T020_003,N101_葉月,T020_003,--
T020_011,T020_007,IC03_父,T020_007,T020_011_IC03.wav
T020_011,T020_008,N201_母,T020_008,--
T020_011,T020_011,IC02_妹,T020_011,T020_011_IC02.wav
T020_012,T020,IC01_槇原,T020_000,T020_012_IC01.wav
T020_012,T020_001,IC03_皐月,T020_001,T020_012_IC03.wav
T020_012,T020_002,N10A_菜桜,T020_002,--
T020_012,T020_003,IC02_葉月,T020_003,T020_012_IC02.wav
T020_013a,T020,IC01_槇原,T020_000,T020_013a_IC01.wav
T020_013a,T020_001,IC02_皐月,T020_001,T020_013a_IC02.wav
T020_013a,T020_003,N10A_葉月,T020_003,--
T020_013b,T020,IC01_槇原,T020_000,T020_013b_IC01.wav
T020_013b,T020_001,IC02_皐月,T020_001,T020_013b_IC02.wav
T020_013b,T020_003,N10A_葉月,T020_003,--
T020_020a,T020,IC01_槇原,T020_000,T020_020a_IC01.wav
T020_020a,T020_004,IC04_小暮,T020_004,T020_020a_IC04.wav
T020_020a,T020_006,N40A_七原,T020_006,--
T020_020a,T020_014,IC03_妹尾,T020_014,T020_020a_IC03.wav
T020_020a,T020_021,N20A_宇良,T020_021,--
T020_020a,T020_024,N10A_秋谷,T020_024,--
T020_020a,T020_031,N60A_雛形,T020_031,--
T020_020a,T020_033,N30A_藤沢,T020_033,--
T020_020a,T020_036,N50A_鳩井,T020_036,--
T020_020b,T020,IC01_槇原,T020_000,T020_020b_IC01.wav
T020_020b,T020_004,IC04_小暮,T020_004,T020_020b_IC04.wav
T020_020b,T020_006,N40A_七原,T020_006,--
T020_020b,T020_014,IC03_妹尾,T020_014,T020_020b_IC03.wav
T020_020b,T020_021,N20A_宇良,T020_021,--
T020_020b,T020_024,N10A_秋谷,T020_024,--
T020_020b,T020_031,N60A_雛形,T020_031,--
T020_020b,T020_033,N30A_藤沢,T020_033,--
T020_020b,T020_036,N50A_鳩井,T020_036,--
T020_021,T020,IC01_槇原,T020_000,T020_021_IC01.wav
T020_021,T020_005,N20A_川野,T020_005,--
T020_021,T020_010,N30A_チコ,T020_010,--
T020_021,T020_018,IC03_玉津,T020_018,T020_021_IC03.wav
T020_021,T020_019,IC05_池下,T020_019,T020_021_IC05.wav
T020_021,T020_023,N10A_寺居,T020_023,--
T020_021,T020_032,IC04_平田,T020_032,T020_021_IC04.wav
T020_022a,T020,IC01_槇原,T020_000,T020_022a_IC01.wav
T020_022a,T020_020,IC02_亘理,T020_020,T020_022a_IC02.wav
T020_022b,T020,IC01_槇原,T020_000,T020_022b_IC01.wav
T020_022b,T020_020,IC02_亘理,T020_020,T020_022b_IC02.wav
T020_022c,T020,IC01_槇原,T020_000,T020_022c_IC01.wav
T020_022c,T020_020,IC02_亘理,T020_020,T020_022c_IC02.wav
T020_022d,T020,IC01_槇原,T020_000,T020_022d_IC01.wav
T020_022d,T020_020,IC02_亘理,T020_020,T020_022d_IC02.wav
T020_025,T020,IC01_槇原,T020_000,T020_025_IC01.wav
T020_025,T020_004,IC04_小暮,T020_004,T020_025_IC04.wav
T020_025,T020_021,N40A_宇良,T020_021,--
T020_025,T020_022,IC05_川崎,T020_022,T020_025_IC05.wav
T020_025,T020_023,N30A_寺居,T020_023,--
T020_025,T020_033,IC02_藤沢,T020_033,T020_025_IC02.wav
T020_025,T020_034,N201_中屋敷,T020_034,--
T020_025,T020_035,N10A_作並,T020_035,--
T021_002,T021,IC01_船戸,T021_000,T021_002_IC01.wav
T021_002,T021_001,IC02_野見山,T021_001,T021_002_IC02.wav
T021_003,T021,IC01_船戸,T021_000,T021_003_IC01.wav
T021_003,T021_003,IC02_邦和,T021_003,T021_003_IC02.wav
T021_005,T021,IC01_船戸,T021_000,T021_005_IC01.wav
T021_005,T021_005,IC02_日沢,T021_005,T021_005_IC02.wav
T021_006,T021,IC01_船戸,T021_000,T021_006_IC01.wav
T021_006,T021_014,IC02_小川,T021_014,T021_006_IC02.wav
T021_006,T021_022,Z10A_訪問客,T021_022,--
T021_007,T021,IC01_船戸,T021_000,T021_007_IC01.wav
T021_007,T021_006,IC02_楓夏,T021_006,T021_007_IC02.wav
T021_008,T021,IC01_船戸,T021_000,T021_008_IC01.wav
T021_008,T021_002,N10A_治成,T021_002,--
T021_008,T021_006,IC03_楓夏,T021_006,T021_008_IC03.wav
T021_008,T021_007,IC02_美津子,T021_007,T021_008_IC02.wav
T021_010a,T021,IC06_船戸,T021_000,T021_010a_IC06.wav
T021_010a,T021_008,IC05_進治,T021_008,T021_010a_IC05.wav
T021_010a,T021_009,IC03_紀香,T021_009,T021_010a_IC03.wav
T021_010a,T021_010,N10A_早穂,T021_010,--
T021_010a,T021_011,IC04_宗哲,T021_011,T021_010a_IC04.wav
T021_010a,T021_012,IC02_由香,T021_012,T021_010a_IC02.wav
T021_010b,T021,IC06_船戸,T021_000,T021_010b_IC06.wav
T021_010b,T021_008,IC05_進治,T021_008,T021_010b_IC05.wav
T021_010b,T021_009,IC03_紀香,T021_009,T021_010b_IC03.wav
T021_010b,T021_010,N10A_早穂,T021_010,--
T021_010b,T021_011,IC04_宗哲,T021_011,T021_010b_IC04.wav
T021_010b,T021_012,IC02_由香,T021_012,T021_010b_IC02.wav
T021_011a,T021,IC01_船戸,T021_000,T021_011a_IC01.wav
T021_011a,T021_013,IC02_十津川,T021_013,T021_011a_IC02.wav
T021_011b,T021,IC01_船戸,T021_000,T021_011b_IC01.wav
T021_011b,T021_013,IC02_十津川,T021_013,T021_011b_IC02.wav
T021_014,T021,IC01_船戸,T021_000,T021_014_IC01.wav
T021_014,T021_002,IC02_治成,T021_002,T021_014_IC02.wav
T021_015,T021,N10A_船戸,T021_000,--
T021_015,T021_015,N20A_季世恵,T021_015,--
T021_016,T021,IC01_船戸,T021_000,T021_016_IC01.wav
T021_016,T021_004,IC02_春枝,T021_004,T021_016_IC02.wav
T022_003,T022,IC01_雪室,T022_000,T022_003_IC01.wav
T022_003,T022_001,IC02_マサ,T022_001,T022_003_IC02.wav
T022_005,T022,IC01_雪室,T022_000,T022_005_IC01.wav
T022_005,T022_001,IC02_マサ,T022_001,T022_005_IC02.wav
T022_007a,T022,IC01_雪室,T022_000,T022_007a_IC01.wav
T022_007a,T022_005,IC02_こう,T022_005,T022_007a_IC02.wav
T022_007b,T022,IC01_雪室,T022_000,T022_007b_IC01.wav
T022_007b,T022_005,IC02_こう,T022_005,T022_007b_IC02.wav
T022_008a,T022,IC01_雪室,T022_000,T022_008a_IC01.wav
T022_008a,T022_006,IC02_西野,T022_006,T022_008a_IC02.wav
T022_008a,T022_007,IC03_成田,T022_007,T022_008a_IC03.wav
T022_008a,T022_014,Z10B_店員,T022_014,--
T022_008a,T022_015,Z20B_店員,T022_015,--
T022_008b,T022,IC01_雪室,T022_000,T022_008b_IC01.wav
T022_008b,T022_006,IC02_西野,T022_006,T022_008b_IC02.wav
T022_008b,T022_007,IC03_成田,T022_007,T022_008b_IC03.wav
T022_008b,T022_014,Z10B_店員,T022_014,--
T022_008c,T022,IC01_雪室,T022_000,T022_008c_IC01.wav
T022_008c,T022_006,IC02_西野,T022_006,T022_008c_IC02.wav
T022_008c,T022_007,IC03_成田,T022_007,T022_008c_IC03.wav
T022_008c,T022_014,Z10B_店員,T022_014,--
T022_009,T022,IC01_雪室,T022_000,T022_009_IC01.wav
T022_009,T022_001,IC02_マサ,T022_001,T022_009_IC02.wav
T022_011,T022,IC01_雪室,T022_000,T022_011_IC01.wav
T022_011,T022_005,IC02_こう,T022_005,T022_011_IC02.wav
T022_011,T022_008,IC03_越谷,T022_008,T022_011_IC03.wav
T022_011,T022_010,N10B_しゅん,T022_010,--
T022_011,T022_013,Z10B_店員,T022_013,--
T022_012,T022,IC01_雪室,T022_000,T022_012_IC01.wav
T022_012,T022_010,N10A_しゅん,T022_010,--
T022_013a,T022,IC01_雪室,T022_000,T022_013a_IC01.wav
T022_013a,T022_002,IC02_ひで,T022_002,T022_013a_IC02.wav
T022_013a,T022_009,IC03_中浦,T022_009,T022_013a_IC03.wav
T022_013a,T022_011,IC04_治之丞,T022_011,T022_013a_IC04.wav
T022_013b,T022,IC01_雪室,T022_000,T022_013b_IC01.wav
T022_013b,T022_002,IC02_ひで,T022_002,T022_013b_IC02.wav
T022_013b,T022_009,IC03_中浦,T022_009,T022_013b_IC03.wav
T022_013b,T022_011,IC04_治之丞,T022_011,T022_013b_IC04.wav
T022_013c,T022,IC01_雪室,T022_000,T022_013c_IC01.wav
T022_013c,T022_002,IC02_ひで,T022_002,T022_013c_IC02.wav
T022_013c,T022_009,IC03_中浦,T022_009,T022_013c_IC03.wav
T022_013c,T022_011,IC04_治之丞,T022_011,T022_013c_IC04.wav
T022_013d,T022,IC01_雪室,T022_000,T022_013d_IC01.wav
T022_013d,T022_002,IC02_ひで,T022_002,T022_013d_IC02.wav
T022_013d,T022_009,IC03_中浦,T022_009,T022_013d_IC03.wav
T022_013d,T022_011,IC04_治之丞,T022_011,T022_013d_IC04.wav
T022_015,T022,IC01_雪室,T022_000,T022_015_IC01.wav
T022_015,T022_011,IC02_治之丞,T022_011,T022_015_IC02.wav
T022_015,T022_013,Z10B_店員,T022_013,--
T022_017a,T022,IC01_雪室,T022_000,T022_017a_IC01.wav
T022_017a,T022_012,IC02_風間,T022_012,T022_017a_IC02.wav
T022_017b,T022,IC01_雪室,T022_000,T022_017b_IC01.wav
T022_017b,T022_012,IC02_風間,T022_012,T022_017b_IC02.wav
T023_001,T023,IC01_指田,T023_000,T023_001_IC01.wav
T023_001,T023_001,IC02_紀子,T023_001,T023_001_IC02.wav
T023_002,T023,IC01_指田,T023_000,T023_002_IC01.wav
T023_002,T023_001,IC02_紀子,T023_001,T023_002_IC02.wav
T023_002,T023_002,IC03_智香,T023_002,T023_002_IC03.wav
T023_002,T023_003,IC04_拓司,T023_003,T023_002_IC04.wav
T023_002,T023_004,N10A_栄作,T023_004,--
T023_004,T023,IC01_指田,T023_000,T023_004_IC01.wav
T023_004,T023_001,IC02_紀子,T023_001,T023_004_IC02.wav
T023_004,T023_007,IC03_深田,T023_007,T023_004_IC03.wav
T023_004,T023_008,IC04_岩川,T023_008,T023_004_IC04.wav
T023_004,T023_009,IC05_島井,T023_009,T023_004_IC05.wav
T023_004,T023_010,IC06_大橋,T023_010,T023_004_IC06.wav
T023_005,T023,IC01_指田,T023_000,T023_005_IC01.wav
T023_005,T023_005,IC04_嘉村,T023_005,T023_005_IC04.wav
T023_005,T023_006,IC06_折口,T023_006,T023_005_IC06.wav
T023_007,T023,IC01_指田,T023_000,T023_007_IC01.wav
T023_007,T023_011,IC04_宮部,T023_011,T023_007_IC04.wav
T023_008a,T023,IC01_指田,T023_000,T023_008a_IC01.wav
T023_008a,T023_001,IC02_紀子,T023_001,T023_008a_IC02.wav
T023_008a,T023_012,IC04_実,T023_012,T023_008a_IC04.wav
T023_008a,T023_013,IC03_雪乃,T023_013,T023_008a_IC03.wav
T023_008b,T023,IC01_指田,T023_000,T023_008b_IC01.wav
T023_008b,T023_001,IC02_紀子,T023_001,T023_008b_IC02.wav
T023_008b,T023_012,IC04_実,T023_012,T023_008b_IC04.wav
T023_008b,T023_013,IC03_雪乃,T023_013,T023_008b_IC03.wav
T023_009,T023,IC01_指田,T023_000,T023_009_IC01.wav
T023_009,T023_014,IC02_古久保,T023_014,T023_009_IC02.wav
T023_009,T023_015,IC03_黒森,T023_015,T023_009_IC03.wav
T023_009,T023_016,IC04_牛島,T023_016,T023_009_IC04.wav
T023_009,T023_017,IC05_今林,T023_017,T023_009_IC05.wav
T023_009,T023_023,Z10A_店員,T023_023,--
T023_011,T023,IC01_指田,T023_000,T023_011_IC01.wav
T023_011,T023_001,IC02_紀子,T023_001,T023_011_IC02.wav
T023_011,T023_002,IC03_智香,T023_002,T023_011_IC03.wav
T023_011,T023_018,IC04_和恵,T023_018,T023_011_IC04.wav
T023_012,T023,IC01_指田,T023_000,T023_012_IC01.wav
T023_012,T023_001,IC02_紀子,T023_001,T023_012_IC02.wav
T023_012,T023_018,IC04_和恵,T023_018,T023_012_IC04.wav
T023_013,T023,IC01_指田,T023_000,T023_013_IC01.wav
T023_013,T023_001,IC02_紀子,T023_001,T023_013_IC02.wav
T023_017,T023,IC01_指田,T023_000,T023_017_IC01.wav
T023_017,T023_020,IC04_笠松,T023_020,T023_017_IC04.wav
T023_020,T023,IC01_指田,T023_000,T023_020_IC01.wav
T023_020,T023_022,IC04_伊吹,T023_022,T023_020_IC04.wav
T023_020,T023_024,Z10A_店員,T023_024,--
T024_001,T024,IC01_堂島,T024_000,T024_001_IC01.wav
T024_001,T024_002,IC03_みどり,T024_002,T024_001_IC03.wav
T024_001,T024_003,IC02_瀬菜,T024_003,T024_001_IC02.wav
T024_003a,T024,IC01_堂島,T024_000,T024_003a_IC01.wav
T024_003a,T024_001,IC04_小春,T024_001,T024_003a_IC04.wav
T024_003a,T024_002,IC05_みどり,T024_002,T024_003a_IC05.wav
T024_003a,T024_004,N10A_絵美,T024_004,--
T024_003a,T024_005,IC06_秀人,T024_005,T024_003a_IC06.wav
T024_003a,T024_006,IC03_薫,T024_006,T024_003a_IC03.wav
T024_003a,T024_007,IC02_竜彦,T024_007,T024_003a_IC02.wav
T024_003a,T024_018,Z10A_店員,T024_018,--
T024_003b,T024,IC01_堂島,T024_000,T024_003b_IC01.wav
T024_003b,T024_001,IC04_小春,T024_001,T024_003b_IC04.wav
T024_003b,T024_002,IC05_みどり,T024_002,T024_003b_IC05.wav
T024_003b,T024_004,N10A_絵美,T024_004,--
T024_003b,T024_005,IC06_秀人,T024_005,T024_003b_IC06.wav
T024_003b,T024_006,IC03_薫,T024_006,T024_003b_IC03.wav
T024_003b,T024_007,IC02_竜彦,T024_007,T024_003b_IC02.wav
T024_003b,T024_018,Z10A_店員,T024_018,--
T024_004,T024,IC01_堂島,T024_000,T024_004_IC01.wav
T024_004,T024_001,IC02_小春,T024_001,T024_004_IC02.wav
T024_004,T024_002,IC03_みどり,T024_002,T024_004_IC03.wav
T024_004,T024_004,N10B_絵美,T024_004,--
T024_004,T024_005,IC04_秀人,T024_005,T024_004_IC04.wav
T024_005,T024,IC01_堂島,T024_000,T024_005_IC01.wav
T024_005,T024_001,IC04_小春,T024_001,T024_005_IC04.wav
T024_005,T024_002,IC03_みどり,T024_002,T024_005_IC03.wav
T024_005,T024_005,IC02_秀人,T024_005,T024_005_IC02.wav
T024_006,T024,IC01_堂島,T024_000,T024_006_IC01.wav
T024_006,T024_002,IC03_みどり,T024_002,T024_006_IC03.wav
T024_006,T024_003,IC04_瀬菜,T024_003,T024_006_IC04.wav
T024_006,T024_005,N10A_秀人,T024_005,--
T024_007,T024,IC01_堂島,T024_000,T024_007_IC01.wav
T024_007,T024_002,IC03_みどり,T024_002,T024_007_IC03.wav
T024_007,T024_003,IC04_瀬菜,T024_003,T024_007_IC04.wav
T024_007,T024_005,IC02_秀人,T024_005,T024_007_IC02.wav
T024_008,T024,IC01_堂島,T024_000,T024_008_IC01.wav
T024_008,T024_008,IC02_町田,T024_008,T024_008_IC02.wav
T024_008,T024_019,Z10A_店員,T024_019,--
T024_009,T024,IC01_堂島,T024_000,T024_009_IC01.wav
T024_009,T024_009,IC02_小島,T024_009,T024_009_IC02.wav
T024_009,T024_010,N10A_ファン,T024_010,--
T024_009,T024_011,IC04_郷,T024_011,T024_009_IC04.wav
T024_009,T024_012,IC05_田中,T024_012,T024_009_IC05.wav
T024_009,T024_013,N20A_辛島,T024_013,--
T024_009,T024_014,IC06_有坂,T024_014,T024_009_IC06.wav
T024_009,T024_015,IC03_高畑,T024_015,T024_009_IC03.wav
T024_010,T024,IC01_堂島,T024_000,T024_010_IC01.wav
T024_010,T024_010,IC03_ファン,T024_010,T024_010_IC03.wav
T024_010,T024_016,IC02_青島,T024_016,T024_010_IC02.wav
T024_010,T024_017,IC04_久米田,T024_017,T024_010_IC04.wav
T024_010,T024_020,Z10B_店員,T024_020,--
T024_010,T024_021,Z20B_店員,T024_021,--
W001_001a,W001_001,IC01_葉山,W001_001,W001_001a_IC01.wav
W001_001a,W001_002,IC02_鶴島,W001_002,W001_001a_IC02.wav
W001_001a,W001_003,IC08_吉澤,W001_003,W001_001a_IC08.wav
W001_001a,W001_004,IC07_福間,W001_004,W001_001a_IC07.wav
W001_001a,W001_005,IC06_松川,W001_005,W001_001a_IC06.wav
W001_001a,W001_006,N10A_楠見,W001_006,--
W001_001a,W001_007,IC04_池上,W001_007,W001_001a_IC04.wav
W001_001a,W001_008,Z10A_相崎,W001_008,--
W001_001b,W001_001,IC01_葉山,W001_001,W001_001b_IC01.wav
W001_001b,W001_002,IC02_鶴島,W001_002,W001_001b_IC02.wav
W001_001b,W001_003,IC08_吉澤,W001_003,W001_001b_IC08.wav
W001_001b,W001_004,IC07_福間,W001_004,W001_001b_IC07.wav
W001_001b,W001_005,IC06_松川,W001_005,W001_001b_IC06.wav
W001_001b,W001_006,N10A_楠見,W001_006,--
W001_001b,W001_007,IC04_池上,W001_007,W001_001b_IC04.wav
W001_001b,W001_008,Z10A_相崎,W001_008,--
W001_001c,W001_001,IC01_葉山,W001_001,W001_001c_IC01.wav
W001_001c,W001_002,IC02_鶴島,W001_002,W001_001c_IC02.wav
W001_001c,W001_003,IC08_吉澤,W001_003,W001_001c_IC08.wav
W001_001c,W001_004,IC07_福間,W001_004,W001_001c_IC07.wav
W001_001c,W001_005,IC06_松川,W001_005,W001_001c_IC06.wav
W001_001c,W001_006,N10A_楠見,W001_006,--
W001_001c,W001_007,IC04_池上,W001_007,W001_001c_IC04.wav
W001_001c,W001_008,Z10A_相崎,W001_008,--
W001_002,W001_001,IC10_葉山,W001_001,W001_002_IC10.wav
W001_002,W001_005,IC01_松川,W001_005,W001_002_IC01.wav
W001_002,W001_008,Z10A_相崎,W001_008,--
W001_002,W001_009,IC02_神辺,W001_009,W001_002_IC02.wav
W001_002,W001_010,IC09_仲居,W001_010,W001_002_IC09.wav
W001_002,W001_011,IC07_榎田,W001_011,W001_002_IC07.wav
W001_002,W001_012,N10A_南部,W001_012,--
W001_002,W001_013,IC05_川久保,W001_013,W001_002_IC05.wav
W001_002,W001_014,IC03_立浪,W001_014,W001_002_IC03.wav
W001_003a,W001_001,IC15_葉山,W001_001,W001_003a_IC15.wav
W001_003a,W001_005,IC01_松川,W001_005,W001_003a_IC01.wav
W001_003a,W001_008,Z10A_相崎,W001_008,--
W001_003a,W001_009,IC02_神辺,W001_009,W001_003a_IC02.wav
W001_003a,W001_010,IC03_仲居,W001_010,W001_003a_IC03.wav
W001_003a,W001_011,N40A_榎田,W001_011,--
W001_003a,W001_012,N50A_南部,W001_012,--
W001_003a,W001_013,N30A_川久保,W001_013,--
W001_003a,W001_015,IC14_北園,W001_015,W001_003a_IC14.wav
W001_003a,W001_016,IC12_折本,W001_016,W001_003a_IC12.wav
W001_003a,W001_017,IC07_末松,W001_017,W001_003a_IC07.wav
W001_003a,W001_018,N20A_武井,W001_018,--
W001_003a,W001_019,IC06_八柳,W001_019,W001_003a_IC06.wav
W001_003b,W001_001,IC15_葉山,W001_001,W001_003b_IC15.wav
W001_003b,W001_005,IC01_松川,W001_005,W001_003b_IC01.wav
W001_003b,W001_008,Z10A_相崎,W001_008,--
W001_003b,W001_009,IC02_神辺,W001_009,W001_003b_IC02.wav
W001_003b,W001_010,IC03_仲居,W001_010,W001_003b_IC03.wav
W001_003b,W001_011,N40A_榎田,W001_011,--
W001_003b,W001_012,N50A_南部,W001_012,--
W001_003b,W001_013,N30A_川久保,W001_013,--
W001_003b,W001_015,IC14_北園,W001_015,W001_003b_IC14.wav
W001_003b,W001_016,IC12_折本,W001_016,W001_003b_IC12.wav
W001_003b,W001_017,IC07_末松,W001_017,W001_003b_IC07.wav
W001_003b,W001_018,N20A_武井,W001_018,--
W001_003b,W001_019,IC06_八柳,W001_019,W001_003b_IC06.wav
W001_003c,W001_001,IC15_葉山,W001_001,W001_003c_IC15.wav
W001_003c,W001_005,IC01_松川,W001_005,W001_003c_IC01.wav
W001_003c,W001_007,N10A_池上,W001_007,--
W001_003c,W001_008,Z10A_相崎,W001_008,--
W001_003c,W001_009,IC02_神辺,W001_009,W001_003c_IC02.wav
W001_003c,W001_010,IC03_仲居,W001_010,W001_003c_IC03.wav
W001_003c,W001_011,N40A_榎田,W001_011,--
W001_003c,W001_012,N50A_南部,W001_012,--
W001_003c,W001_013,N30A_川久保,W001_013,--
W001_003c,W001_015,IC14_北園,W001_015,W001_003c_IC14.wav
W001_003c,W001_016,IC12_折本,W001_016,W001_003c_IC12.wav
W001_003c,W001_017,IC07_末松,W001_017,W001_003c_IC07.wav
W001_003c,W001_018,N20A_武井,W001_018,--
W001_003c,W001_019,IC06_八柳,W001_019,W001_003c_IC06.wav
W001_003d,W001_001,IC15_葉山,W001_001,W001_003d_IC15.wav
W001_003d,W001_005,IC01_松川,W001_005,W001_003d_IC01.wav
W001_003d,W001_007,N10A_池上,W001_007,--
W001_003d,W001_008,Z10A_相崎,W001_008,--
W001_003d,W001_009,IC02_神辺,W001_009,W001_003d_IC02.wav
W001_003d,W001_010,IC03_仲居,W001_010,W001_003d_IC03.wav
W001_003d,W001_011,N40A_榎田,W001_011,--
W001_003d,W001_012,N50A_南部,W001_012,--
W001_003d,W001_013,N30A_川久保,W001_013,--
W001_003d,W001_015,IC14_北園,W001_015,W001_003d_IC14.wav
W001_003d,W001_016,IC12_折本,W001_016,W001_003d_IC12.wav
W001_003d,W001_017,IC07_末松,W001_017,W001_003d_IC07.wav
W001_003d,W001_018,N20A_武井,W001_018,--
W001_003d,W001_019,IC06_八柳,W001_019,W001_003d_IC06.wav
W001_004,W001_001,IC01_葉山,W001_001,W001_004_IC01.wav
W001_004,W001_005,IC05_松川,W001_005,W001_004_IC05.wav
W001_004,W001_007,N10A_池上,W001_007,--
W001_004,W001_009,IC04_神辺,W001_009,W001_004_IC04.wav
W001_004,W001_010,IC08_仲居,W001_010,W001_004_IC08.wav
W001_004,W001_012,N30A_南部,W001_012,--
W001_004,W001_013,N20A_川久保,W001_013,--
W001_004,W001_015,N40A_北園,W001_015,--
W001_004,W001_016,IC02_折本,W001_016,W001_004_IC02.wav
W001_004,W001_017,IC10_末松,W001_017,W001_004_IC10.wav
W001_004,W001_018,N60A_武井,W001_018,--
W001_004,W001_019,N50A_八柳,W001_019,--
W002_001,W002_001,IC01_田崎,W002_001,W002_001_IC01.wav
W002_001,W002_002,IC02_友永,W002_002,W002_001_IC02.wav
W002_001,W002_003,IC03_津田,W002_003,W002_001_IC03.wav
W002_001,W002_004,IC04_今村,W002_004,W002_001_IC04.wav
W002_001,W002_005,IC05_志村,W002_005,W002_001_IC05.wav
W002_001,W002_006,IC06_畑中,W002_006,W002_001_IC06.wav
W002_001,W002_007,IC07_松田,W002_007,W002_001_IC07.wav
W002_001,W002_008,IC08_岩国,W002_008,W002_001_IC08.wav
W002_001,W002_009,IC09_井田,W002_009,W002_001_IC09.wav
W002_001,W002_010,IC10_寺井,W002_010,W002_001_IC10.wav
W002_001,W002_011,IC11_板野,W002_011,W002_001_IC11.wav
W002_001,W002_012,IC12_柴田,W002_012,W002_001_IC12.wav
W002_001,W002_013,IC13_物井,W002_013,W002_001_IC13.wav
W002_001,W002_014,IC14_渋沢,W002_014,W002_001_IC14.wav
W003_001,W003_001,IC01_島屋,W003_001,W003_001_IC01.wav
W003_001,W003_002,IC02_宍戸,W003_002,W003_001_IC02.wav
W003_001,W003_003,IC03_種川,W003_003,W003_001_IC03.wav
W003_001,W003_004,N10A_中森,W003_004,--
W003_001,W003_005,Z10A_生徒,W003_005,--
W003_002,W003_002,IC02_宍戸,W003_002,W003_002_IC02.wav
W003_002,W003_003,IC03_種川,W003_003,W003_002_IC03.wav
W004_001a,W004_001,IC01_万波,W004_001,W004_001a_IC01.wav
W004_001a,W004_002,IC06_大原,W004_002,W004_001a_IC06.wav
W004_001a,W004_003,IC04_菅井,W004_003,W004_001a_IC04.wav
W004_001a,W004_004,IC02_間島,W004_004,W004_001a_IC02.wav
W004_001a,W004_005,IC03_鹿田,W004_005,W004_001a_IC03.wav
W004_001a,W004_006,IC05_沖田,W004_006,W004_001a_IC05.wav
W004_001b,W004_001,IC01_万波,W004_001,W004_001b_IC01.wav
W004_001b,W004_002,IC06_大原,W004_002,W004_001b_IC06.wav
W004_001b,W004_003,IC04_菅井,W004_003,W004_001b_IC04.wav
W004_001b,W004_004,IC02_間島,W004_004,W004_001b_IC02.wav
W004_001b,W004_005,IC03_鹿田,W004_005,W004_001b_IC03.wav
W004_001b,W004_006,IC05_沖田,W004_006,W004_001b_IC05.wav
W004_002,W004_001,IC01_万波,W004_001,W004_002_IC01.wav
W004_002,W004_002,IC06_大原,W004_002,W004_002_IC06.wav
W004_002,W004_003,IC04_菅井,W004_003,W004_002_IC04.wav
W004_002,W004_004,IC02_間島,W004_004,W004_002_IC02.wav
W004_002,W004_005,IC03_鹿田,W004_005,W004_002_IC03.wav
W004_002,W004_006,IC05_沖田,W004_006,W004_002_IC05.wav
W004_003,W004_001,IC01_万波,W004_001,W004_003_IC01.wav
W004_003,W004_002,IC06_大原,W004_002,W004_003_IC06.wav
W004_003,W004_003,IC04_菅井,W004_003,W004_003_IC04.wav
W004_003,W004_004,IC02_間島,W004_004,W004_003_IC02.wav
W004_003,W004_005,IC03_鹿田,W004_005,W004_003_IC03.wav
W004_003,W004_006,IC05_沖田,W004_006,W004_003_IC05.wav
W004_004a,W004_001,IC01_万波,W004_001,W004_004a_IC01.wav
W004_004a,W004_002,IC06_大原,W004_002,W004_004a_IC06.wav
W004_004a,W004_003,IC04_菅井,W004_003,W004_004a_IC04.wav
W004_004a,W004_004,IC02_間島,W004_004,W004_004a_IC02.wav
W004_004a,W004_005,IC03_鹿田,W004_005,W004_004a_IC03.wav
W004_004a,W004_006,IC05_沖田,W004_006,W004_004a_IC05.wav
W004_004a,W004_007,Z10A_客,W004_007,--
W004_004b,W004_001,IC01_万波,W004_001,W004_004b_IC01.wav
W004_004b,W004_002,IC06_大原,W004_002,W004_004b_IC06.wav
W004_004b,W004_003,IC04_菅井,W004_003,W004_004b_IC04.wav
W004_004b,W004_004,IC02_間島,W004_004,W004_004b_IC02.wav
W004_004b,W004_005,IC03_鹿田,W004_005,W004_004b_IC03.wav
W004_004b,W004_006,IC05_沖田,W004_006,W004_004b_IC05.wav
W004_004b,W004_007,Z10A_客,W004_007,--
W004_005a,W004_001,IC01_万波,W004_001,W004_005a_IC01.wav
W004_005a,W004_002,IC06_大原,W004_002,W004_005a_IC06.wav
W004_005a,W004_003,IC04_菅井,W004_003,W004_005a_IC04.wav
W004_005a,W004_004,IC02_間島,W004_004,W004_005a_IC02.wav
W004_005a,W004_005,IC03_鹿田,W004_005,W004_005a_IC03.wav
W004_005a,W004_006,IC05_沖田,W004_006,W004_005a_IC05.wav
W004_005b,W004_001,IC01_万波,W004_001,W004_005b_IC01.wav
W004_005b,W004_002,IC06_大原,W004_002,W004_005b_IC06.wav
W004_005b,W004_003,IC04_菅井,W004_003,W004_005b_IC04.wav
W004_005b,W004_004,IC02_間島,W004_004,W004_005b_IC02.wav
W004_005b,W004_005,IC03_鹿田,W004_005,W004_005b_IC03.wav
W004_005b,W004_006,IC05_沖田,W004_006,W004_005b_IC05.wav
W004_006,W004_001,IC01_万波,W004_001,W004_006_IC01.wav
W004_006,W004_002,IC06_大原,W004_002,W004_006_IC06.wav
W004_006,W004_003,IC04_菅井,W004_003,W004_006_IC04.wav
W004_006,W004_004,IC02_間島,W004_004,W004_006_IC02.wav
W004_006,W004_005,IC03_鹿田,W004_005,W004_006_IC03.wav
W004_006,W004_006,IC05_沖田,W004_006,W004_006_IC05.wav
W004_007a,W004_001,IC01_万波,W004_001,W004_007a_IC01.wav
W004_007a,W004_002,IC06_大原,W004_002,W004_007a_IC06.wav
W004_007a,W004_003,IC04_菅井,W004_003,W004_007a_IC04.wav
W004_007a,W004_004,IC02_間島,W004_004,W004_007a_IC02.wav
W004_007a,W004_005,IC03_鹿田,W004_005,W004_007a_IC03.wav
W004_007a,W004_006,IC05_沖田,W004_006,W004_007a_IC05.wav
W004_007b,W004_001,IC01_万波,W004_001,W004_007b_IC01.wav
W004_007b,W004_002,IC06_大原,W004_002,W004_007b_IC06.wav
W004_007b,W004_003,IC04_菅井,W004_003,W004_007b_IC04.wav
W004_007b,W004_004,IC02_間島,W004_004,W004_007b_IC02.wav
W004_007b,W004_005,IC03_鹿田,W004_005,W004_007b_IC03.wav
W004_007b,W004_006,IC05_沖田,W004_006,W004_007b_IC05.wav
W004_008a,W004_001,IC01_万波,W004_001,W004_008a_IC01.wav
W004_008a,W004_002,IC06_大原,W004_002,W004_008a_IC06.wav
W004_008a,W004_003,IC04_菅井,W004_003,W004_008a_IC04.wav
W004_008a,W004_004,IC02_間島,W004_004,W004_008a_IC02.wav
W004_008a,W004_005,IC03_鹿田,W004_005,W004_008a_IC03.wav
W004_008a,W004_006,IC05_沖田,W004_006,W004_008a_IC05.wav
W004_008b,W004_001,IC01_万波,W004_001,W004_008b_IC01.wav
W004_008b,W004_002,IC06_大原,W004_002,W004_008b_IC06.wav
W004_008b,W004_003,IC04_菅井,W004_003,W004_008b_IC04.wav
W004_008b,W004_004,IC02_間島,W004_004,W004_008b_IC02.wav
W004_008b,W004_005,IC03_鹿田,W004_005,W004_008b_IC03.wav
W004_008b,W004_006,IC05_沖田,W004_006,W004_008b_IC05.wav
W004_009,W004_001,IC01_万波,W004_001,W004_009_IC01.wav
W004_009,W004_002,IC06_大原,W004_002,W004_009_IC06.wav
W004_009,W004_003,IC04_菅井,W004_003,W004_009_IC04.wav
W004_009,W004_004,IC02_間島,W004_004,W004_009_IC02.wav
W004_009,W004_005,IC03_鹿田,W004_005,W004_009_IC03.wav
W004_009,W004_006,IC05_沖田,W004_006,W004_009_IC05.wav
W004_010a,W004_001,IC01_万波,W004_001,W004_010a_IC01.wav
W004_010a,W004_002,IC06_大原,W004_002,W004_010a_IC06.wav
W004_010a,W004_003,IC04_菅井,W004_003,W004_010a_IC04.wav
W004_010a,W004_004,IC02_間島,W004_004,W004_010a_IC02.wav
W004_010a,W004_005,IC03_鹿田,W004_005,W004_010a_IC03.wav
W004_010a,W004_006,IC05_沖田,W004_006,W004_010a_IC05.wav
W004_010b,W004_001,IC01_万波,W004_001,W004_010b_IC01.wav
W004_010b,W004_002,IC06_大原,W004_002,W004_010b_IC06.wav
W004_010b,W004_003,IC04_菅井,W004_003,W004_010b_IC04.wav
W004_010b,W004_004,IC02_間島,W004_004,W004_010b_IC02.wav
W004_010b,W004_005,IC03_鹿田,W004_005,W004_010b_IC03.wav
W004_010b,W004_006,IC05_沖田,W004_006,W004_010b_IC05.wav
W005_001,W005_001,IC07_葉山,W005_001,W005_001_IC07.wav
W005_001,W005_002,IC09_秋山,W005_002,W005_001_IC09.wav
W005_001,W005_003,IC01_下曽山,W005_003,W005_001_IC01.wav
W005_001,W005_004,IC02_広野,W005_004,W005_001_IC02.wav
W005_001,W005_005,IC03_片山,W005_005,W005_001_IC03.wav
W005_001,W005_006,IC04_渡野,W005_006,W005_001_IC04.wav
W005_001,W005_007,IC05_峯岸,W005_007,W005_001_IC05.wav
W005_001,W005_008,IC06_糸山,W005_008,W005_001_IC06.wav
W005_001,W005_009,IC08_仲居,W005_009,W005_001_IC08.wav
W006_001,W006_001,IC01_舞奈,W006_001,W006_001_IC01.wav
W006_001,W006_002,N10B_梨緒,W006_002,--
W006_001,W006_003,Z10B_店員,W006_003,--
W006_001,W006_004,IC02_若菜,W006_004,W006_001_IC02.wav
W007_002,W007_003,IC02_一色,W007_003,W007_002_IC02.wav
W007_002,W007_007,IC01_白石,W007_007,W007_002_IC01.wav
W007_003,W007_003,IC02_一色,W007_003,W007_003_IC02.wav
W007_003,W007_006,IC03_湯本,W007_006,W007_003_IC03.wav
W007_003,W007_007,IC01_白石,W007_007,W007_003_IC01.wav
W007_004a,W007_004,IC03_野守,W007_004,W007_004a_IC03.wav
W007_004a,W007_005,IC02_滝山,W007_005,W007_004a_IC02.wav
W007_004a,W007_007,IC01_白石,W007_007,W007_004a_IC01.wav
W007_004b,W007_004,IC03_野守,W007_004,W007_004b_IC03.wav
W007_004b,W007_005,IC02_滝山,W007_005,W007_004b_IC02.wav
W007_004b,W007_007,IC01_白石,W007_007,W007_004b_IC01.wav
W008_001a,W008_001,IC01_峰,W008_001,W008_001a_IC01.wav
W008_001a,W008_002,IC02_藤山,W008_002,W008_001a_IC02.wav
W008_001a,W008_003,IC03_山尾,W008_003,W008_001a_IC03.wav
W008_001a,W008_004,IC04_吉沼,W008_004,W008_001a_IC04.wav
W008_001a,W008_005,IC05_沢口,W008_005,W008_001a_IC05.wav
W008_001b,W008_001,IC01_峰,W008_001,W008_001b_IC01.wav
W008_001b,W008_002,IC02_藤山,W008_002,W008_001b_IC02.wav
W008_001b,W008_003,IC03_山尾,W008_003,W008_001b_IC03.wav
W008_001b,W008_004,IC04_吉沼,W008_004,W008_001b_IC04.wav
W008_001b,W008_005,IC05_沢口,W008_005,W008_001b_IC05.wav
W008_001c,W008_001,IC01_峰,W008_001,W008_001c_IC01.wav
W008_001c,W008_002,IC02_藤山,W008_002,W008_001c_IC02.wav
W008_001c,W008_003,IC03_山尾,W008_003,W008_001c_IC03.wav
W008_001c,W008_004,IC04_吉沼,W008_004,W008_001c_IC04.wav
W008_001c,W008_005,IC05_沢口,W008_005,W008_001c_IC05.wav
W009_001,W009_002,IC02_里奈,W009_002,W009_001_IC02.wav
W009_001,W009_003,IC03_奈々,W009_003,W009_001_IC03.wav
W009_001,W009_004,IC04_由麻,W009_004,W009_001_IC04.wav
W009_001,W009_005,Z10B_店員,W009_005,--
W009_001,W009_006,Z20B_店員,W009_006,--
W009_001,W009_007,IC01_澄香,W009_007,W009_001_IC01.wav
W009_002a,W009_001,IC05_母,W009_001,W009_002a_IC05.wav
W009_002a,W009_007,IC01_澄香,W009_007,W009_002a_IC01.wav
W009_002b,W009_001,IC05_母,W009_001,W009_002b_IC05.wav
W009_002b,W009_007,IC01_澄香,W009_007,W009_002b_IC01.wav
W010_001a,W010_001,IC01_堂本,W010_001,W010_001a_IC01.wav
W010_001a,W010_002,IC02_新島,W010_002,W010_001a_IC02.wav
W010_001b,W010_001,IC01_堂本,W010_001,W010_001b_IC01.wav
W010_001b,W010_002,IC02_新島,W010_002,W010_001b_IC02.wav
W011_001a,W011_001,IC01_百田,W011_001,W011_001a_IC01.wav
W011_001a,W011_002,N20A_鎌江,W011_002,--
W011_001a,W011_003,N10A_沢島,W011_003,--
W011_001b,W011_001,IC01_百田,W011_001,W011_001b_IC01.wav
W011_001b,W011_002,N20A_鎌江,W011_002,--
W011_001b,W011_003,N10A_沢島,W011_003,--