Converting /autofs/diamond2/share/corpus/CEJC/data/C001/C001_001/C001_001_IC01.wav to /autofs/diamond2/share/corpus/CEJC_16bit16kHz/data/C001/C001_001/C001_001_IC01.wav
Converting /autofs/diamond2/share/corpus/CEJC/data/C001/C001_001/C001_001_IC02.wav to /autofs/diamond2/share/corpus/CEJC_16bit16kHz/data/C001/C001_001/C001_001_IC02.wav
Converting /autofs/diamond2/share/corpus/CEJC/data/C001/C001_001/C001_001_IC03.wav to /autofs/diamond2/share/corpus/CEJC_16bit16kHz/data/C001/C001_001/C001_001_IC03.wav
Converting /autofs/diamond2/share/corpus/CEJC/data/C001/C001_001/C001_001_IC04.wav to /autofs/diamond2/share/corpus/CEJC_16bit16kHz/data/C001/C001_001/C001_001_IC04.wav
Converting /autofs/diamond2/share/corpus/CEJC/data/C001/C001_001/C001_001_IC05.wav to /autofs/diamond2/share/corpus/CEJC_16bit16kHz/data/C001/C001_001/C001_001_IC05.wav
Converting /autofs/diamond2/share/corpus/CEJC/data/C001/C001_001/C001_001_IC0A.wav to /autofs/diamond2/share/corpus/CEJC_16bit16kHz/data/C001/C001_001/C001_001_IC0A.wav
Converting /autofs/diamond2/share/corpus/CEJC/data/C001/C001_002/C001_002_IC01.wav to /autofs/diamond2/share/corpus/CEJC_16bit16kHz/data/C001/C001_002/C001_002_IC01.wav
Converting /autofs/diamond2/share/corpus/CEJC/data/C001/C001_002/C001_002_IC02.wav to /autofs/diamond2/share/corpus/CEJC_16bit16kHz/data/C001/C001_002/C001_002_IC02.wav
Converting /autofs/diamond2/share/corpus/CEJC/data/C001/C001_002/C001_002_IC0A.wav to /autofs/diamond2/share/corpus/CEJC_16bit16kHz/data/C001/C001_002/C001_002_IC0A.wav
Converting /autofs/diamond2/share/corpus/CEJC/data/C001/C001_003/C001_003_IC01.wav to /autofs/diamond2/share/corpus/CEJC_16bit16kHz/data/C001/C001_003/C001_003_IC01.wav
Converting /autofs/diamond2/share/corpus/CEJC/data/C001/C001_003/C001_003_IC02.wav to /autofs/diamond2/share/corpus/CEJC_16bit16kHz/data/C001/C001_003/C001_003_IC02.wav
Converting /autofs/diamond2/share/corpus/CEJC/data/C001/C001_003/C001_003_IC0A.wav to /autofs/diamond2/share/corpus/CEJC_16bit16kHz/data/C001/C001_003/C001_003_IC0A.wav
Converting /autofs/diamond2/share/corpus/CEJC/data/C001/C001_004/C001_004_IC01.wav to /autofs/diamond2/share/corpus/CEJC_16bit16kHz/data/C001/C001_004/C001_004_IC01.wav
Converting /autofs/diamond2/share/corpus/CEJC/data/C001/C001_004/C001_004_IC02.wav to /autofs/diamond2/share/corpus/CEJC_16bit16kHz/data/C001/C001_004/C001_004_IC02.wav
Converting /autofs/diamond2/share/corpus/CEJC/data/C001/C001_004/C001_004_IC0A.wav to /autofs/diamond2/share/corpus/CEJC_16bit16kHz/data/C001/C001_004/C001_004_IC0A.wav
Converting /autofs/diamond2/share/corpus/CEJC/data/C001/C001_005/C001_005_IC04.wav to /autofs/diamond2/share/corpus/CEJC_16bit16kHz/data/C001/C001_005/C001_005_IC04.wav
Converting /autofs/diamond2/share/corpus/CEJC/data/C001/C001_005/C001_005_IC05.wav to /autofs/diamond2/share/corpus/CEJC_16bit16kHz/data/C001/C001_005/C001_005_IC05.wav
Converting /autofs/diamond2/share/corpus/CEJC/data/C001/C001_005/C001_005_IC0B.wav to /autofs/diamond2/share/corpus/CEJC_16bit16kHz/data/C001/C001_005/C001_005_IC0B.wav
Converting /autofs/diamond2/share/corpus/CEJC/data/C001/C001_006/C001_006_IC04.wav to /autofs/diamond2/share/corpus/CEJC_16bit16kHz/data/C001/C001_006/C001_006_IC04.wav
Converting /autofs/diamond2/share/corpus/CEJC/data/C001/C001_006/C001_006_IC05.wav to /autofs/diamond2/share/corpus/CEJC_16bit16kHz/data/C001/C001_006/C001_006_IC05.wav
Converting /autofs/diamond2/share/corpus/CEJC/data/C001/C001_006/C001_006_IC0B.wav to /autofs/diamond2/share/corpus/CEJC_16bit16kHz/data/C001/C001_006/C001_006_IC0B.wav
Converting /autofs/diamond2/share/corpus/CEJC/data/C001/C001_007/C001_007_IC03.wav to /autofs/diamond2/share/corpus/CEJC_16bit16kHz/data/C001/C001_007/C001_007_IC03.wav
Converting /autofs/diamond2/share/corpus/CEJC/data/C001/C001_007/C001_007_IC04.wav to /autofs/diamond2/share/corpus/CEJC_16bit16kHz/data/C001/C001_007/C001_007_IC04.wav
Converting /autofs/diamond2/share/corpus/CEJC/data/C001/C001_007/C001_007_IC05.wav to /autofs/diamond2/share/corpus/CEJC_16bit16kHz/data/C001/C001_007/C001_007_IC05.wav
Converting /autofs/diamond2/share/corpus/CEJC/data/C001/C001_007/C001_007_IC0A.wav to /autofs/diamond2/share/corpus/CEJC_16bit16kHz/data/C001/C001_007/C001_007_IC0A.wav
Converting /autofs/diamond2/share/corpus/CEJC/data/C001/C001_012/C001_012_IC04.wav to /autofs/diamond2/share/corpus/CEJC_16bit16kHz/data/C001/C001_012/C001_012_IC04.wav
Converting /autofs/diamond2/share/corpus/CEJC/data/C001/C001_012/C001_012_IC05.wav to /autofs/diamond2/share/corpus/CEJC_16bit16kHz/data/C001/C001_012/C001_012_IC05.wav
Converting /autofs/diamond2/share/corpus/CEJC/data/C001/C001_012/C001_012_IC0A.wav to /autofs/diamond2/share/corpus/CEJC_16bit16kHz/data/C001/C001_012/C001_012_IC0A.wav
Converting /autofs/diamond2/share/corpus/CEJC/data/C001/C001_013/C001_013_IC04.wav to /autofs/diamond2/share/corpus/CEJC_16bit16kHz/data/C001/C001_013/C001_013_IC04.wav
Converting /autofs/diamond2/share/corpus/CEJC/data/C001/C001_013/C001_013_IC05.wav to /autofs/diamond2/share/corpus/CEJC_16bit16kHz/data/C001/C001_013/C001_013_IC05.wav
Converting /autofs/diamond2/share/corpus/CEJC/data/C001/C001_013/C001_013_IC0A.wav to /autofs/diamond2/share/corpus/CEJC_16bit16kHz/data/C001/C001_013/C001_013_IC0A.wav
Converting /autofs/diamond2/share/corpus/CEJC/data/C002/C002_003/C002_003_IC01.wav to /autofs/diamond2/share/corpus/CEJC_16bit16kHz/data/C002/C002_003/C002_003_IC01.wav
Converting /autofs/diamond2/share/corpus/CEJC/data/C002/C002_003/C002_003_IC02.wav to /autofs/diamond2/share/corpus/CEJC_16bit16kHz/data/C002/C002_003/C002_003_IC02.wav
Converting /autofs/diamond2/share/corpus/CEJC/data/C002/C002_003/C002_003_IC0B.wav to /autofs/diamond2/share/corpus/CEJC_16bit16kHz/data/C002/C002_003/C002_003_IC0B.wav
Converting /autofs/diamond2/share/corpus/CEJC/data/C002/C002_004/C002_004_IC01.wav to /autofs/diamond2/share/corpus/CEJC_16bit16kHz/data/C002/C002_004/C002_004_IC01.wav
Converting /autofs/diamond2/share/corpus/CEJC/data/C002/C002_004/C002_004_IC03.wav to /autofs/diamond2/share/corpus/CEJC_16bit16kHz/data/C002/C002_004/C002_004_IC03.wav
Converting /autofs/diamond2/share/corpus/CEJC/data/C002/C002_004/C002_004_IC0A.wav to /autofs/diamond2/share/corpus/CEJC_16bit16kHz/data/C002/C002_004/C002_004_IC0A.wav
Converting /autofs/diamond2/share/corpus/CEJC/data/C002/C002_004/C002_004_IC0B.wav to /autofs/diamond2/share/corpus/CEJC_16bit16kHz/data/C002/C002_004/C002_004_IC0B.wav
Converting /autofs/diamond2/share/corpus/CEJC/data/C002/C002_005/C002_005_IC01.wav to /autofs/diamond2/share/corpus/CEJC_16bit16kHz/data/C002/C002_005/C002_005_IC01.wav
Converting /autofs/diamond2/share/corpus/CEJC/data/C002/C002_005/C002_005_IC02.wav to /autofs/diamond2/share/corpus/CEJC_16bit16kHz/data/C002/C002_005/C002_005_IC02.wav
Converting /autofs/diamond2/share/corpus/CEJC/data/C002/C002_005/C002_005_IC0B.wav to /autofs/diamond2/share/corpus/CEJC_16bit16kHz/data/C002/C002_005/C002_005_IC0B.wav
Converting /autofs/diamond2/share/corpus/CEJC/data/C002/C002_006/C002_006a_IC01.wav to /autofs/diamond2/share/corpus/CEJC_16bit16kHz/data/C002/C002_006/C002_006a_IC01.wav
Converting /autofs/diamond2/share/corpus/CEJC/data/C002/C002_006/C002_006a_IC02.wav to /autofs/diamond2/share/corpus/CEJC_16bit16kHz/data/C002/C002_006/C002_006a_IC02.wav
Converting /autofs/diamond2/share/corpus/CEJC/data/C002/C002_006/C002_006a_IC03.wav to /autofs/diamond2/share/corpus/CEJC_16bit16kHz/data/C002/C002_006/C002_006a_IC03.wav
Converting /autofs/diamond2/share/corpus/CEJC/data/C002/C002_006/C002_006a_IC0A.wav to /autofs/diamond2/share/corpus/CEJC_16bit16kHz/data/C002/C002_006/C002_006a_IC0A.wav
Converting /autofs/diamond2/share/corpus/CEJC/data/C002/C002_006/C002_006a_IC0B.wav to /autofs/diamond2/share/corpus/CEJC_16bit16kHz/data/C002/C002_006/C002_006a_IC0B.wav
Converting /autofs/diamond2/share/corpus/CEJC/data/C002/C002_006/C002_006b_IC01.wav to /autofs/diamond2/share/corpus/CEJC_16bit16kHz/data/C002/C002_006/C002_006b_IC01.wav
Converting /autofs/diamond2/share/corpus/CEJC/data/C002/C002_006/C002_006b_IC02.wav to /autofs/diamond2/share/corpus/CEJC_16bit16kHz/data/C002/C002_006/C002_006b_IC02.wav
Converting /autofs/diamond2/share/corpus/CEJC/data/C002/C002_006/C002_006b_IC03.wav to /autofs/diamond2/share/corpus/CEJC_16bit16kHz/data/C002/C002_006/C002_006b_IC03.wav
Converting /autofs/diamond2/share/corpus/CEJC/data/C002/C002_006/C002_006b_IC0A.wav to /autofs/diamond2/share/corpus/CEJC_16bit16kHz/data/C002/C002_006/C002_006b_IC0A.wav
Converting /autofs/diamond2/share/corpus/CEJC/data/C002/C002_006/C002_006b_IC0B.wav to /autofs/diamond2/share/corpus/CEJC_16bit16kHz/data/C002/C002_006/C002_006b_IC0B.wav
Converting /autofs/diamond2/share/corpus/CEJC/data/C002/C002_006/C002_006c_IC01.wav to /autofs/diamond2/share/corpus/CEJC_16bit16kHz/data/C002/C002_006/C002_006c_IC01.wav
Converting /autofs/diamond2/share/corpus/CEJC/data/C002/C002_006/C002_006c_IC02.wav to /autofs/diamond2/share/corpus/CEJC_16bit16kHz/data/C002/C002_006/C002_006c_IC02.wav
Converting /autofs/diamond2/share/corpus/CEJC/data/C002/C002_006/C002_006c_IC03.wav to /autofs/diamond2/share/corpus/CEJC_16bit16kHz/data/C002/C002_006/C002_006c_IC03.wav
Converting /autofs/diamond2/share/corpus/CEJC/data/C002/C002_006/C002_006c_IC0A.wav to /autofs/diamond2/share/corpus/CEJC_16bit16kHz/data/C002/C002_006/C002_006c_IC0A.wav
Converting /autofs/diamond2/share/corpus/CEJC/data/C002/C002_006/C002_006c_IC0B.wav to /autofs/diamond2/share/corpus/CEJC_16bit16kHz/data/C002/C002_006/C002_006c_IC0B.wav
Converting /autofs/diamond2/share/corpus/CEJC/data/C002/C002_007/C002_007_IC01.wav to /autofs/diamond2/share/corpus/CEJC_16bit16kHz/data/C002/C002_007/C002_007_IC01.wav
Converting /autofs/diamond2/share/corpus/CEJC/data/C002/C002_007/C002_007_IC02.wav to /autofs/diamond2/share/corpus/CEJC_16bit16kHz/data/C002/C002_007/C002_007_IC02.wav
Converting /autofs/diamond2/share/corpus/CEJC/data/C002/C002_007/C002_007_IC03.wav to /autofs/diamond2/share/corpus/CEJC_16bit16kHz/data/C002/C002_007/C002_007_IC03.wav
Converting /autofs/diamond2/share/corpus/CEJC/data/C002/C002_007/C002_007_IC0B.wav to /autofs/diamond2/share/corpus/CEJC_16bit16kHz/data/C002/C002_007/C002_007_IC0B.wav
Converting /autofs/diamond2/share/corpus/CEJC/data/C002/C002_008/C002_008_IC01.wav to /autofs/diamond2/share/corpus/CEJC_16bit16kHz/data/C002/C002_008/C002_008_IC01.wav
Converting /autofs/diamond2/share/corpus/CEJC/data/C002/C002_008/C002_008_IC03.wav to /autofs/diamond2/share/corpus/CEJC_16bit16kHz/data/C002/C002_008/C002_008_IC03.wav
Converting /autofs/diamond2/share/corpus/CEJC/data/C002/C002_008/C002_008_IC0B.wav to /autofs/diamond2/share/corpus/CEJC_16bit16kHz/data/C002/C002_008/C002_008_IC0B.wav
Converting /autofs/diamond2/share/corpus/CEJC/data/C002/C002_013/C002_013a_IC01.wav to /autofs/diamond2/share/corpus/CEJC_16bit16kHz/data/C002/C002_013/C002_013a_IC01.wav
Converting /autofs/diamond2/share/corpus/CEJC/data/C002/C002_013/C002_013a_IC02.wav to /autofs/diamond2/share/corpus/CEJC_16bit16kHz/data/C002/C002_013/C002_013a_IC02.wav
Converting /autofs/diamond2/share/corpus/CEJC/data/C002/C002_013/C002_013a_IC0A.wav to /autofs/diamond2/share/corpus/CEJC_16bit16kHz/data/C002/C002_013/C002_013a_IC0A.wav
Converting /autofs/diamond2/share/corpus/CEJC/data/C002/C002_013/C002_013b_IC01.wav to /autofs/diamond2/share/corpus/CEJC_16bit16kHz/data/C002/C002_013/C002_013b_IC01.wav
Converting /autofs/diamond2/share/corpus/CEJC/data/C002/C002_013/C002_013b_IC02.wav to /autofs/diamond2/share/corpus/CEJC_16bit16kHz/data/C002/C002_013/C002_013b_IC02.wav
Converting /autofs/diamond2/share/corpus/CEJC/data/C002/C002_013/C002_013b_IC0A.wav to /autofs/diamond2/share/corpus/CEJC_16bit16kHz/data/C002/C002_013/C002_013b_IC0A.wav
Converting /autofs/diamond2/share/corpus/CEJC/data/C002/C002_014/C002_014a_IC03.wav to /autofs/diamond2/share/corpus/CEJC_16bit16kHz/data/C002/C002_014/C002_014a_IC03.wav
Converting /autofs/diamond2/share/corpus/CEJC/data/C002/C002_014/C002_014a_IC0A.wav to /autofs/diamond2/share/corpus/CEJC_16bit16kHz/data/C002/C002_014/C002_014a_IC0A.wav
Converting /autofs/diamond2/share/corpus/CEJC/data/C002/C002_014/C002_014b_IC03.wav to /autofs/diamond2/share/corpus/CEJC_16bit16kHz/data/C002/C002_014/C002_014b_IC03.wav
Converting /autofs/diamond2/share/corpus/CEJC/data/C002/C002_014/C002_014b_IC0A.wav to /autofs/diamond2/share/corpus/CEJC_16bit16kHz/data/C002/C002_014/C002_014b_IC0A.wav
Converting /autofs/diamond2/share/corpus/CEJC/data/C002/C002_015/C002_015_IC01.wav to /autofs/diamond2/share/corpus/CEJC_16bit16kHz/data/C002/C002_015/C002_015_IC01.wav
Converting /autofs/diamond2/share/corpus/CEJC/data/C002/C002_015/C002_015_IC02.wav to /autofs/diamond2/share/corpus/CEJC_16bit16kHz/data/C002/C002_015/C002_015_IC02.wav
Converting /autofs/diamond2/share/corpus/CEJC/data/C002/C002_015/C002_015_IC03.wav to /autofs/diamond2/share/corpus/CEJC_16bit16kHz/data/C002/C002_015/C002_015_IC03.wav
Converting /autofs/diamond2/share/corpus/CEJC/data/C002/C002_015/C002_015_IC0A.wav to /autofs/diamond2/share/corpus/CEJC_16bit16kHz/data/C002/C002_015/C002_015_IC0A.wav
Converting /autofs/diamond2/share/corpus/CEJC/data/C002/C002_015/C002_015_IC0B.wav to /autofs/diamond2/share/corpus/CEJC_16bit16kHz/data/C002/C002_015/C002_015_IC0B.wav
Converting /autofs/diamond2/share/corpus/CEJC/data/C002/C002_016/C002_016_IC01.wav to /autofs/diamond2/share/corpus/CEJC_16bit16kHz/data/C002/C002_016/C002_016_IC01.wav
Converting /autofs/diamond2/share/corpus/CEJC/data/C002/C002_016/C002_016_IC02.wav to /autofs/diamond2/share/corpus/CEJC_16bit16kHz/data/C002/C002_016/C002_016_IC02.wav
Converting /autofs/diamond2/share/corpus/CEJC/data/C002/C002_016/C002_016_IC0B.wav to /autofs/diamond2/share/corpus/CEJC_16bit16kHz/data/C002/C002_016/C002_016_IC0B.wav
Converting /autofs/diamond2/share/corpus/CEJC/data/K001/K001_003/K001_003a_IC01.wav to /autofs/diamond2/share/corpus/CEJC_16bit16kHz/data/K001/K001_003/K001_003a_IC01.wav
Converting /autofs/diamond2/share/corpus/CEJC/data/K001/K001_003/K001_003a_IC02.wav to /autofs/diamond2/share/corpus/CEJC_16bit16kHz/data/K001/K001_003/K001_003a_IC02.wav
Converting /autofs/diamond2/share/corpus/CEJC/data/K001/K001_003/K001_003a_IC03.wav to /autofs/diamond2/share/corpus/CEJC_16bit16kHz/data/K001/K001_003/K001_003a_IC03.wav
Converting /autofs/diamond2/share/corpus/CEJC/data/K001/K001_003/K001_003a_IC0A.wav to /autofs/diamond2/share/corpus/CEJC_16bit16kHz/data/K001/K001_003/K001_003a_IC0A.wav
Converting /autofs/diamond2/share/corpus/CEJC/data/K001/K001_003/K001_003b_IC01.wav to /autofs/diamond2/share/corpus/CEJC_16bit16kHz/data/K001/K001_003/K001_003b_IC01.wav
Converting /autofs/diamond2/share/corpus/CEJC/data/K001/K001_003/K001_003b_IC02.wav to /autofs/diamond2/share/corpus/CEJC_16bit16kHz/data/K001/K001_003/K001_003b_IC02.wav
Converting /autofs/diamond2/share/corpus/CEJC/data/K001/K001_003/K001_003b_IC03.wav to /autofs/diamond2/share/corpus/CEJC_16bit16kHz/data/K001/K001_003/K001_003b_IC03.wav
Converting /autofs/diamond2/share/corpus/CEJC/data/K001/K001_003/K001_003b_IC0A.wav to /autofs/diamond2/share/corpus/CEJC_16bit16kHz/data/K001/K001_003/K001_003b_IC0A.wav
Converting /autofs/diamond2/share/corpus/CEJC/data/K001/K001_004/K001_004_IC01.wav to /autofs/diamond2/share/corpus/CEJC_16bit16kHz/data/K001/K001_004/K001_004_IC01.wav
Converting /autofs/diamond2/share/corpus/CEJC/data/K001/K001_004/K001_004_IC02.wav to /autofs/diamond2/share/corpus/CEJC_16bit16kHz/data/K001/K001_004/K001_004_IC02.wav
Converting /autofs/diamond2/share/corpus/CEJC/data/K001/K001_004/K001_004_IC0A.wav to /autofs/diamond2/share/corpus/CEJC_16bit16kHz/data/K001/K001_004/K001_004_IC0A.wav
Converting /autofs/diamond2/share/corpus/CEJC/data/K001/K001_008/K001_008_IC01.wav to /autofs/diamond2/share/corpus/CEJC_16bit16kHz/data/K001/K001_008/K001_008_IC01.wav
Converting /autofs/diamond2/share/corpus/CEJC/data/K001/K001_008/K001_008_IC02.wav to /autofs/diamond2/share/corpus/CEJC_16bit16kHz/data/K001/K001_008/K001_008_IC02.wav
Converting /autofs/diamond2/share/corpus/CEJC/data/K001/K001_008/K001_008_IC0A.wav to /autofs/diamond2/share/corpus/CEJC_16bit16kHz/data/K001/K001_008/K001_008_IC0A.wav
Converting /autofs/diamond2/share/corpus/CEJC/data/K001/K001_009/K001_009_IC01.wav to /autofs/diamond2/share/corpus/CEJC_16bit16kHz/data/K001/K001_009/K001_009_IC01.wav
Converting /autofs/diamond2/share/corpus/CEJC/data/K001/K001_009/K001_009_IC02.wav to /autofs/diamond2/share/corpus/CEJC_16bit16kHz/data/K001/K001_009/K001_009_IC02.wav
Converting /autofs/diamond2/share/corpus/CEJC/data/K001/K001_009/K001_009_IC0B.wav to /autofs/diamond2/share/corpus/CEJC_16bit16kHz/data/K001/K001_009/K001_009_IC0B.wav
Converting /autofs/diamond2/share/corpus/CEJC/data/K001/K001_010/K001_010_IC01.wav to /autofs/diamond2/share/corpus/CEJC_16bit16kHz/data/K001/K001_010/K001_010_IC01.wav
sox WARN rate: rate clipped 14 samples; decrease volume?
sox WARN dither: dither clipped 13 samples; decrease volume?
Converting /autofs/diamond2/share/corpus/CEJC/data/K001/K001_010/K001_010_IC02.wav to /autofs/diamond2/share/corpus/CEJC_16bit16kHz/data/K001/K001_010/K001_010_IC02.wav
sox WARN rate: rate clipped 6 samples; decrease volume?
sox WARN dither: dither clipped 6 samples; decrease volume?
Converting /autofs/diamond2/share/corpus/CEJC/data/K001/K001_010/K001_010_IC0B.wav to /autofs/diamond2/share/corpus/CEJC_16bit16kHz/data/K001/K001_010/K001_010_IC0B.wav
sox WARN rate: rate clipped 6 samples; decrease volume?
sox WARN dither: dither clipped 5 samples; decrease volume?
Converting /autofs/diamond2/share/corpus/CEJC/data/K001/K001_011/K001_011_IC01.wav to /autofs/diamond2/share/corpus/CEJC_16bit16kHz/data/K001/K001_011/K001_011_IC01.wav
Converting /autofs/diamond2/share/corpus/CEJC/data/K001/K001_011/K001_011_IC02.wav to /autofs/diamond2/share/corpus/CEJC_16bit16kHz/data/K001/K001_011/K001_011_IC02.wav
Converting /autofs/diamond2/share/corpus/CEJC/data/K001/K001_011/K001_011_IC0B.wav to /autofs/diamond2/share/corpus/CEJC_16bit16kHz/data/K001/K001_011/K001_011_IC0B.wav
Converting /autofs/diamond2/share/corpus/CEJC/data/K001/K001_013/K001_013_IC01.wav to /autofs/diamond2/share/corpus/CEJC_16bit16kHz/data/K001/K001_013/K001_013_IC01.wav
sox WARN rate: rate clipped 82 samples; decrease volume?
sox WARN dither: dither clipped 74 samples; decrease volume?
Converting /autofs/diamond2/share/corpus/CEJC/data/K001/K001_013/K001_013_IC02.wav to /autofs/diamond2/share/corpus/CEJC_16bit16kHz/data/K001/K001_013/K001_013_IC02.wav
sox WARN rate: rate clipped 68 samples; decrease volume?
sox WARN dither: dither clipped 57 samples; decrease volume?
Converting /autofs/diamond2/share/corpus/CEJC/data/K001/K001_013/K001_013_IC03.wav to /autofs/diamond2/share/corpus/CEJC_16bit16kHz/data/K001/K001_013/K001_013_IC03.wav
sox WARN rate: rate clipped 111 samples; decrease volume?
sox WARN dither: dither clipped 102 samples; decrease volume?
Converting /autofs/diamond2/share/corpus/CEJC/data/K001/K001_013/K001_013_IC0A.wav to /autofs/diamond2/share/corpus/CEJC_16bit16kHz/data/K001/K001_013/K001_013_IC0A.wav
sox WARN rate: rate clipped 58 samples; decrease volume?
sox WARN dither: dither clipped 55 samples; decrease volume?
Converting /autofs/diamond2/share/corpus/CEJC/data/K001/K001_014/K001_014_IC01.wav to /autofs/diamond2/share/corpus/CEJC_16bit16kHz/data/K001/K001_014/K001_014_IC01.wav
Converting /autofs/diamond2/share/corpus/CEJC/data/K001/K001_014/K001_014_IC02.wav to /autofs/diamond2/share/corpus/CEJC_16bit16kHz/data/K001/K001_014/K001_014_IC02.wav
Converting /autofs/diamond2/share/corpus/CEJC/data/K001/K001_014/K001_014_IC0B.wav to /autofs/diamond2/share/corpus/CEJC_16bit16kHz/data/K001/K001_014/K001_014_IC0B.wav
Converting /autofs/diamond2/share/corpus/CEJC/data/K001/K001_016/K001_016_IC01.wav to /autofs/diamond2/share/corpus/CEJC_16bit16kHz/data/K001/K001_016/K001_016_IC01.wav
Converting /autofs/diamond2/share/corpus/CEJC/data/K001/K001_016/K001_016_IC02.wav to /autofs/diamond2/share/corpus/CEJC_16bit16kHz/data/K001/K001_016/K001_016_IC02.wav
Converting /autofs/diamond2/share/corpus/CEJC/data/K001/K001_016/K001_016_IC03.wav to /autofs/diamond2/share/corpus/CEJC_16bit16kHz/data/K001/K001_016/K001_016_IC03.wav
Converting /autofs/diamond2/share/corpus/CEJC/data/K001/K001_016/K001_016_IC04.wav to /autofs/diamond2/share/corpus/CEJC_16bit16kHz/data/K001/K001_016/K001_016_IC04.wav
Converting /autofs/diamond2/share/corpus/CEJC/data/K001/K001_016/K001_016_IC0B.wav to /autofs/diamond2/share/corpus/CEJC_16bit16kHz/data/K001/K001_016/K001_016_IC0B.wav
Converting /autofs/diamond2/share/corpus/CEJC/data/K001/K001_017/K001_017_IC01.wav to /autofs/diamond2/share/corpus/CEJC_16bit16kHz/data/K001/K001_017/K001_017_IC01.wav
Converting /autofs/diamond2/share/corpus/CEJC/data/K001/K001_017/K001_017_IC02.wav to /autofs/diamond2/share/corpus/CEJC_16bit16kHz/data/K001/K001_017/K001_017_IC02.wav
Converting /autofs/diamond2/share/corpus/CEJC/data/K001/K001_017/K001_017_IC0A.wav to /autofs/diamond2/share/corpus/CEJC_16bit16kHz/data/K001/K001_017/K001_017_IC0A.wav
Converting /autofs/diamond2/share/corpus/CEJC/data/K001/K001_017/K001_017_IC0B.wav to /autofs/diamond2/share/corpus/CEJC_16bit16kHz/data/K001/K001_017/K001_017_IC0B.wav
Converting /autofs/diamond2/share/corpus/CEJC/data/K001/K001_019/K001_019_IC01.wav to /autofs/diamond2/share/corpus/CEJC_16bit16kHz/data/K001/K001_019/K001_019_IC01.wav
Converting /autofs/diamond2/share/corpus/CEJC/data/K001/K001_019/K001_019_IC02.wav to /autofs/diamond2/share/corpus/CEJC_16bit16kHz/data/K001/K001_019/K001_019_IC02.wav
Converting /autofs/diamond2/share/corpus/CEJC/data/K001/K001_019/K001_019_IC0B.wav to /autofs/diamond2/share/corpus/CEJC_16bit16kHz/data/K001/K001_019/K001_019_IC0B.wav
Converting /autofs/diamond2/share/corpus/CEJC/data/K002/K002_003/K002_003a_IC01.wav to /autofs/diamond2/share/corpus/CEJC_16bit16kHz/data/K002/K002_003/K002_003a_IC01.wav
Converting /autofs/diamond2/share/corpus/CEJC/data/K002/K002_003/K002_003a_IC02.wav to /autofs/diamond2/share/corpus/CEJC_16bit16kHz/data/K002/K002_003/K002_003a_IC02.wav
Converting /autofs/diamond2/share/corpus/CEJC/data/K002/K002_003/K002_003a_IC0A.wav to /autofs/diamond2/share/corpus/CEJC_16bit16kHz/data/K002/K002_003/K002_003a_IC0A.wav
Converting /autofs/diamond2/share/corpus/CEJC/data/K002/K002_003/K002_003b_IC01.wav to /autofs/diamond2/share/corpus/CEJC_16bit16kHz/data/K002/K002_003/K002_003b_IC01.wav
Converting /autofs/diamond2/share/corpus/CEJC/data/K002/K002_003/K002_003b_IC02.wav to /autofs/diamond2/share/corpus/CEJC_16bit16kHz/data/K002/K002_003/K002_003b_IC02.wav
Converting /autofs/diamond2/share/corpus/CEJC/data/K002/K002_003/K002_003b_IC0A.wav to /autofs/diamond2/share/corpus/CEJC_16bit16kHz/data/K002/K002_003/K002_003b_IC0A.wav
Converting /autofs/diamond2/share/corpus/CEJC/data/K002/K002_004/K002_004_IC01.wav to /autofs/diamond2/share/corpus/CEJC_16bit16kHz/data/K002/K002_004/K002_004_IC01.wav
Converting /autofs/diamond2/share/corpus/CEJC/data/K002/K002_004/K002_004_IC02.wav to /autofs/diamond2/share/corpus/CEJC_16bit16kHz/data/K002/K002_004/K002_004_IC02.wav
Converting /autofs/diamond2/share/corpus/CEJC/data/K002/K002_004/K002_004_IC0B.wav to /autofs/diamond2/share/corpus/CEJC_16bit16kHz/data/K002/K002_004/K002_004_IC0B.wav
Converting /autofs/diamond2/share/corpus/CEJC/data/K002/K002_007/K002_007_IC01.wav to /autofs/diamond2/share/corpus/CEJC_16bit16kHz/data/K002/K002_007/K002_007_IC01.wav
Converting /autofs/diamond2/share/corpus/CEJC/data/K002/K002_007/K002_007_IC02.wav to /autofs/diamond2/share/corpus/CEJC_16bit16kHz/data/K002/K002_007/K002_007_IC02.wav
Converting /autofs/diamond2/share/corpus/CEJC/data/K002/K002_007/K002_007_IC0A.wav to /autofs/diamond2/share/corpus/CEJC_16bit16kHz/data/K002/K002_007/K002_007_IC0A.wav
Converting /autofs/diamond2/share/corpus/CEJC/data/K002/K002_010/K002_010_IC01.wav to /autofs/diamond2/share/corpus/CEJC_16bit16kHz/data/K002/K002_010/K002_010_IC01.wav
Converting /autofs/diamond2/share/corpus/CEJC/data/K002/K002_010/K002_010_IC02.wav to /autofs/diamond2/share/corpus/CEJC_16bit16kHz/data/K002/K002_010/K002_010_IC02.wav
Converting /autofs/diamond2/share/corpus/CEJC/data/K002/K002_010/K002_010_IC0B.wav to /autofs/diamond2/share/corpus/CEJC_16bit16kHz/data/K002/K002_010/K002_010_IC0B.wav
Converting /autofs/diamond2/share/corpus/CEJC/data/K002/K002_012/K002_012_IC01.wav to /autofs/diamond2/share/corpus/CEJC_16bit16kHz/data/K002/K002_012/K002_012_IC01.wav
sox WARN rate: rate clipped 11 samples; decrease volume?
sox WARN dither: dither clipped 11 samples; decrease volume?
Converting /autofs/diamond2/share/corpus/CEJC/data/K002/K002_012/K002_012_IC02.wav to /autofs/diamond2/share/corpus/CEJC_16bit16kHz/data/K002/K002_012/K002_012_IC02.wav
Converting /autofs/diamond2/share/corpus/CEJC/data/K002/K002_012/K002_012_IC0A.wav to /autofs/diamond2/share/corpus/CEJC_16bit16kHz/data/K002/K002_012/K002_012_IC0A.wav
sox WARN rate: rate clipped 1023 samples; decrease volume?
sox WARN dither: dither clipped 1145 samples; decrease volume?
Converting /autofs/diamond2/share/corpus/CEJC/data/K002/K002_012/K002_012_IC0B.wav to /autofs/diamond2/share/corpus/CEJC_16bit16kHz/data/K002/K002_012/K002_012_IC0B.wav
Converting /autofs/diamond2/share/corpus/CEJC/data/K002/K002_014/K002_014_IC01.wav to /autofs/diamond2/share/corpus/CEJC_16bit16kHz/data/K002/K002_014/K002_014_IC01.wav
sox WARN rate: rate clipped 123 samples; decrease volume?
sox WARN dither: dither clipped 112 samples; decrease volume?
Converting /autofs/diamond2/share/corpus/CEJC/data/K002/K002_014/K002_014_IC02.wav to /autofs/diamond2/share/corpus/CEJC_16bit16kHz/data/K002/K002_014/K002_014_IC02.wav
sox WARN rate: rate clipped 216 samples; decrease volume?
sox WARN dither: dither clipped 245 samples; decrease volume?
Converting /autofs/diamond2/share/corpus/CEJC/data/K002/K002_014/K002_014_IC03.wav to /autofs/diamond2/share/corpus/CEJC_16bit16kHz/data/K002/K002_014/K002_014_IC03.wav
sox WARN rate: rate clipped 29 samples; decrease volume?
sox WARN dither: dither clipped 25 samples; decrease volume?
Converting /autofs/diamond2/share/corpus/CEJC/data/K002/K002_014/K002_014_IC0A.wav to /autofs/diamond2/share/corpus/CEJC_16bit16kHz/data/K002/K002_014/K002_014_IC0A.wav
sox WARN rate: rate clipped 50 samples; decrease volume?
sox WARN dither: dither clipped 38 samples; decrease volume?
Converting /autofs/diamond2/share/corpus/CEJC/data/K002/K002_015/K002_015_IC01.wav to /autofs/diamond2/share/corpus/CEJC_16bit16kHz/data/K002/K002_015/K002_015_IC01.wav
Converting /autofs/diamond2/share/corpus/CEJC/data/K002/K002_015/K002_015_IC02.wav to /autofs/diamond2/share/corpus/CEJC_16bit16kHz/data/K002/K002_015/K002_015_IC02.wav
sox WARN rate: rate clipped 6 samples; decrease volume?
sox WARN dither: dither clipped 5 samples; decrease volume?
Converting /autofs/diamond2/share/corpus/CEJC/data/K002/K002_015/K002_015_IC03.wav to /autofs/diamond2/share/corpus/CEJC_16bit16kHz/data/K002/K002_015/K002_015_IC03.wav
Converting /autofs/diamond2/share/corpus/CEJC/data/K002/K002_015/K002_015_IC0A.wav to /autofs/diamond2/share/corpus/CEJC_16bit16kHz/data/K002/K002_015/K002_015_IC0A.wav
sox WARN rate: rate clipped 20 samples; decrease volume?
sox WARN dither: dither clipped 19 samples; decrease volume?
Converting /autofs/diamond2/share/corpus/CEJC/data/K002/K002_016/K002_016_IC01.wav to /autofs/diamond2/share/corpus/CEJC_16bit16kHz/data/K002/K002_016/K002_016_IC01.wav
Converting /autofs/diamond2/share/corpus/CEJC/data/K002/K002_016/K002_016_IC02.wav to /autofs/diamond2/share/corpus/CEJC_16bit16kHz/data/K002/K002_016/K002_016_IC02.wav
Converting /autofs/diamond2/share/corpus/CEJC/data/K002/K002_016/K002_016_IC0A.wav to /autofs/diamond2/share/corpus/CEJC_16bit16kHz/data/K002/K002_016/K002_016_IC0A.wav
Converting /autofs/diamond2/share/corpus/CEJC/data/K002/K002_016/K002_016_IC0B.wav to /autofs/diamond2/share/corpus/CEJC_16bit16kHz/data/K002/K002_016/K002_016_IC0B.wav
Converting /autofs/diamond2/share/corpus/CEJC/data/K002/K002_017/K002_017_IC01.wav to /autofs/diamond2/share/corpus/CEJC_16bit16kHz/data/K002/K002_017/K002_017_IC01.wav
Converting /autofs/diamond2/share/corpus/CEJC/data/K002/K002_017/K002_017_IC02.wav to /autofs/diamond2/share/corpus/CEJC_16bit16kHz/data/K002/K002_017/K002_017_IC02.wav
Converting /autofs/diamond2/share/corpus/CEJC/data/K002/K002_017/K002_017_IC03.wav to /autofs/diamond2/share/corpus/CEJC_16bit16kHz/data/K002/K002_017/K002_017_IC03.wav
Converting /autofs/diamond2/share/corpus/CEJC/data/K002/K002_017/K002_017_IC0A.wav to /autofs/diamond2/share/corpus/CEJC_16bit16kHz/data/K002/K002_017/K002_017_IC0A.wav
Converting /autofs/diamond2/share/corpus/CEJC/data/K002/K002_018/K002_018_IC01.wav to /autofs/diamond2/share/corpus/CEJC_16bit16kHz/data/K002/K002_018/K002_018_IC01.wav
Converting /autofs/diamond2/share/corpus/CEJC/data/K002/K002_018/K002_018_IC02.wav to /autofs/diamond2/share/corpus/CEJC_16bit16kHz/data/K002/K002_018/K002_018_IC02.wav
Converting /autofs/diamond2/share/corpus/CEJC/data/K002/K002_018/K002_018_IC03.wav to /autofs/diamond2/share/corpus/CEJC_16bit16kHz/data/K002/K002_018/K002_018_IC03.wav
Converting /autofs/diamond2/share/corpus/CEJC/data/K002/K002_018/K002_018_IC04.wav to /autofs/diamond2/share/corpus/CEJC_16bit16kHz/data/K002/K002_018/K002_018_IC04.wav
Converting /autofs/diamond2/share/corpus/CEJC/data/K002/K002_018/K002_018_IC0A.wav to /autofs/diamond2/share/corpus/CEJC_16bit16kHz/data/K002/K002_018/K002_018_IC0A.wav
Converting /autofs/diamond2/share/corpus/CEJC/data/K003/K003_002/K003_002a_IC01.wav to /autofs/diamond2/share/corpus/CEJC_16bit16kHz/data/K003/K003_002/K003_002a_IC01.wav
Converting /autofs/diamond2/share/corpus/CEJC/data/K003/K003_002/K003_002a_IC02.wav to /autofs/diamond2/share/corpus/CEJC_16bit16kHz/data/K003/K003_002/K003_002a_IC02.wav
Converting /autofs/diamond2/share/corpus/CEJC/data/K003/K003_002/K003_002a_IC0A.wav to /autofs/diamond2/share/corpus/CEJC_16bit16kHz/data/K003/K003_002/K003_002a_IC0A.wav
Converting /autofs/diamond2/share/corpus/CEJC/data/K003/K003_002/K003_002b_IC01.wav to /autofs/diamond2/share/corpus/CEJC_16bit16kHz/data/K003/K003_002/K003_002b_IC01.wav
Converting /autofs/diamond2/share/corpus/CEJC/data/K003/K003_002/K003_002b_IC02.wav to /autofs/diamond2/share/corpus/CEJC_16bit16kHz/data/K003/K003_002/K003_002b_IC02.wav
Converting /autofs/diamond2/share/corpus/CEJC/data/K003/K003_002/K003_002b_IC0A.wav to /autofs/diamond2/share/corpus/CEJC_16bit16kHz/data/K003/K003_002/K003_002b_IC0A.wav
Converting /autofs/diamond2/share/corpus/CEJC/data/K003/K003_002/K003_002c_IC01.wav to /autofs/diamond2/share/corpus/CEJC_16bit16kHz/data/K003/K003_002/K003_002c_IC01.wav
Converting /autofs/diamond2/share/corpus/CEJC/data/K003/K003_002/K003_002c_IC02.wav to /autofs/diamond2/share/corpus/CEJC_16bit16kHz/data/K003/K003_002/K003_002c_IC02.wav
Converting /autofs/diamond2/share/corpus/CEJC/data/K003/K003_002/K003_002c_IC0A.wav to /autofs/diamond2/share/corpus/CEJC_16bit16kHz/data/K003/K003_002/K003_002c_IC0A.wav
Converting /autofs/diamond2/share/corpus/CEJC/data/K003/K003_002/K003_002d_IC01.wav to /autofs/diamond2/share/corpus/CEJC_16bit16kHz/data/K003/K003_002/K003_002d_IC01.wav
Converting /autofs/diamond2/share/corpus/CEJC/data/K003/K003_002/K003_002d_IC02.wav to /autofs/diamond2/share/corpus/CEJC_16bit16kHz/data/K003/K003_002/K003_002d_IC02.wav
Converting /autofs/diamond2/share/corpus/CEJC/data/K003/K003_002/K003_002d_IC0A.wav to /autofs/diamond2/share/corpus/CEJC_16bit16kHz/data/K003/K003_002/K003_002d_IC0A.wav
Converting /autofs/diamond2/share/corpus/CEJC/data/K003/K003_003/K003_003_IC01.wav to /autofs/diamond2/share/corpus/CEJC_16bit16kHz/data/K003/K003_003/K003_003_IC01.wav
Converting /autofs/diamond2/share/corpus/CEJC/data/K003/K003_003/K003_003_IC02.wav to /autofs/diamond2/share/corpus/CEJC_16bit16kHz/data/K003/K003_003/K003_003_IC02.wav
Converting /autofs/diamond2/share/corpus/CEJC/data/K003/K003_003/K003_003_IC0A.wav to /autofs/diamond2/share/corpus/CEJC_16bit16kHz/data/K003/K003_003/K003_003_IC0A.wav
Converting /autofs/diamond2/share/corpus/CEJC/data/K003/K003_003/K003_003_IC0B.wav to /autofs/diamond2/share/corpus/CEJC_16bit16kHz/data/K003/K003_003/K003_003_IC0B.wav
Converting /autofs/diamond2/share/corpus/CEJC/data/K003/K003_005/K003_005_IC01.wav to /autofs/diamond2/share/corpus/CEJC_16bit16kHz/data/K003/K003_005/K003_005_IC01.wav
Converting /autofs/diamond2/share/corpus/CEJC/data/K003/K003_005/K003_005_IC02.wav to /autofs/diamond2/share/corpus/CEJC_16bit16kHz/data/K003/K003_005/K003_005_IC02.wav
Converting /autofs/diamond2/share/corpus/CEJC/data/K003/K003_005/K003_005_IC0A.wav to /autofs/diamond2/share/corpus/CEJC_16bit16kHz/data/K003/K003_005/K003_005_IC0A.wav
Converting /autofs/diamond2/share/corpus/CEJC/data/K003/K003_005/K003_005_IC0B.wav to /autofs/diamond2/share/corpus/CEJC_16bit16kHz/data/K003/K003_005/K003_005_IC0B.wav
Converting /autofs/diamond2/share/corpus/CEJC/data/K003/K003_006/K003_006_IC02.wav to /autofs/diamond2/share/corpus/CEJC_16bit16kHz/data/K003/K003_006/K003_006_IC02.wav
Converting /autofs/diamond2/share/corpus/CEJC/data/K003/K003_006/K003_006_IC03.wav to /autofs/diamond2/share/corpus/CEJC_16bit16kHz/data/K003/K003_006/K003_006_IC03.wav
sox WARN rate: rate clipped 70 samples; decrease volume?
sox WARN dither: dither clipped 62 samples; decrease volume?
Converting /autofs/diamond2/share/corpus/CEJC/data/K003/K003_006/K003_006_IC0A.wav to /autofs/diamond2/share/corpus/CEJC_16bit16kHz/data/K003/K003_006/K003_006_IC0A.wav
sox WARN rate: rate clipped 88 samples; decrease volume?
sox WARN dither: dither clipped 75 samples; decrease volume?
Converting /autofs/diamond2/share/corpus/CEJC/data/K003/K003_008/K003_008_IC02.wav to /autofs/diamond2/share/corpus/CEJC_16bit16kHz/data/K003/K003_008/K003_008_IC02.wav
Converting /autofs/diamond2/share/corpus/CEJC/data/K003/K003_008/K003_008_IC03.wav to /autofs/diamond2/share/corpus/CEJC_16bit16kHz/data/K003/K003_008/K003_008_IC03.wav
Converting /autofs/diamond2/share/corpus/CEJC/data/K003/K003_008/K003_008_IC0A.wav to /autofs/diamond2/share/corpus/CEJC_16bit16kHz/data/K003/K003_008/K003_008_IC0A.wav
Converting /autofs/diamond2/share/corpus/CEJC/data/K003/K003_008/K003_008_IC0B.wav to /autofs/diamond2/share/corpus/CEJC_16bit16kHz/data/K003/K003_008/K003_008_IC0B.wav
Converting /autofs/diamond2/share/corpus/CEJC/data/K003/K003_012/K003_012a_IC02.wav to /autofs/diamond2/share/corpus/CEJC_16bit16kHz/data/K003/K003_012/K003_012a_IC02.wav
Converting /autofs/diamond2/share/corpus/CEJC/data/K003/K003_012/K003_012a_IC03.wav to /autofs/diamond2/share/corpus/CEJC_16bit16kHz/data/K003/K003_012/K003_012a_IC03.wav
Converting /autofs/diamond2/share/corpus/CEJC/data/K003/K003_012/K003_012a_IC0B.wav to /autofs/diamond2/share/corpus/CEJC_16bit16kHz/data/K003/K003_012/K003_012a_IC0B.wav
Converting /autofs/diamond2/share/corpus/CEJC/data/K003/K003_012/K003_012b_IC02.wav to /autofs/diamond2/share/corpus/CEJC_16bit16kHz/data/K003/K003_012/K003_012b_IC02.wav
Converting /autofs/diamond2/share/corpus/CEJC/data/K003/K003_012/K003_012b_IC03.wav to /autofs/diamond2/share/corpus/CEJC_16bit16kHz/data/K003/K003_012/K003_012b_IC03.wav
Converting /autofs/diamond2/share/corpus/CEJC/data/K003/K003_012/K003_012b_IC0B.wav to /autofs/diamond2/share/corpus/CEJC_16bit16kHz/data/K003/K003_012/K003_012b_IC0B.wav
Converting /autofs/diamond2/share/corpus/CEJC/data/K003/K003_013/K003_013a_IC02.wav to /autofs/diamond2/share/corpus/CEJC_16bit16kHz/data/K003/K003_013/K003_013a_IC02.wav
Converting /autofs/diamond2/share/corpus/CEJC/data/K003/K003_013/K003_013a_IC03.wav to /autofs/diamond2/share/corpus/CEJC_16bit16kHz/data/K003/K003_013/K003_013a_IC03.wav
Converting /autofs/diamond2/share/corpus/CEJC/data/K003/K003_013/K003_013a_IC04.wav to /autofs/diamond2/share/corpus/CEJC_16bit16kHz/data/K003/K003_013/K003_013a_IC04.wav
Converting /autofs/diamond2/share/corpus/CEJC/data/K003/K003_013/K003_013a_IC0A.wav to /autofs/diamond2/share/corpus/CEJC_16bit16kHz/data/K003/K003_013/K003_013a_IC0A.wav
Converting /autofs/diamond2/share/corpus/CEJC/data/K003/K003_013/K003_013b_IC02.wav to /autofs/diamond2/share/corpus/CEJC_16bit16kHz/data/K003/K003_013/K003_013b_IC02.wav
Converting /autofs/diamond2/share/corpus/CEJC/data/K003/K003_013/K003_013b_IC03.wav to /autofs/diamond2/share/corpus/CEJC_16bit16kHz/data/K003/K003_013/K003_013b_IC03.wav
Converting /autofs/diamond2/share/corpus/CEJC/data/K003/K003_013/K003_013b_IC04.wav to /autofs/diamond2/share/corpus/CEJC_16bit16kHz/data/K003/K003_013/K003_013b_IC04.wav
Converting /autofs/diamond2/share/corpus/CEJC/data/K003/K003_013/K003_013b_IC0A.wav to /autofs/diamond2/share/corpus/CEJC_16bit16kHz/data/K003/K003_013/K003_013b_IC0A.wav
Converting /autofs/diamond2/share/corpus/CEJC/data/K003/K003_014/K003_014_IC02.wav to /autofs/diamond2/share/corpus/CEJC_16bit16kHz/data/K003/K003_014/K003_014_IC02.wav
Converting /autofs/diamond2/share/corpus/CEJC/data/K003/K003_014/K003_014_IC03.wav to /autofs/diamond2/share/corpus/CEJC_16bit16kHz/data/K003/K003_014/K003_014_IC03.wav
Converting /autofs/diamond2/share/corpus/CEJC/data/K003/K003_014/K003_014_IC04.wav to /autofs/diamond2/share/corpus/CEJC_16bit16kHz/data/K003/K003_014/K003_014_IC04.wav
Converting /autofs/diamond2/share/corpus/CEJC/data/K003/K003_014/K003_014_IC0A.wav to /autofs/diamond2/share/corpus/CEJC_16bit16kHz/data/K003/K003_014/K003_014_IC0A.wav
Converting /autofs/diamond2/share/corpus/CEJC/data/K003/K003_017/K003_017_IC02.wav to /autofs/diamond2/share/corpus/CEJC_16bit16kHz/data/K003/K003_017/K003_017_IC02.wav
Converting /autofs/diamond2/share/corpus/CEJC/data/K003/K003_017/K003_017_IC03.wav to /autofs/diamond2/share/corpus/CEJC_16bit16kHz/data/K003/K003_017/K003_017_IC03.wav
Converting /autofs/diamond2/share/corpus/CEJC/data/K003/K003_017/K003_017_IC0A.wav to /autofs/diamond2/share/corpus/CEJC_16bit16kHz/data/K003/K003_017/K003_017_IC0A.wav
Converting /autofs/diamond2/share/corpus/CEJC/data/K004/K004_001/K004_001_IC01.wav to /autofs/diamond2/share/corpus/CEJC_16bit16kHz/data/K004/K004_001/K004_001_IC01.wav
sox WARN rate: rate clipped 9 samples; decrease volume?
sox WARN dither: dither clipped 7 samples; decrease volume?
Converting /autofs/diamond2/share/corpus/CEJC/data/K004/K004_001/K004_001_IC02.wav to /autofs/diamond2/share/corpus/CEJC_16bit16kHz/data/K004/K004_001/K004_001_IC02.wav
sox WARN rate: rate clipped 5913 samples; decrease volume?
sox WARN dither: dither clipped 5170 samples; decrease volume?
Converting /autofs/diamond2/share/corpus/CEJC/data/K004/K004_001/K004_001_IC0B.wav to /autofs/diamond2/share/corpus/CEJC_16bit16kHz/data/K004/K004_001/K004_001_IC0B.wav
sox WARN rate: rate clipped 5913 samples; decrease volume?
sox WARN dither: dither clipped 5111 samples; decrease volume?
Converting /autofs/diamond2/share/corpus/CEJC/data/K004/K004_005/K004_005_IC05.wav to /autofs/diamond2/share/corpus/CEJC_16bit16kHz/data/K004/K004_005/K004_005_IC05.wav
Converting /autofs/diamond2/share/corpus/CEJC/data/K004/K004_005/K004_005_IC0B.wav to /autofs/diamond2/share/corpus/CEJC_16bit16kHz/data/K004/K004_005/K004_005_IC0B.wav
Converting /autofs/diamond2/share/corpus/CEJC/data/K004/K004_007/K004_007_IC01.wav to /autofs/diamond2/share/corpus/CEJC_16bit16kHz/data/K004/K004_007/K004_007_IC01.wav
Converting /autofs/diamond2/share/corpus/CEJC/data/K004/K004_007/K004_007_IC04.wav to /autofs/diamond2/share/corpus/CEJC_16bit16kHz/data/K004/K004_007/K004_007_IC04.wav
Converting /autofs/diamond2/share/corpus/CEJC/data/K004/K004_007/K004_007_IC0B.wav to /autofs/diamond2/share/corpus/CEJC_16bit16kHz/data/K004/K004_007/K004_007_IC0B.wav
Converting /autofs/diamond2/share/corpus/CEJC/data/K004/K004_008/K004_008_IC01.wav to /autofs/diamond2/share/corpus/CEJC_16bit16kHz/data/K004/K004_008/K004_008_IC01.wav
Converting /autofs/diamond2/share/corpus/CEJC/data/K004/K004_008/K004_008_IC05.wav to /autofs/diamond2/share/corpus/CEJC_16bit16kHz/data/K004/K004_008/K004_008_IC05.wav
Converting /autofs/diamond2/share/corpus/CEJC/data/K004/K004_008/K004_008_IC06.wav to /autofs/diamond2/share/corpus/CEJC_16bit16kHz/data/K004/K004_008/K004_008_IC06.wav
Converting /autofs/diamond2/share/corpus/CEJC/data/K004/K004_008/K004_008_IC0A.wav to /autofs/diamond2/share/corpus/CEJC_16bit16kHz/data/K004/K004_008/K004_008_IC0A.wav
Converting /autofs/diamond2/share/corpus/CEJC/data/K004/K004_010/K004_010_IC01.wav to /autofs/diamond2/share/corpus/CEJC_16bit16kHz/data/K004/K004_010/K004_010_IC01.wav
Converting /autofs/diamond2/share/corpus/CEJC/data/K004/K004_010/K004_010_IC02.wav to /autofs/diamond2/share/corpus/CEJC_16bit16kHz/data/K004/K004_010/K004_010_IC02.wav
Converting /autofs/diamond2/share/corpus/CEJC/data/K004/K004_010/K004_010_IC03.wav to /autofs/diamond2/share/corpus/CEJC_16bit16kHz/data/K004/K004_010/K004_010_IC03.wav
Converting /autofs/diamond2/share/corpus/CEJC/data/K004/K004_010/K004_010_IC0B.wav to /autofs/diamond2/share/corpus/CEJC_16bit16kHz/data/K004/K004_010/K004_010_IC0B.wav
Converting /autofs/diamond2/share/corpus/CEJC/data/K004/K004_011/K004_011_IC01.wav to /autofs/diamond2/share/corpus/CEJC_16bit16kHz/data/K004/K004_011/K004_011_IC01.wav
sox WARN rate: rate clipped 411 samples; decrease volume?
sox WARN dither: dither clipped 355 samples; decrease volume?
Converting /autofs/diamond2/share/corpus/CEJC/data/K004/K004_011/K004_011_IC02.wav to /autofs/diamond2/share/corpus/CEJC_16bit16kHz/data/K004/K004_011/K004_011_IC02.wav
Converting /autofs/diamond2/share/corpus/CEJC/data/K004/K004_011/K004_011_IC0A.wav to /autofs/diamond2/share/corpus/CEJC_16bit16kHz/data/K004/K004_011/K004_011_IC0A.wav
sox WARN rate: rate clipped 820 samples; decrease volume?
sox WARN dither: dither clipped 733 samples; decrease volume?
Converting /autofs/diamond2/share/corpus/CEJC/data/K004/K004_011/K004_011_IC0B.wav to /autofs/diamond2/share/corpus/CEJC_16bit16kHz/data/K004/K004_011/K004_011_IC0B.wav
sox WARN rate: rate clipped 411 samples; decrease volume?
sox WARN dither: dither clipped 359 samples; decrease volume?
Converting /autofs/diamond2/share/corpus/CEJC/data/K004/K004_012/K004_012_IC01.wav to /autofs/diamond2/share/corpus/CEJC_16bit16kHz/data/K004/K004_012/K004_012_IC01.wav
Converting /autofs/diamond2/share/corpus/CEJC/data/K004/K004_012/K004_012_IC02.wav to /autofs/diamond2/share/corpus/CEJC_16bit16kHz/data/K004/K004_012/K004_012_IC02.wav
Converting /autofs/diamond2/share/corpus/CEJC/data/K004/K004_012/K004_012_IC03.wav to /autofs/diamond2/share/corpus/CEJC_16bit16kHz/data/K004/K004_012/K004_012_IC03.wav
Converting /autofs/diamond2/share/corpus/CEJC/data/K004/K004_012/K004_012_IC04.wav to /autofs/diamond2/share/corpus/CEJC_16bit16kHz/data/K004/K004_012/K004_012_IC04.wav
Converting /autofs/diamond2/share/corpus/CEJC/data/K004/K004_012/K004_012_IC06.wav to /autofs/diamond2/share/corpus/CEJC_16bit16kHz/data/K004/K004_012/K004_012_IC06.wav
Converting /autofs/diamond2/share/corpus/CEJC/data/K004/K004_012/K004_012_IC0A.wav to /autofs/diamond2/share/corpus/CEJC_16bit16kHz/data/K004/K004_012/K004_012_IC0A.wav
Converting /autofs/diamond2/share/corpus/CEJC/data/K004/K004_013/K004_013_IC01.wav to /autofs/diamond2/share/corpus/CEJC_16bit16kHz/data/K004/K004_013/K004_013_IC01.wav
Converting /autofs/diamond2/share/corpus/CEJC/data/K004/K004_013/K004_013_IC02.wav to /autofs/diamond2/share/corpus/CEJC_16bit16kHz/data/K004/K004_013/K004_013_IC02.wav
sox WARN rate: rate clipped 17 samples; decrease volume?
sox WARN dither: dither clipped 15 samples; decrease volume?
Converting /autofs/diamond2/share/corpus/CEJC/data/K004/K004_013/K004_013_IC03.wav to /autofs/diamond2/share/corpus/CEJC_16bit16kHz/data/K004/K004_013/K004_013_IC03.wav
sox WARN rate: rate clipped 24 samples; decrease volume?
sox WARN dither: dither clipped 20 samples; decrease volume?
Converting /autofs/diamond2/share/corpus/CEJC/data/K004/K004_013/K004_013_IC04.wav to /autofs/diamond2/share/corpus/CEJC_16bit16kHz/data/K004/K004_013/K004_013_IC04.wav
Converting /autofs/diamond2/share/corpus/CEJC/data/K004/K004_013/K004_013_IC0A.wav to /autofs/diamond2/share/corpus/CEJC_16bit16kHz/data/K004/K004_013/K004_013_IC0A.wav
sox WARN rate: rate clipped 177 samples; decrease volume?
sox WARN dither: dither clipped 154 samples; decrease volume?
Converting /autofs/diamond2/share/corpus/CEJC/data/K004/K004_015/K004_015_IC01.wav to /autofs/diamond2/share/corpus/CEJC_16bit16kHz/data/K004/K004_015/K004_015_IC01.wav
Converting /autofs/diamond2/share/corpus/CEJC/data/K004/K004_015/K004_015_IC03.wav to /autofs/diamond2/share/corpus/CEJC_16bit16kHz/data/K004/K004_015/K004_015_IC03.wav
Converting /autofs/diamond2/share/corpus/CEJC/data/K004/K004_015/K004_015_IC0A.wav to /autofs/diamond2/share/corpus/CEJC_16bit16kHz/data/K004/K004_015/K004_015_IC0A.wav
Converting /autofs/diamond2/share/corpus/CEJC/data/K004/K004_017/K004_017_IC01.wav to /autofs/diamond2/share/corpus/CEJC_16bit16kHz/data/K004/K004_017/K004_017_IC01.wav
Converting /autofs/diamond2/share/corpus/CEJC/data/K004/K004_017/K004_017_IC02.wav to /autofs/diamond2/share/corpus/CEJC_16bit16kHz/data/K004/K004_017/K004_017_IC02.wav
Converting /autofs/diamond2/share/corpus/CEJC/data/K004/K004_017/K004_017_IC03.wav to /autofs/diamond2/share/corpus/CEJC_16bit16kHz/data/K004/K004_017/K004_017_IC03.wav
Converting /autofs/diamond2/share/corpus/CEJC/data/K004/K004_017/K004_017_IC04.wav to /autofs/diamond2/share/corpus/CEJC_16bit16kHz/data/K004/K004_017/K004_017_IC04.wav
Converting /autofs/diamond2/share/corpus/CEJC/data/K004/K004_017/K004_017_IC0A.wav to /autofs/diamond2/share/corpus/CEJC_16bit16kHz/data/K004/K004_017/K004_017_IC0A.wav
Converting /autofs/diamond2/share/corpus/CEJC/data/K004/K004_020/K004_020_IC01.wav to /autofs/diamond2/share/corpus/CEJC_16bit16kHz/data/K004/K004_020/K004_020_IC01.wav
Converting /autofs/diamond2/share/corpus/CEJC/data/K004/K004_020/K004_020_IC02.wav to /autofs/diamond2/share/corpus/CEJC_16bit16kHz/data/K004/K004_020/K004_020_IC02.wav
Converting /autofs/diamond2/share/corpus/CEJC/data/K004/K004_020/K004_020_IC03.wav to /autofs/diamond2/share/corpus/CEJC_16bit16kHz/data/K004/K004_020/K004_020_IC03.wav
Converting /autofs/diamond2/share/corpus/CEJC/data/K004/K004_020/K004_020_IC04.wav to /autofs/diamond2/share/corpus/CEJC_16bit16kHz/data/K004/K004_020/K004_020_IC04.wav
Converting /autofs/diamond2/share/corpus/CEJC/data/K004/K004_020/K004_020_IC0A.wav to /autofs/diamond2/share/corpus/CEJC_16bit16kHz/data/K004/K004_020/K004_020_IC0A.wav
Converting /autofs/diamond2/share/corpus/CEJC/data/K004/K004_020/K004_020_IC0B.wav to /autofs/diamond2/share/corpus/CEJC_16bit16kHz/data/K004/K004_020/K004_020_IC0B.wav
Converting /autofs/diamond2/share/corpus/CEJC/data/K004/K004_022/K004_022_IC01.wav to /autofs/diamond2/share/corpus/CEJC_16bit16kHz/data/K004/K004_022/K004_022_IC01.wav
Converting /autofs/diamond2/share/corpus/CEJC/data/K004/K004_022/K004_022_IC02.wav to /autofs/diamond2/share/corpus/CEJC_16bit16kHz/data/K004/K004_022/K004_022_IC02.wav
Converting /autofs/diamond2/share/corpus/CEJC/data/K004/K004_022/K004_022_IC03.wav to /autofs/diamond2/share/corpus/CEJC_16bit16kHz/data/K004/K004_022/K004_022_IC03.wav
Converting /autofs/diamond2/share/corpus/CEJC/data/K004/K004_022/K004_022_IC04.wav to /autofs/diamond2/share/corpus/CEJC_16bit16kHz/data/K004/K004_022/K004_022_IC04.wav
Converting /autofs/diamond2/share/corpus/CEJC/data/K004/K004_022/K004_022_IC0A.wav to /autofs/diamond2/share/corpus/CEJC_16bit16kHz/data/K004/K004_022/K004_022_IC0A.wav
Converting /autofs/diamond2/share/corpus/CEJC/data/K005/K005_001/K005_001_IC01.wav to /autofs/diamond2/share/corpus/CEJC_16bit16kHz/data/K005/K005_001/K005_001_IC01.wav
Converting /autofs/diamond2/share/corpus/CEJC/data/K005/K005_001/K005_001_IC02.wav to /autofs/diamond2/share/corpus/CEJC_16bit16kHz/data/K005/K005_001/K005_001_IC02.wav
Converting /autofs/diamond2/share/corpus/CEJC/data/K005/K005_001/K005_001_IC03.wav to /autofs/diamond2/share/corpus/CEJC_16bit16kHz/data/K005/K005_001/K005_001_IC03.wav
Converting /autofs/diamond2/share/corpus/CEJC/data/K005/K005_001/K005_001_IC0A.wav to /autofs/diamond2/share/corpus/CEJC_16bit16kHz/data/K005/K005_001/K005_001_IC0A.wav
Converting /autofs/diamond2/share/corpus/CEJC/data/K005/K005_002/K005_002_IC01.wav to /autofs/diamond2/share/corpus/CEJC_16bit16kHz/data/K005/K005_002/K005_002_IC01.wav
Converting /autofs/diamond2/share/corpus/CEJC/data/K005/K005_002/K005_002_IC02.wav to /autofs/diamond2/share/corpus/CEJC_16bit16kHz/data/K005/K005_002/K005_002_IC02.wav
Converting /autofs/diamond2/share/corpus/CEJC/data/K005/K005_002/K005_002_IC0A.wav to /autofs/diamond2/share/corpus/CEJC_16bit16kHz/data/K005/K005_002/K005_002_IC0A.wav
Converting /autofs/diamond2/share/corpus/CEJC/data/K005/K005_003/K005_003_IC01.wav to /autofs/diamond2/share/corpus/CEJC_16bit16kHz/data/K005/K005_003/K005_003_IC01.wav
Converting /autofs/diamond2/share/corpus/CEJC/data/K005/K005_003/K005_003_IC02.wav to /autofs/diamond2/share/corpus/CEJC_16bit16kHz/data/K005/K005_003/K005_003_IC02.wav
Converting /autofs/diamond2/share/corpus/CEJC/data/K005/K005_003/K005_003_IC03.wav to /autofs/diamond2/share/corpus/CEJC_16bit16kHz/data/K005/K005_003/K005_003_IC03.wav
Converting /autofs/diamond2/share/corpus/CEJC/data/K005/K005_003/K005_003_IC04.wav to /autofs/diamond2/share/corpus/CEJC_16bit16kHz/data/K005/K005_003/K005_003_IC04.wav
Converting /autofs/diamond2/share/corpus/CEJC/data/K005/K005_003/K005_003_IC0A.wav to /autofs/diamond2/share/corpus/CEJC_16bit16kHz/data/K005/K005_003/K005_003_IC0A.wav
Converting /autofs/diamond2/share/corpus/CEJC/data/K005/K005_003/K005_003_IC0B.wav to /autofs/diamond2/share/corpus/CEJC_16bit16kHz/data/K005/K005_003/K005_003_IC0B.wav
Converting /autofs/diamond2/share/corpus/CEJC/data/K005/K005_005/K005_005_IC01.wav to /autofs/diamond2/share/corpus/CEJC_16bit16kHz/data/K005/K005_005/K005_005_IC01.wav
Converting /autofs/diamond2/share/corpus/CEJC/data/K005/K005_005/K005_005_IC02.wav to /autofs/diamond2/share/corpus/CEJC_16bit16kHz/data/K005/K005_005/K005_005_IC02.wav
Converting /autofs/diamond2/share/corpus/CEJC/data/K005/K005_005/K005_005_IC0A.wav to /autofs/diamond2/share/corpus/CEJC_16bit16kHz/data/K005/K005_005/K005_005_IC0A.wav
Converting /autofs/diamond2/share/corpus/CEJC/data/K005/K005_006/K005_006_IC01.wav to /autofs/diamond2/share/corpus/CEJC_16bit16kHz/data/K005/K005_006/K005_006_IC01.wav
Converting /autofs/diamond2/share/corpus/CEJC/data/K005/K005_006/K005_006_IC02.wav to /autofs/diamond2/share/corpus/CEJC_16bit16kHz/data/K005/K005_006/K005_006_IC02.wav
Converting /autofs/diamond2/share/corpus/CEJC/data/K005/K005_006/K005_006_IC0A.wav to /autofs/diamond2/share/corpus/CEJC_16bit16kHz/data/K005/K005_006/K005_006_IC0A.wav
Converting /autofs/diamond2/share/corpus/CEJC/data/K005/K005_012/K005_012_IC03.wav to /autofs/diamond2/share/corpus/CEJC_16bit16kHz/data/K005/K005_012/K005_012_IC03.wav
Converting /autofs/diamond2/share/corpus/CEJC/data/K005/K005_012/K005_012_IC04.wav to /autofs/diamond2/share/corpus/CEJC_16bit16kHz/data/K005/K005_012/K005_012_IC04.wav
Converting /autofs/diamond2/share/corpus/CEJC/data/K005/K005_012/K005_012_IC05.wav to /autofs/diamond2/share/corpus/CEJC_16bit16kHz/data/K005/K005_012/K005_012_IC05.wav
Converting /autofs/diamond2/share/corpus/CEJC/data/K005/K005_012/K005_012_IC06.wav to /autofs/diamond2/share/corpus/CEJC_16bit16kHz/data/K005/K005_012/K005_012_IC06.wav
Converting /autofs/diamond2/share/corpus/CEJC/data/K005/K005_012/K005_012_IC0A.wav to /autofs/diamond2/share/corpus/CEJC_16bit16kHz/data/K005/K005_012/K005_012_IC0A.wav
Converting /autofs/diamond2/share/corpus/CEJC/data/K005/K005_012/K005_012_IC0B.wav to /autofs/diamond2/share/corpus/CEJC_16bit16kHz/data/K005/K005_012/K005_012_IC0B.wav
Converting /autofs/diamond2/share/corpus/CEJC/data/K005/K005_016/K005_016_IC03.wav to /autofs/diamond2/share/corpus/CEJC_16bit16kHz/data/K005/K005_016/K005_016_IC03.wav
Converting /autofs/diamond2/share/corpus/CEJC/data/K005/K005_016/K005_016_IC05.wav to /autofs/diamond2/share/corpus/CEJC_16bit16kHz/data/K005/K005_016/K005_016_IC05.wav
Converting /autofs/diamond2/share/corpus/CEJC/data/K005/K005_016/K005_016_IC0A.wav to /autofs/diamond2/share/corpus/CEJC_16bit16kHz/data/K005/K005_016/K005_016_IC0A.wav
Converting /autofs/diamond2/share/corpus/CEJC/data/K005/K005_019/K005_019a_IC03.wav to /autofs/diamond2/share/corpus/CEJC_16bit16kHz/data/K005/K005_019/K005_019a_IC03.wav
Converting /autofs/diamond2/share/corpus/CEJC/data/K005/K005_019/K005_019a_IC05.wav to /autofs/diamond2/share/corpus/CEJC_16bit16kHz/data/K005/K005_019/K005_019a_IC05.wav
Converting /autofs/diamond2/share/corpus/CEJC/data/K005/K005_019/K005_019a_IC0B.wav to /autofs/diamond2/share/corpus/CEJC_16bit16kHz/data/K005/K005_019/K005_019a_IC0B.wav
Converting /autofs/diamond2/share/corpus/CEJC/data/K005/K005_019/K005_019b_IC03.wav to /autofs/diamond2/share/corpus/CEJC_16bit16kHz/data/K005/K005_019/K005_019b_IC03.wav
Converting /autofs/diamond2/share/corpus/CEJC/data/K005/K005_019/K005_019b_IC05.wav to /autofs/diamond2/share/corpus/CEJC_16bit16kHz/data/K005/K005_019/K005_019b_IC05.wav
Converting /autofs/diamond2/share/corpus/CEJC/data/K005/K005_019/K005_019b_IC0B.wav to /autofs/diamond2/share/corpus/CEJC_16bit16kHz/data/K005/K005_019/K005_019b_IC0B.wav
Converting /autofs/diamond2/share/corpus/CEJC/data/K005/K005_020/K005_020_IC03.wav to /autofs/diamond2/share/corpus/CEJC_16bit16kHz/data/K005/K005_020/K005_020_IC03.wav
Converting /autofs/diamond2/share/corpus/CEJC/data/K005/K005_020/K005_020_IC05.wav to /autofs/diamond2/share/corpus/CEJC_16bit16kHz/data/K005/K005_020/K005_020_IC05.wav
Converting /autofs/diamond2/share/corpus/CEJC/data/K005/K005_020/K005_020_IC0B.wav to /autofs/diamond2/share/corpus/CEJC_16bit16kHz/data/K005/K005_020/K005_020_IC0B.wav
Converting /autofs/diamond2/share/corpus/CEJC/data/K005/K005_021/K005_021a_IC05.wav to /autofs/diamond2/share/corpus/CEJC_16bit16kHz/data/K005/K005_021/K005_021a_IC05.wav
Converting /autofs/diamond2/share/corpus/CEJC/data/K005/K005_021/K005_021a_IC0A.wav to /autofs/diamond2/share/corpus/CEJC_16bit16kHz/data/K005/K005_021/K005_021a_IC0A.wav
Converting /autofs/diamond2/share/corpus/CEJC/data/K005/K005_021/K005_021b_IC05.wav to /autofs/diamond2/share/corpus/CEJC_16bit16kHz/data/K005/K005_021/K005_021b_IC05.wav
Converting /autofs/diamond2/share/corpus/CEJC/data/K005/K005_021/K005_021b_IC0A.wav to /autofs/diamond2/share/corpus/CEJC_16bit16kHz/data/K005/K005_021/K005_021b_IC0A.wav
Converting /autofs/diamond2/share/corpus/CEJC/data/K005/K005_024/K005_024_IC0A.wav to /autofs/diamond2/share/corpus/CEJC_16bit16kHz/data/K005/K005_024/K005_024_IC0A.wav
Converting /autofs/diamond2/share/corpus/CEJC/data/K005/K005_027/K005_027_IC04.wav to /autofs/diamond2/share/corpus/CEJC_16bit16kHz/data/K005/K005_027/K005_027_IC04.wav
Converting /autofs/diamond2/share/corpus/CEJC/data/K005/K005_027/K005_027_IC06.wav to /autofs/diamond2/share/corpus/CEJC_16bit16kHz/data/K005/K005_027/K005_027_IC06.wav
Converting /autofs/diamond2/share/corpus/CEJC/data/K005/K005_027/K005_027_IC0A.wav to /autofs/diamond2/share/corpus/CEJC_16bit16kHz/data/K005/K005_027/K005_027_IC0A.wav
Converting /autofs/diamond2/share/corpus/CEJC/data/K005/K005_028/K005_028_IC04.wav to /autofs/diamond2/share/corpus/CEJC_16bit16kHz/data/K005/K005_028/K005_028_IC04.wav
Converting /autofs/diamond2/share/corpus/CEJC/data/K005/K005_028/K005_028_IC06.wav to /autofs/diamond2/share/corpus/CEJC_16bit16kHz/data/K005/K005_028/K005_028_IC06.wav
Converting /autofs/diamond2/share/corpus/CEJC/data/K005/K005_028/K005_028_IC0A.wav to /autofs/diamond2/share/corpus/CEJC_16bit16kHz/data/K005/K005_028/K005_028_IC0A.wav
Converting /autofs/diamond2/share/corpus/CEJC/data/K005/K005_031/K005_031_IC03.wav to /autofs/diamond2/share/corpus/CEJC_16bit16kHz/data/K005/K005_031/K005_031_IC03.wav
Converting /autofs/diamond2/share/corpus/CEJC/data/K005/K005_031/K005_031_IC06.wav to /autofs/diamond2/share/corpus/CEJC_16bit16kHz/data/K005/K005_031/K005_031_IC06.wav
Converting /autofs/diamond2/share/corpus/CEJC/data/K005/K005_031/K005_031_IC0A.wav to /autofs/diamond2/share/corpus/CEJC_16bit16kHz/data/K005/K005_031/K005_031_IC0A.wav
Converting /autofs/diamond2/share/corpus/CEJC/data/K005/K005_033/K005_033_IC05.wav to /autofs/diamond2/share/corpus/CEJC_16bit16kHz/data/K005/K005_033/K005_033_IC05.wav
Converting /autofs/diamond2/share/corpus/CEJC/data/K005/K005_033/K005_033_IC06.wav to /autofs/diamond2/share/corpus/CEJC_16bit16kHz/data/K005/K005_033/K005_033_IC06.wav
Converting /autofs/diamond2/share/corpus/CEJC/data/K005/K005_033/K005_033_IC0B.wav to /autofs/diamond2/share/corpus/CEJC_16bit16kHz/data/K005/K005_033/K005_033_IC0B.wav
Converting /autofs/diamond2/share/corpus/CEJC/data/K006/K006_002/K006_002a_IC01.wav to /autofs/diamond2/share/corpus/CEJC_16bit16kHz/data/K006/K006_002/K006_002a_IC01.wav
Converting /autofs/diamond2/share/corpus/CEJC/data/K006/K006_002/K006_002a_IC02.wav to /autofs/diamond2/share/corpus/CEJC_16bit16kHz/data/K006/K006_002/K006_002a_IC02.wav
Converting /autofs/diamond2/share/corpus/CEJC/data/K006/K006_002/K006_002a_IC0A.wav to /autofs/diamond2/share/corpus/CEJC_16bit16kHz/data/K006/K006_002/K006_002a_IC0A.wav
Converting /autofs/diamond2/share/corpus/CEJC/data/K006/K006_002/K006_002b_IC01.wav to /autofs/diamond2/share/corpus/CEJC_16bit16kHz/data/K006/K006_002/K006_002b_IC01.wav
Converting /autofs/diamond2/share/corpus/CEJC/data/K006/K006_002/K006_002b_IC02.wav to /autofs/diamond2/share/corpus/CEJC_16bit16kHz/data/K006/K006_002/K006_002b_IC02.wav
Converting /autofs/diamond2/share/corpus/CEJC/data/K006/K006_002/K006_002b_IC0A.wav to /autofs/diamond2/share/corpus/CEJC_16bit16kHz/data/K006/K006_002/K006_002b_IC0A.wav
Converting /autofs/diamond2/share/corpus/CEJC/data/K006/K006_003/K006_003a_IC01.wav to /autofs/diamond2/share/corpus/CEJC_16bit16kHz/data/K006/K006_003/K006_003a_IC01.wav
Converting /autofs/diamond2/share/corpus/CEJC/data/K006/K006_003/K006_003a_IC02.wav to /autofs/diamond2/share/corpus/CEJC_16bit16kHz/data/K006/K006_003/K006_003a_IC02.wav
Converting /autofs/diamond2/share/corpus/CEJC/data/K006/K006_003/K006_003a_IC0A.wav to /autofs/diamond2/share/corpus/CEJC_16bit16kHz/data/K006/K006_003/K006_003a_IC0A.wav
Converting /autofs/diamond2/share/corpus/CEJC/data/K006/K006_003/K006_003b_IC01.wav to /autofs/diamond2/share/corpus/CEJC_16bit16kHz/data/K006/K006_003/K006_003b_IC01.wav
Converting /autofs/diamond2/share/corpus/CEJC/data/K006/K006_003/K006_003b_IC02.wav to /autofs/diamond2/share/corpus/CEJC_16bit16kHz/data/K006/K006_003/K006_003b_IC02.wav
Converting /autofs/diamond2/share/corpus/CEJC/data/K006/K006_003/K006_003b_IC0A.wav to /autofs/diamond2/share/corpus/CEJC_16bit16kHz/data/K006/K006_003/K006_003b_IC0A.wav
Converting /autofs/diamond2/share/corpus/CEJC/data/K006/K006_006/K006_006_IC01.wav to /autofs/diamond2/share/corpus/CEJC_16bit16kHz/data/K006/K006_006/K006_006_IC01.wav
Converting /autofs/diamond2/share/corpus/CEJC/data/K006/K006_006/K006_006_IC02.wav to /autofs/diamond2/share/corpus/CEJC_16bit16kHz/data/K006/K006_006/K006_006_IC02.wav
Converting /autofs/diamond2/share/corpus/CEJC/data/K006/K006_006/K006_006_IC0A.wav to /autofs/diamond2/share/corpus/CEJC_16bit16kHz/data/K006/K006_006/K006_006_IC0A.wav
Converting /autofs/diamond2/share/corpus/CEJC/data/K006/K006_009/K006_009_IC01.wav to /autofs/diamond2/share/corpus/CEJC_16bit16kHz/data/K006/K006_009/K006_009_IC01.wav
Converting /autofs/diamond2/share/corpus/CEJC/data/K006/K006_009/K006_009_IC02.wav to /autofs/diamond2/share/corpus/CEJC_16bit16kHz/data/K006/K006_009/K006_009_IC02.wav
Converting /autofs/diamond2/share/corpus/CEJC/data/K006/K006_009/K006_009_IC0A.wav to /autofs/diamond2/share/corpus/CEJC_16bit16kHz/data/K006/K006_009/K006_009_IC0A.wav
Converting /autofs/diamond2/share/corpus/CEJC/data/K006/K006_011/K006_011_IC01.wav to /autofs/diamond2/share/corpus/CEJC_16bit16kHz/data/K006/K006_011/K006_011_IC01.wav
Converting /autofs/diamond2/share/corpus/CEJC/data/K006/K006_011/K006_011_IC02.wav to /autofs/diamond2/share/corpus/CEJC_16bit16kHz/data/K006/K006_011/K006_011_IC02.wav
Converting /autofs/diamond2/share/corpus/CEJC/data/K006/K006_011/K006_011_IC0A.wav to /autofs/diamond2/share/corpus/CEJC_16bit16kHz/data/K006/K006_011/K006_011_IC0A.wav
sox WARN rate: rate clipped 18 samples; decrease volume?
sox WARN dither: dither clipped 17 samples; decrease volume?
Converting /autofs/diamond2/share/corpus/CEJC/data/K006/K006_011/K006_011_IC0B.wav to /autofs/diamond2/share/corpus/CEJC_16bit16kHz/data/K006/K006_011/K006_011_IC0B.wav
Converting /autofs/diamond2/share/corpus/CEJC/data/K006/K006_013/K006_013_IC01.wav to /autofs/diamond2/share/corpus/CEJC_16bit16kHz/data/K006/K006_013/K006_013_IC01.wav
Converting /autofs/diamond2/share/corpus/CEJC/data/K006/K006_013/K006_013_IC02.wav to /autofs/diamond2/share/corpus/CEJC_16bit16kHz/data/K006/K006_013/K006_013_IC02.wav
Converting /autofs/diamond2/share/corpus/CEJC/data/K006/K006_013/K006_013_IC0A.wav to /autofs/diamond2/share/corpus/CEJC_16bit16kHz/data/K006/K006_013/K006_013_IC0A.wav
Converting /autofs/diamond2/share/corpus/CEJC/data/K006/K006_013/K006_013_IC0B.wav to /autofs/diamond2/share/corpus/CEJC_16bit16kHz/data/K006/K006_013/K006_013_IC0B.wav
Converting /autofs/diamond2/share/corpus/CEJC/data/K006/K006_016/K006_016_IC01.wav to /autofs/diamond2/share/corpus/CEJC_16bit16kHz/data/K006/K006_016/K006_016_IC01.wav
Converting /autofs/diamond2/share/corpus/CEJC/data/K006/K006_016/K006_016_IC02.wav to /autofs/diamond2/share/corpus/CEJC_16bit16kHz/data/K006/K006_016/K006_016_IC02.wav
Converting /autofs/diamond2/share/corpus/CEJC/data/K006/K006_016/K006_016_IC0B.wav to /autofs/diamond2/share/corpus/CEJC_16bit16kHz/data/K006/K006_016/K006_016_IC0B.wav
Converting /autofs/diamond2/share/corpus/CEJC/data/K006/K006_017/K006_017_IC01.wav to /autofs/diamond2/share/corpus/CEJC_16bit16kHz/data/K006/K006_017/K006_017_IC01.wav
Converting /autofs/diamond2/share/corpus/CEJC/data/K006/K006_017/K006_017_IC02.wav to /autofs/diamond2/share/corpus/CEJC_16bit16kHz/data/K006/K006_017/K006_017_IC02.wav
Converting /autofs/diamond2/share/corpus/CEJC/data/K006/K006_017/K006_017_IC03.wav to /autofs/diamond2/share/corpus/CEJC_16bit16kHz/data/K006/K006_017/K006_017_IC03.wav
Converting /autofs/diamond2/share/corpus/CEJC/data/K006/K006_017/K006_017_IC0A.wav to /autofs/diamond2/share/corpus/CEJC_16bit16kHz/data/K006/K006_017/K006_017_IC0A.wav
Converting /autofs/diamond2/share/corpus/CEJC/data/K006/K006_018/K006_018_IC01.wav to /autofs/diamond2/share/corpus/CEJC_16bit16kHz/data/K006/K006_018/K006_018_IC01.wav
Converting /autofs/diamond2/share/corpus/CEJC/data/K006/K006_018/K006_018_IC02.wav to /autofs/diamond2/share/corpus/CEJC_16bit16kHz/data/K006/K006_018/K006_018_IC02.wav
Converting /autofs/diamond2/share/corpus/CEJC/data/K006/K006_018/K006_018_IC0A.wav to /autofs/diamond2/share/corpus/CEJC_16bit16kHz/data/K006/K006_018/K006_018_IC0A.wav
Converting /autofs/diamond2/share/corpus/CEJC/data/K006/K006_020/K006_020_IC01.wav to /autofs/diamond2/share/corpus/CEJC_16bit16kHz/data/K006/K006_020/K006_020_IC01.wav
Converting /autofs/diamond2/share/corpus/CEJC/data/K006/K006_020/K006_020_IC02.wav to /autofs/diamond2/share/corpus/CEJC_16bit16kHz/data/K006/K006_020/K006_020_IC02.wav
Converting /autofs/diamond2/share/corpus/CEJC/data/K006/K006_020/K006_020_IC0A.wav to /autofs/diamond2/share/corpus/CEJC_16bit16kHz/data/K006/K006_020/K006_020_IC0A.wav
Converting /autofs/diamond2/share/corpus/CEJC/data/K006/K006_021/K006_021_IC01.wav to /autofs/diamond2/share/corpus/CEJC_16bit16kHz/data/K006/K006_021/K006_021_IC01.wav
Converting /autofs/diamond2/share/corpus/CEJC/data/K006/K006_021/K006_021_IC02.wav to /autofs/diamond2/share/corpus/CEJC_16bit16kHz/data/K006/K006_021/K006_021_IC02.wav
Converting /autofs/diamond2/share/corpus/CEJC/data/K006/K006_021/K006_021_IC03.wav to /autofs/diamond2/share/corpus/CEJC_16bit16kHz/data/K006/K006_021/K006_021_IC03.wav
Converting /autofs/diamond2/share/corpus/CEJC/data/K006/K006_021/K006_021_IC0A.wav to /autofs/diamond2/share/corpus/CEJC_16bit16kHz/data/K006/K006_021/K006_021_IC0A.wav
Converting /autofs/diamond2/share/corpus/CEJC/data/K006/K006_023/K006_023_IC01.wav to /autofs/diamond2/share/corpus/CEJC_16bit16kHz/data/K006/K006_023/K006_023_IC01.wav
Converting /autofs/diamond2/share/corpus/CEJC/data/K006/K006_023/K006_023_IC02.wav to /autofs/diamond2/share/corpus/CEJC_16bit16kHz/data/K006/K006_023/K006_023_IC02.wav
Converting /autofs/diamond2/share/corpus/CEJC/data/K006/K006_023/K006_023_IC0A.wav to /autofs/diamond2/share/corpus/CEJC_16bit16kHz/data/K006/K006_023/K006_023_IC0A.wav
Converting /autofs/diamond2/share/corpus/CEJC/data/K007/K007_001/K007_001_IC01.wav to /autofs/diamond2/share/corpus/CEJC_16bit16kHz/data/K007/K007_001/K007_001_IC01.wav
Converting /autofs/diamond2/share/corpus/CEJC/data/K007/K007_001/K007_001_IC02.wav to /autofs/diamond2/share/corpus/CEJC_16bit16kHz/data/K007/K007_001/K007_001_IC02.wav
Converting /autofs/diamond2/share/corpus/CEJC/data/K007/K007_001/K007_001_IC0B.wav to /autofs/diamond2/share/corpus/CEJC_16bit16kHz/data/K007/K007_001/K007_001_IC0B.wav
Converting /autofs/diamond2/share/corpus/CEJC/data/K007/K007_003/K007_003_IC01.wav to /autofs/diamond2/share/corpus/CEJC_16bit16kHz/data/K007/K007_003/K007_003_IC01.wav
Converting /autofs/diamond2/share/corpus/CEJC/data/K007/K007_003/K007_003_IC0A.wav to /autofs/diamond2/share/corpus/CEJC_16bit16kHz/data/K007/K007_003/K007_003_IC0A.wav
Converting /autofs/diamond2/share/corpus/CEJC/data/K007/K007_005/K007_005_IC01.wav to /autofs/diamond2/share/corpus/CEJC_16bit16kHz/data/K007/K007_005/K007_005_IC01.wav
Converting /autofs/diamond2/share/corpus/CEJC/data/K007/K007_005/K007_005_IC02.wav to /autofs/diamond2/share/corpus/CEJC_16bit16kHz/data/K007/K007_005/K007_005_IC02.wav
Converting /autofs/diamond2/share/corpus/CEJC/data/K007/K007_005/K007_005_IC0A.wav to /autofs/diamond2/share/corpus/CEJC_16bit16kHz/data/K007/K007_005/K007_005_IC0A.wav
Converting /autofs/diamond2/share/corpus/CEJC/data/K007/K007_005/K007_005_IC0B.wav to /autofs/diamond2/share/corpus/CEJC_16bit16kHz/data/K007/K007_005/K007_005_IC0B.wav
Converting /autofs/diamond2/share/corpus/CEJC/data/K007/K007_006/K007_006_IC01.wav to /autofs/diamond2/share/corpus/CEJC_16bit16kHz/data/K007/K007_006/K007_006_IC01.wav
Converting /autofs/diamond2/share/corpus/CEJC/data/K007/K007_006/K007_006_IC02.wav to /autofs/diamond2/share/corpus/CEJC_16bit16kHz/data/K007/K007_006/K007_006_IC02.wav
Converting /autofs/diamond2/share/corpus/CEJC/data/K007/K007_006/K007_006_IC0A.wav to /autofs/diamond2/share/corpus/CEJC_16bit16kHz/data/K007/K007_006/K007_006_IC0A.wav
Converting /autofs/diamond2/share/corpus/CEJC/data/K007/K007_007/K007_007_IC01.wav to /autofs/diamond2/share/corpus/CEJC_16bit16kHz/data/K007/K007_007/K007_007_IC01.wav
Converting /autofs/diamond2/share/corpus/CEJC/data/K007/K007_007/K007_007_IC02.wav to /autofs/diamond2/share/corpus/CEJC_16bit16kHz/data/K007/K007_007/K007_007_IC02.wav
Converting /autofs/diamond2/share/corpus/CEJC/data/K007/K007_007/K007_007_IC0A.wav to /autofs/diamond2/share/corpus/CEJC_16bit16kHz/data/K007/K007_007/K007_007_IC0A.wav
Converting /autofs/diamond2/share/corpus/CEJC/data/K007/K007_007/K007_007_IC0B.wav to /autofs/diamond2/share/corpus/CEJC_16bit16kHz/data/K007/K007_007/K007_007_IC0B.wav
Converting /autofs/diamond2/share/corpus/CEJC/data/K007/K007_008/K007_008_IC01.wav to /autofs/diamond2/share/corpus/CEJC_16bit16kHz/data/K007/K007_008/K007_008_IC01.wav
Converting /autofs/diamond2/share/corpus/CEJC/data/K007/K007_008/K007_008_IC02.wav to /autofs/diamond2/share/corpus/CEJC_16bit16kHz/data/K007/K007_008/K007_008_IC02.wav
Converting /autofs/diamond2/share/corpus/CEJC/data/K007/K007_008/K007_008_IC0A.wav to /autofs/diamond2/share/corpus/CEJC_16bit16kHz/data/K007/K007_008/K007_008_IC0A.wav
Converting /autofs/diamond2/share/corpus/CEJC/data/K007/K007_013/K007_013_IC01.wav to /autofs/diamond2/share/corpus/CEJC_16bit16kHz/data/K007/K007_013/K007_013_IC01.wav
Converting /autofs/diamond2/share/corpus/CEJC/data/K007/K007_013/K007_013_IC02.wav to /autofs/diamond2/share/corpus/CEJC_16bit16kHz/data/K007/K007_013/K007_013_IC02.wav
Converting /autofs/diamond2/share/corpus/CEJC/data/K007/K007_013/K007_013_IC0A.wav to /autofs/diamond2/share/corpus/CEJC_16bit16kHz/data/K007/K007_013/K007_013_IC0A.wav
Converting /autofs/diamond2/share/corpus/CEJC/data/K007/K007_013/K007_013_IC0B.wav to /autofs/diamond2/share/corpus/CEJC_16bit16kHz/data/K007/K007_013/K007_013_IC0B.wav
Converting /autofs/diamond2/share/corpus/CEJC/data/K007/K007_014/K007_014_IC01.wav to /autofs/diamond2/share/corpus/CEJC_16bit16kHz/data/K007/K007_014/K007_014_IC01.wav
Converting /autofs/diamond2/share/corpus/CEJC/data/K007/K007_014/K007_014_IC02.wav to /autofs/diamond2/share/corpus/CEJC_16bit16kHz/data/K007/K007_014/K007_014_IC02.wav
Converting /autofs/diamond2/share/corpus/CEJC/data/K007/K007_014/K007_014_IC0A.wav to /autofs/diamond2/share/corpus/CEJC_16bit16kHz/data/K007/K007_014/K007_014_IC0A.wav
Converting /autofs/diamond2/share/corpus/CEJC/data/K007/K007_015/K007_015_IC01.wav to /autofs/diamond2/share/corpus/CEJC_16bit16kHz/data/K007/K007_015/K007_015_IC01.wav
Converting /autofs/diamond2/share/corpus/CEJC/data/K007/K007_015/K007_015_IC02.wav to /autofs/diamond2/share/corpus/CEJC_16bit16kHz/data/K007/K007_015/K007_015_IC02.wav
Converting /autofs/diamond2/share/corpus/CEJC/data/K007/K007_015/K007_015_IC0A.wav to /autofs/diamond2/share/corpus/CEJC_16bit16kHz/data/K007/K007_015/K007_015_IC0A.wav
Converting /autofs/diamond2/share/corpus/CEJC/data/K007/K007_015/K007_015_IC0B.wav to /autofs/diamond2/share/corpus/CEJC_16bit16kHz/data/K007/K007_015/K007_015_IC0B.wav
Converting /autofs/diamond2/share/corpus/CEJC/data/K007/K007_016/K007_016_IC01.wav to /autofs/diamond2/share/corpus/CEJC_16bit16kHz/data/K007/K007_016/K007_016_IC01.wav
Converting /autofs/diamond2/share/corpus/CEJC/data/K007/K007_016/K007_016_IC02.wav to /autofs/diamond2/share/corpus/CEJC_16bit16kHz/data/K007/K007_016/K007_016_IC02.wav
Converting /autofs/diamond2/share/corpus/CEJC/data/K007/K007_016/K007_016_IC0A.wav to /autofs/diamond2/share/corpus/CEJC_16bit16kHz/data/K007/K007_016/K007_016_IC0A.wav
Converting /autofs/diamond2/share/corpus/CEJC/data/K007/K007_016/K007_016_IC0B.wav to /autofs/diamond2/share/corpus/CEJC_16bit16kHz/data/K007/K007_016/K007_016_IC0B.wav
Converting /autofs/diamond2/share/corpus/CEJC/data/K007/K007_017/K007_017_IC01.wav to /autofs/diamond2/share/corpus/CEJC_16bit16kHz/data/K007/K007_017/K007_017_IC01.wav
Converting /autofs/diamond2/share/corpus/CEJC/data/K007/K007_017/K007_017_IC02.wav to /autofs/diamond2/share/corpus/CEJC_16bit16kHz/data/K007/K007_017/K007_017_IC02.wav
Converting /autofs/diamond2/share/corpus/CEJC/data/K007/K007_017/K007_017_IC0A.wav to /autofs/diamond2/share/corpus/CEJC_16bit16kHz/data/K007/K007_017/K007_017_IC0A.wav
Converting /autofs/diamond2/share/corpus/CEJC/data/K007/K007_018/K007_018_IC01.wav to /autofs/diamond2/share/corpus/CEJC_16bit16kHz/data/K007/K007_018/K007_018_IC01.wav
Converting /autofs/diamond2/share/corpus/CEJC/data/K007/K007_018/K007_018_IC02.wav to /autofs/diamond2/share/corpus/CEJC_16bit16kHz/data/K007/K007_018/K007_018_IC02.wav
Converting /autofs/diamond2/share/corpus/CEJC/data/K007/K007_018/K007_018_IC03.wav to /autofs/diamond2/share/corpus/CEJC_16bit16kHz/data/K007/K007_018/K007_018_IC03.wav
Converting /autofs/diamond2/share/corpus/CEJC/data/K007/K007_018/K007_018_IC04.wav to /autofs/diamond2/share/corpus/CEJC_16bit16kHz/data/K007/K007_018/K007_018_IC04.wav
Converting /autofs/diamond2/share/corpus/CEJC/data/K007/K007_018/K007_018_IC05.wav to /autofs/diamond2/share/corpus/CEJC_16bit16kHz/data/K007/K007_018/K007_018_IC05.wav
Converting /autofs/diamond2/share/corpus/CEJC/data/K007/K007_018/K007_018_IC06.wav to /autofs/diamond2/share/corpus/CEJC_16bit16kHz/data/K007/K007_018/K007_018_IC06.wav
Converting /autofs/diamond2/share/corpus/CEJC/data/K007/K007_018/K007_018_IC0A.wav to /autofs/diamond2/share/corpus/CEJC_16bit16kHz/data/K007/K007_018/K007_018_IC0A.wav
Converting /autofs/diamond2/share/corpus/CEJC/data/K007/K007_018/K007_018_IC0B.wav to /autofs/diamond2/share/corpus/CEJC_16bit16kHz/data/K007/K007_018/K007_018_IC0B.wav
Converting /autofs/diamond2/share/corpus/CEJC/data/K007/K007_019/K007_019_IC01.wav to /autofs/diamond2/share/corpus/CEJC_16bit16kHz/data/K007/K007_019/K007_019_IC01.wav
Converting /autofs/diamond2/share/corpus/CEJC/data/K007/K007_019/K007_019_IC02.wav to /autofs/diamond2/share/corpus/CEJC_16bit16kHz/data/K007/K007_019/K007_019_IC02.wav
Converting /autofs/diamond2/share/corpus/CEJC/data/K007/K007_019/K007_019_IC03.wav to /autofs/diamond2/share/corpus/CEJC_16bit16kHz/data/K007/K007_019/K007_019_IC03.wav
Converting /autofs/diamond2/share/corpus/CEJC/data/K007/K007_019/K007_019_IC0A.wav to /autofs/diamond2/share/corpus/CEJC_16bit16kHz/data/K007/K007_019/K007_019_IC0A.wav
Converting /autofs/diamond2/share/corpus/CEJC/data/K007/K007_019/K007_019_IC0B.wav to /autofs/diamond2/share/corpus/CEJC_16bit16kHz/data/K007/K007_019/K007_019_IC0B.wav
Converting /autofs/diamond2/share/corpus/CEJC/data/K007/K007_020/K007_020_IC01.wav to /autofs/diamond2/share/corpus/CEJC_16bit16kHz/data/K007/K007_020/K007_020_IC01.wav
Converting /autofs/diamond2/share/corpus/CEJC/data/K007/K007_020/K007_020_IC02.wav to /autofs/diamond2/share/corpus/CEJC_16bit16kHz/data/K007/K007_020/K007_020_IC02.wav
Converting /autofs/diamond2/share/corpus/CEJC/data/K007/K007_020/K007_020_IC0A.wav to /autofs/diamond2/share/corpus/CEJC_16bit16kHz/data/K007/K007_020/K007_020_IC0A.wav
Converting /autofs/diamond2/share/corpus/CEJC/data/K007/K007_020/K007_020_IC0B.wav to /autofs/diamond2/share/corpus/CEJC_16bit16kHz/data/K007/K007_020/K007_020_IC0B.wav
Converting /autofs/diamond2/share/corpus/CEJC/data/K008/K008_001/K008_001a_IC01.wav to /autofs/diamond2/share/corpus/CEJC_16bit16kHz/data/K008/K008_001/K008_001a_IC01.wav
Converting /autofs/diamond2/share/corpus/CEJC/data/K008/K008_001/K008_001a_IC02.wav to /autofs/diamond2/share/corpus/CEJC_16bit16kHz/data/K008/K008_001/K008_001a_IC02.wav
Converting /autofs/diamond2/share/corpus/CEJC/data/K008/K008_001/K008_001a_IC03.wav to /autofs/diamond2/share/corpus/CEJC_16bit16kHz/data/K008/K008_001/K008_001a_IC03.wav
Converting /autofs/diamond2/share/corpus/CEJC/data/K008/K008_001/K008_001a_IC0A.wav to /autofs/diamond2/share/corpus/CEJC_16bit16kHz/data/K008/K008_001/K008_001a_IC0A.wav
Converting /autofs/diamond2/share/corpus/CEJC/data/K008/K008_001/K008_001b_IC01.wav to /autofs/diamond2/share/corpus/CEJC_16bit16kHz/data/K008/K008_001/K008_001b_IC01.wav
Converting /autofs/diamond2/share/corpus/CEJC/data/K008/K008_001/K008_001b_IC02.wav to /autofs/diamond2/share/corpus/CEJC_16bit16kHz/data/K008/K008_001/K008_001b_IC02.wav
Converting /autofs/diamond2/share/corpus/CEJC/data/K008/K008_001/K008_001b_IC03.wav to /autofs/diamond2/share/corpus/CEJC_16bit16kHz/data/K008/K008_001/K008_001b_IC03.wav
Converting /autofs/diamond2/share/corpus/CEJC/data/K008/K008_001/K008_001b_IC0A.wav to /autofs/diamond2/share/corpus/CEJC_16bit16kHz/data/K008/K008_001/K008_001b_IC0A.wav
Converting /autofs/diamond2/share/corpus/CEJC/data/K008/K008_002/K008_002_IC01.wav to /autofs/diamond2/share/corpus/CEJC_16bit16kHz/data/K008/K008_002/K008_002_IC01.wav
Converting /autofs/diamond2/share/corpus/CEJC/data/K008/K008_002/K008_002_IC0A.wav to /autofs/diamond2/share/corpus/CEJC_16bit16kHz/data/K008/K008_002/K008_002_IC0A.wav
Converting /autofs/diamond2/share/corpus/CEJC/data/K008/K008_003/K008_003_IC01.wav to /autofs/diamond2/share/corpus/CEJC_16bit16kHz/data/K008/K008_003/K008_003_IC01.wav
Converting /autofs/diamond2/share/corpus/CEJC/data/K008/K008_003/K008_003_IC02.wav to /autofs/diamond2/share/corpus/CEJC_16bit16kHz/data/K008/K008_003/K008_003_IC02.wav
Converting /autofs/diamond2/share/corpus/CEJC/data/K008/K008_003/K008_003_IC0A.wav to /autofs/diamond2/share/corpus/CEJC_16bit16kHz/data/K008/K008_003/K008_003_IC0A.wav
Converting /autofs/diamond2/share/corpus/CEJC/data/K008/K008_004/K008_004a_IC01.wav to /autofs/diamond2/share/corpus/CEJC_16bit16kHz/data/K008/K008_004/K008_004a_IC01.wav
Converting /autofs/diamond2/share/corpus/CEJC/data/K008/K008_004/K008_004a_IC02.wav to /autofs/diamond2/share/corpus/CEJC_16bit16kHz/data/K008/K008_004/K008_004a_IC02.wav
Converting /autofs/diamond2/share/corpus/CEJC/data/K008/K008_004/K008_004a_IC0A.wav to /autofs/diamond2/share/corpus/CEJC_16bit16kHz/data/K008/K008_004/K008_004a_IC0A.wav
Converting /autofs/diamond2/share/corpus/CEJC/data/K008/K008_004/K008_004a_IC0B.wav to /autofs/diamond2/share/corpus/CEJC_16bit16kHz/data/K008/K008_004/K008_004a_IC0B.wav
Converting /autofs/diamond2/share/corpus/CEJC/data/K008/K008_004/K008_004b_IC01.wav to /autofs/diamond2/share/corpus/CEJC_16bit16kHz/data/K008/K008_004/K008_004b_IC01.wav
Converting /autofs/diamond2/share/corpus/CEJC/data/K008/K008_004/K008_004b_IC02.wav to /autofs/diamond2/share/corpus/CEJC_16bit16kHz/data/K008/K008_004/K008_004b_IC02.wav
Converting /autofs/diamond2/share/corpus/CEJC/data/K008/K008_004/K008_004b_IC0A.wav to /autofs/diamond2/share/corpus/CEJC_16bit16kHz/data/K008/K008_004/K008_004b_IC0A.wav
Converting /autofs/diamond2/share/corpus/CEJC/data/K008/K008_004/K008_004b_IC0B.wav to /autofs/diamond2/share/corpus/CEJC_16bit16kHz/data/K008/K008_004/K008_004b_IC0B.wav
Converting /autofs/diamond2/share/corpus/CEJC/data/K008/K008_005/K008_005_IC01.wav to /autofs/diamond2/share/corpus/CEJC_16bit16kHz/data/K008/K008_005/K008_005_IC01.wav
Converting /autofs/diamond2/share/corpus/CEJC/data/K008/K008_005/K008_005_IC02.wav to /autofs/diamond2/share/corpus/CEJC_16bit16kHz/data/K008/K008_005/K008_005_IC02.wav
Converting /autofs/diamond2/share/corpus/CEJC/data/K008/K008_005/K008_005_IC0A.wav to /autofs/diamond2/share/corpus/CEJC_16bit16kHz/data/K008/K008_005/K008_005_IC0A.wav
Converting /autofs/diamond2/share/corpus/CEJC/data/K008/K008_005/K008_005_IC0B.wav to /autofs/diamond2/share/corpus/CEJC_16bit16kHz/data/K008/K008_005/K008_005_IC0B.wav
Converting /autofs/diamond2/share/corpus/CEJC/data/K008/K008_010/K008_010_IC01.wav to /autofs/diamond2/share/corpus/CEJC_16bit16kHz/data/K008/K008_010/K008_010_IC01.wav
Converting /autofs/diamond2/share/corpus/CEJC/data/K008/K008_010/K008_010_IC02.wav to /autofs/diamond2/share/corpus/CEJC_16bit16kHz/data/K008/K008_010/K008_010_IC02.wav
Converting /autofs/diamond2/share/corpus/CEJC/data/K008/K008_010/K008_010_IC0A.wav to /autofs/diamond2/share/corpus/CEJC_16bit16kHz/data/K008/K008_010/K008_010_IC0A.wav
Converting /autofs/diamond2/share/corpus/CEJC/data/K008/K008_013/K008_013_IC01.wav to /autofs/diamond2/share/corpus/CEJC_16bit16kHz/data/K008/K008_013/K008_013_IC01.wav
Converting /autofs/diamond2/share/corpus/CEJC/data/K008/K008_013/K008_013_IC02.wav to /autofs/diamond2/share/corpus/CEJC_16bit16kHz/data/K008/K008_013/K008_013_IC02.wav
Converting /autofs/diamond2/share/corpus/CEJC/data/K008/K008_013/K008_013_IC0B.wav to /autofs/diamond2/share/corpus/CEJC_16bit16kHz/data/K008/K008_013/K008_013_IC0B.wav
Converting /autofs/diamond2/share/corpus/CEJC/data/K008/K008_015/K008_015_IC01.wav to /autofs/diamond2/share/corpus/CEJC_16bit16kHz/data/K008/K008_015/K008_015_IC01.wav
Converting /autofs/diamond2/share/corpus/CEJC/data/K008/K008_015/K008_015_IC02.wav to /autofs/diamond2/share/corpus/CEJC_16bit16kHz/data/K008/K008_015/K008_015_IC02.wav
Converting /autofs/diamond2/share/corpus/CEJC/data/K008/K008_015/K008_015_IC0B.wav to /autofs/diamond2/share/corpus/CEJC_16bit16kHz/data/K008/K008_015/K008_015_IC0B.wav
Converting /autofs/diamond2/share/corpus/CEJC/data/K008/K008_016/K008_016_IC01.wav to /autofs/diamond2/share/corpus/CEJC_16bit16kHz/data/K008/K008_016/K008_016_IC01.wav
Converting /autofs/diamond2/share/corpus/CEJC/data/K008/K008_016/K008_016_IC02.wav to /autofs/diamond2/share/corpus/CEJC_16bit16kHz/data/K008/K008_016/K008_016_IC02.wav
Converting /autofs/diamond2/share/corpus/CEJC/data/K008/K008_016/K008_016_IC0A.wav to /autofs/diamond2/share/corpus/CEJC_16bit16kHz/data/K008/K008_016/K008_016_IC0A.wav
Converting /autofs/diamond2/share/corpus/CEJC/data/K008/K008_019/K008_019_IC01.wav to /autofs/diamond2/share/corpus/CEJC_16bit16kHz/data/K008/K008_019/K008_019_IC01.wav
Converting /autofs/diamond2/share/corpus/CEJC/data/K008/K008_019/K008_019_IC02.wav to /autofs/diamond2/share/corpus/CEJC_16bit16kHz/data/K008/K008_019/K008_019_IC02.wav
Converting /autofs/diamond2/share/corpus/CEJC/data/K008/K008_019/K008_019_IC03.wav to /autofs/diamond2/share/corpus/CEJC_16bit16kHz/data/K008/K008_019/K008_019_IC03.wav
Converting /autofs/diamond2/share/corpus/CEJC/data/K008/K008_019/K008_019_IC04.wav to /autofs/diamond2/share/corpus/CEJC_16bit16kHz/data/K008/K008_019/K008_019_IC04.wav
Converting /autofs/diamond2/share/corpus/CEJC/data/K008/K008_019/K008_019_IC0B.wav to /autofs/diamond2/share/corpus/CEJC_16bit16kHz/data/K008/K008_019/K008_019_IC0B.wav
Converting /autofs/diamond2/share/corpus/CEJC/data/K009/K009_002/K009_002_IC01.wav to /autofs/diamond2/share/corpus/CEJC_16bit16kHz/data/K009/K009_002/K009_002_IC01.wav
Converting /autofs/diamond2/share/corpus/CEJC/data/K009/K009_002/K009_002_IC02.wav to /autofs/diamond2/share/corpus/CEJC_16bit16kHz/data/K009/K009_002/K009_002_IC02.wav
Converting /autofs/diamond2/share/corpus/CEJC/data/K009/K009_002/K009_002_IC03.wav to /autofs/diamond2/share/corpus/CEJC_16bit16kHz/data/K009/K009_002/K009_002_IC03.wav
Converting /autofs/diamond2/share/corpus/CEJC/data/K009/K009_002/K009_002_IC0A.wav to /autofs/diamond2/share/corpus/CEJC_16bit16kHz/data/K009/K009_002/K009_002_IC0A.wav
Converting /autofs/diamond2/share/corpus/CEJC/data/K009/K009_003/K009_003_IC01.wav to /autofs/diamond2/share/corpus/CEJC_16bit16kHz/data/K009/K009_003/K009_003_IC01.wav
Converting /autofs/diamond2/share/corpus/CEJC/data/K009/K009_003/K009_003_IC02.wav to /autofs/diamond2/share/corpus/CEJC_16bit16kHz/data/K009/K009_003/K009_003_IC02.wav
Converting /autofs/diamond2/share/corpus/CEJC/data/K009/K009_003/K009_003_IC03.wav to /autofs/diamond2/share/corpus/CEJC_16bit16kHz/data/K009/K009_003/K009_003_IC03.wav
Converting /autofs/diamond2/share/corpus/CEJC/data/K009/K009_003/K009_003_IC0A.wav to /autofs/diamond2/share/corpus/CEJC_16bit16kHz/data/K009/K009_003/K009_003_IC0A.wav
Converting /autofs/diamond2/share/corpus/CEJC/data/K009/K009_006/K009_006_IC01.wav to /autofs/diamond2/share/corpus/CEJC_16bit16kHz/data/K009/K009_006/K009_006_IC01.wav
sox WARN rate: rate clipped 1 samples; decrease volume?
sox WARN dither: dither clipped 1 samples; decrease volume?
Converting /autofs/diamond2/share/corpus/CEJC/data/K009/K009_006/K009_006_IC02.wav to /autofs/diamond2/share/corpus/CEJC_16bit16kHz/data/K009/K009_006/K009_006_IC02.wav
sox WARN rate: rate clipped 1098 samples; decrease volume?
sox WARN dither: dither clipped 978 samples; decrease volume?
Converting /autofs/diamond2/share/corpus/CEJC/data/K009/K009_006/K009_006_IC03.wav to /autofs/diamond2/share/corpus/CEJC_16bit16kHz/data/K009/K009_006/K009_006_IC03.wav
Converting /autofs/diamond2/share/corpus/CEJC/data/K009/K009_006/K009_006_IC04.wav to /autofs/diamond2/share/corpus/CEJC_16bit16kHz/data/K009/K009_006/K009_006_IC04.wav
sox WARN rate: rate clipped 8 samples; decrease volume?
sox WARN dither: dither clipped 7 samples; decrease volume?
Converting /autofs/diamond2/share/corpus/CEJC/data/K009/K009_006/K009_006_IC05.wav to /autofs/diamond2/share/corpus/CEJC_16bit16kHz/data/K009/K009_006/K009_006_IC05.wav
Converting /autofs/diamond2/share/corpus/CEJC/data/K009/K009_006/K009_006_IC0A.wav to /autofs/diamond2/share/corpus/CEJC_16bit16kHz/data/K009/K009_006/K009_006_IC0A.wav
sox WARN rate: rate clipped 6 samples; decrease volume?
sox WARN dither: dither clipped 5 samples; decrease volume?
Converting /autofs/diamond2/share/corpus/CEJC/data/K009/K009_007/K009_007_IC01.wav to /autofs/diamond2/share/corpus/CEJC_16bit16kHz/data/K009/K009_007/K009_007_IC01.wav
Converting /autofs/diamond2/share/corpus/CEJC/data/K009/K009_007/K009_007_IC02.wav to /autofs/diamond2/share/corpus/CEJC_16bit16kHz/data/K009/K009_007/K009_007_IC02.wav
Converting /autofs/diamond2/share/corpus/CEJC/data/K009/K009_007/K009_007_IC0A.wav to /autofs/diamond2/share/corpus/CEJC_16bit16kHz/data/K009/K009_007/K009_007_IC0A.wav
Converting /autofs/diamond2/share/corpus/CEJC/data/K009/K009_007/K009_007_IC0B.wav to /autofs/diamond2/share/corpus/CEJC_16bit16kHz/data/K009/K009_007/K009_007_IC0B.wav
Converting /autofs/diamond2/share/corpus/CEJC/data/K009/K009_008/K009_008_IC01.wav to /autofs/diamond2/share/corpus/CEJC_16bit16kHz/data/K009/K009_008/K009_008_IC01.wav
Converting /autofs/diamond2/share/corpus/CEJC/data/K009/K009_008/K009_008_IC02.wav to /autofs/diamond2/share/corpus/CEJC_16bit16kHz/data/K009/K009_008/K009_008_IC02.wav
Converting /autofs/diamond2/share/corpus/CEJC/data/K009/K009_008/K009_008_IC03.wav to /autofs/diamond2/share/corpus/CEJC_16bit16kHz/data/K009/K009_008/K009_008_IC03.wav
Converting /autofs/diamond2/share/corpus/CEJC/data/K009/K009_008/K009_008_IC0A.wav to /autofs/diamond2/share/corpus/CEJC_16bit16kHz/data/K009/K009_008/K009_008_IC0A.wav
Converting /autofs/diamond2/share/corpus/CEJC/data/K009/K009_009/K009_009a_IC01.wav to /autofs/diamond2/share/corpus/CEJC_16bit16kHz/data/K009/K009_009/K009_009a_IC01.wav
Converting /autofs/diamond2/share/corpus/CEJC/data/K009/K009_009/K009_009a_IC02.wav to /autofs/diamond2/share/corpus/CEJC_16bit16kHz/data/K009/K009_009/K009_009a_IC02.wav
Converting /autofs/diamond2/share/corpus/CEJC/data/K009/K009_009/K009_009a_IC03.wav to /autofs/diamond2/share/corpus/CEJC_16bit16kHz/data/K009/K009_009/K009_009a_IC03.wav
Converting /autofs/diamond2/share/corpus/CEJC/data/K009/K009_009/K009_009a_IC04.wav to /autofs/diamond2/share/corpus/CEJC_16bit16kHz/data/K009/K009_009/K009_009a_IC04.wav
Converting /autofs/diamond2/share/corpus/CEJC/data/K009/K009_009/K009_009a_IC05.wav to /autofs/diamond2/share/corpus/CEJC_16bit16kHz/data/K009/K009_009/K009_009a_IC05.wav
Converting /autofs/diamond2/share/corpus/CEJC/data/K009/K009_009/K009_009a_IC0A.wav to /autofs/diamond2/share/corpus/CEJC_16bit16kHz/data/K009/K009_009/K009_009a_IC0A.wav
Converting /autofs/diamond2/share/corpus/CEJC/data/K009/K009_009/K009_009b_IC01.wav to /autofs/diamond2/share/corpus/CEJC_16bit16kHz/data/K009/K009_009/K009_009b_IC01.wav
Converting /autofs/diamond2/share/corpus/CEJC/data/K009/K009_009/K009_009b_IC02.wav to /autofs/diamond2/share/corpus/CEJC_16bit16kHz/data/K009/K009_009/K009_009b_IC02.wav
Converting /autofs/diamond2/share/corpus/CEJC/data/K009/K009_009/K009_009b_IC03.wav to /autofs/diamond2/share/corpus/CEJC_16bit16kHz/data/K009/K009_009/K009_009b_IC03.wav
Converting /autofs/diamond2/share/corpus/CEJC/data/K009/K009_009/K009_009b_IC04.wav to /autofs/diamond2/share/corpus/CEJC_16bit16kHz/data/K009/K009_009/K009_009b_IC04.wav
Converting /autofs/diamond2/share/corpus/CEJC/data/K009/K009_009/K009_009b_IC05.wav to /autofs/diamond2/share/corpus/CEJC_16bit16kHz/data/K009/K009_009/K009_009b_IC05.wav
Converting /autofs/diamond2/share/corpus/CEJC/data/K009/K009_009/K009_009b_IC0A.wav to /autofs/diamond2/share/corpus/CEJC_16bit16kHz/data/K009/K009_009/K009_009b_IC0A.wav
Converting /autofs/diamond2/share/corpus/CEJC/data/K009/K009_010/K009_010_IC01.wav to /autofs/diamond2/share/corpus/CEJC_16bit16kHz/data/K009/K009_010/K009_010_IC01.wav
Converting /autofs/diamond2/share/corpus/CEJC/data/K009/K009_010/K009_010_IC02.wav to /autofs/diamond2/share/corpus/CEJC_16bit16kHz/data/K009/K009_010/K009_010_IC02.wav
Converting /autofs/diamond2/share/corpus/CEJC/data/K009/K009_010/K009_010_IC03.wav to /autofs/diamond2/share/corpus/CEJC_16bit16kHz/data/K009/K009_010/K009_010_IC03.wav
Converting /autofs/diamond2/share/corpus/CEJC/data/K009/K009_010/K009_010_IC0B.wav to /autofs/diamond2/share/corpus/CEJC_16bit16kHz/data/K009/K009_010/K009_010_IC0B.wav
Converting /autofs/diamond2/share/corpus/CEJC/data/K009/K009_011/K009_011_IC01.wav to /autofs/diamond2/share/corpus/CEJC_16bit16kHz/data/K009/K009_011/K009_011_IC01.wav
Converting /autofs/diamond2/share/corpus/CEJC/data/K009/K009_011/K009_011_IC02.wav to /autofs/diamond2/share/corpus/CEJC_16bit16kHz/data/K009/K009_011/K009_011_IC02.wav
Converting /autofs/diamond2/share/corpus/CEJC/data/K009/K009_011/K009_011_IC03.wav to /autofs/diamond2/share/corpus/CEJC_16bit16kHz/data/K009/K009_011/K009_011_IC03.wav
Converting /autofs/diamond2/share/corpus/CEJC/data/K009/K009_011/K009_011_IC04.wav to /autofs/diamond2/share/corpus/CEJC_16bit16kHz/data/K009/K009_011/K009_011_IC04.wav
Converting /autofs/diamond2/share/corpus/CEJC/data/K009/K009_011/K009_011_IC0A.wav to /autofs/diamond2/share/corpus/CEJC_16bit16kHz/data/K009/K009_011/K009_011_IC0A.wav
Converting /autofs/diamond2/share/corpus/CEJC/data/K009/K009_012/K009_012_IC01.wav to /autofs/diamond2/share/corpus/CEJC_16bit16kHz/data/K009/K009_012/K009_012_IC01.wav
Converting /autofs/diamond2/share/corpus/CEJC/data/K009/K009_012/K009_012_IC02.wav to /autofs/diamond2/share/corpus/CEJC_16bit16kHz/data/K009/K009_012/K009_012_IC02.wav
Converting /autofs/diamond2/share/corpus/CEJC/data/K009/K009_012/K009_012_IC03.wav to /autofs/diamond2/share/corpus/CEJC_16bit16kHz/data/K009/K009_012/K009_012_IC03.wav
Converting /autofs/diamond2/share/corpus/CEJC/data/K009/K009_012/K009_012_IC04.wav to /autofs/diamond2/share/corpus/CEJC_16bit16kHz/data/K009/K009_012/K009_012_IC04.wav
Converting /autofs/diamond2/share/corpus/CEJC/data/K009/K009_012/K009_012_IC0A.wav to /autofs/diamond2/share/corpus/CEJC_16bit16kHz/data/K009/K009_012/K009_012_IC0A.wav
Converting /autofs/diamond2/share/corpus/CEJC/data/K009/K009_014/K009_014_IC01.wav to /autofs/diamond2/share/corpus/CEJC_16bit16kHz/data/K009/K009_014/K009_014_IC01.wav
sox WARN rate: rate clipped 7 samples; decrease volume?
sox WARN dither: dither clipped 6 samples; decrease volume?
Converting /autofs/diamond2/share/corpus/CEJC/data/K009/K009_014/K009_014_IC02.wav to /autofs/diamond2/share/corpus/CEJC_16bit16kHz/data/K009/K009_014/K009_014_IC02.wav
sox WARN rate: rate clipped 76 samples; decrease volume?
sox WARN dither: dither clipped 69 samples; decrease volume?
Converting /autofs/diamond2/share/corpus/CEJC/data/K009/K009_014/K009_014_IC03.wav to /autofs/diamond2/share/corpus/CEJC_16bit16kHz/data/K009/K009_014/K009_014_IC03.wav
Converting /autofs/diamond2/share/corpus/CEJC/data/K009/K009_014/K009_014_IC0B.wav to /autofs/diamond2/share/corpus/CEJC_16bit16kHz/data/K009/K009_014/K009_014_IC0B.wav
sox WARN rate: rate clipped 111 samples; decrease volume?
sox WARN dither: dither clipped 94 samples; decrease volume?
Converting /autofs/diamond2/share/corpus/CEJC/data/K009/K009_015/K009_015_IC01.wav to /autofs/diamond2/share/corpus/CEJC_16bit16kHz/data/K009/K009_015/K009_015_IC01.wav
Converting /autofs/diamond2/share/corpus/CEJC/data/K009/K009_015/K009_015_IC02.wav to /autofs/diamond2/share/corpus/CEJC_16bit16kHz/data/K009/K009_015/K009_015_IC02.wav
Converting /autofs/diamond2/share/corpus/CEJC/data/K009/K009_015/K009_015_IC03.wav to /autofs/diamond2/share/corpus/CEJC_16bit16kHz/data/K009/K009_015/K009_015_IC03.wav
Converting /autofs/diamond2/share/corpus/CEJC/data/K009/K009_015/K009_015_IC04.wav to /autofs/diamond2/share/corpus/CEJC_16bit16kHz/data/K009/K009_015/K009_015_IC04.wav
Converting /autofs/diamond2/share/corpus/CEJC/data/K009/K009_015/K009_015_IC05.wav to /autofs/diamond2/share/corpus/CEJC_16bit16kHz/data/K009/K009_015/K009_015_IC05.wav
Converting /autofs/diamond2/share/corpus/CEJC/data/K009/K009_015/K009_015_IC06.wav to /autofs/diamond2/share/corpus/CEJC_16bit16kHz/data/K009/K009_015/K009_015_IC06.wav
Converting /autofs/diamond2/share/corpus/CEJC/data/K009/K009_015/K009_015_IC0A.wav to /autofs/diamond2/share/corpus/CEJC_16bit16kHz/data/K009/K009_015/K009_015_IC0A.wav
Converting /autofs/diamond2/share/corpus/CEJC/data/K009/K009_016/K009_016a_IC01.wav to /autofs/diamond2/share/corpus/CEJC_16bit16kHz/data/K009/K009_016/K009_016a_IC01.wav
Converting /autofs/diamond2/share/corpus/CEJC/data/K009/K009_016/K009_016a_IC02.wav to /autofs/diamond2/share/corpus/CEJC_16bit16kHz/data/K009/K009_016/K009_016a_IC02.wav
Converting /autofs/diamond2/share/corpus/CEJC/data/K009/K009_016/K009_016a_IC03.wav to /autofs/diamond2/share/corpus/CEJC_16bit16kHz/data/K009/K009_016/K009_016a_IC03.wav
Converting /autofs/diamond2/share/corpus/CEJC/data/K009/K009_016/K009_016a_IC04.wav to /autofs/diamond2/share/corpus/CEJC_16bit16kHz/data/K009/K009_016/K009_016a_IC04.wav
Converting /autofs/diamond2/share/corpus/CEJC/data/K009/K009_016/K009_016a_IC0A.wav to /autofs/diamond2/share/corpus/CEJC_16bit16kHz/data/K009/K009_016/K009_016a_IC0A.wav
Converting /autofs/diamond2/share/corpus/CEJC/data/K009/K009_016/K009_016b_IC01.wav to /autofs/diamond2/share/corpus/CEJC_16bit16kHz/data/K009/K009_016/K009_016b_IC01.wav
Converting /autofs/diamond2/share/corpus/CEJC/data/K009/K009_016/K009_016b_IC02.wav to /autofs/diamond2/share/corpus/CEJC_16bit16kHz/data/K009/K009_016/K009_016b_IC02.wav
Converting /autofs/diamond2/share/corpus/CEJC/data/K009/K009_016/K009_016b_IC03.wav to /autofs/diamond2/share/corpus/CEJC_16bit16kHz/data/K009/K009_016/K009_016b_IC03.wav
Converting /autofs/diamond2/share/corpus/CEJC/data/K009/K009_016/K009_016b_IC04.wav to /autofs/diamond2/share/corpus/CEJC_16bit16kHz/data/K009/K009_016/K009_016b_IC04.wav
Converting /autofs/diamond2/share/corpus/CEJC/data/K009/K009_016/K009_016b_IC0A.wav to /autofs/diamond2/share/corpus/CEJC_16bit16kHz/data/K009/K009_016/K009_016b_IC0A.wav
Converting /autofs/diamond2/share/corpus/CEJC/data/K009/K009_019/K009_019_IC01.wav to /autofs/diamond2/share/corpus/CEJC_16bit16kHz/data/K009/K009_019/K009_019_IC01.wav
Converting /autofs/diamond2/share/corpus/CEJC/data/K009/K009_019/K009_019_IC02.wav to /autofs/diamond2/share/corpus/CEJC_16bit16kHz/data/K009/K009_019/K009_019_IC02.wav
Converting /autofs/diamond2/share/corpus/CEJC/data/K009/K009_019/K009_019_IC03.wav to /autofs/diamond2/share/corpus/CEJC_16bit16kHz/data/K009/K009_019/K009_019_IC03.wav
Converting /autofs/diamond2/share/corpus/CEJC/data/K009/K009_019/K009_019_IC04.wav to /autofs/diamond2/share/corpus/CEJC_16bit16kHz/data/K009/K009_019/K009_019_IC04.wav
Converting /autofs/diamond2/share/corpus/CEJC/data/K009/K009_019/K009_019_IC05.wav to /autofs/diamond2/share/corpus/CEJC_16bit16kHz/data/K009/K009_019/K009_019_IC05.wav
Converting /autofs/diamond2/share/corpus/CEJC/data/K009/K009_019/K009_019_IC06.wav to /autofs/diamond2/share/corpus/CEJC_16bit16kHz/data/K009/K009_019/K009_019_IC06.wav
Converting /autofs/diamond2/share/corpus/CEJC/data/K009/K009_019/K009_019_IC0A.wav to /autofs/diamond2/share/corpus/CEJC_16bit16kHz/data/K009/K009_019/K009_019_IC0A.wav
Converting /autofs/diamond2/share/corpus/CEJC/data/K010/K010_001/K010_001_IC01.wav to /autofs/diamond2/share/corpus/CEJC_16bit16kHz/data/K010/K010_001/K010_001_IC01.wav
Converting /autofs/diamond2/share/corpus/CEJC/data/K010/K010_001/K010_001_IC02.wav to /autofs/diamond2/share/corpus/CEJC_16bit16kHz/data/K010/K010_001/K010_001_IC02.wav
Converting /autofs/diamond2/share/corpus/CEJC/data/K010/K010_001/K010_001_IC03.wav to /autofs/diamond2/share/corpus/CEJC_16bit16kHz/data/K010/K010_001/K010_001_IC03.wav
Converting /autofs/diamond2/share/corpus/CEJC/data/K010/K010_001/K010_001_IC0A.wav to /autofs/diamond2/share/corpus/CEJC_16bit16kHz/data/K010/K010_001/K010_001_IC0A.wav
Converting /autofs/diamond2/share/corpus/CEJC/data/K010/K010_003/K010_003a_IC01.wav to /autofs/diamond2/share/corpus/CEJC_16bit16kHz/data/K010/K010_003/K010_003a_IC01.wav
Converting /autofs/diamond2/share/corpus/CEJC/data/K010/K010_003/K010_003a_IC0A.wav to /autofs/diamond2/share/corpus/CEJC_16bit16kHz/data/K010/K010_003/K010_003a_IC0A.wav
Converting /autofs/diamond2/share/corpus/CEJC/data/K010/K010_003/K010_003b_IC01.wav to /autofs/diamond2/share/corpus/CEJC_16bit16kHz/data/K010/K010_003/K010_003b_IC01.wav
Converting /autofs/diamond2/share/corpus/CEJC/data/K010/K010_003/K010_003b_IC0A.wav to /autofs/diamond2/share/corpus/CEJC_16bit16kHz/data/K010/K010_003/K010_003b_IC0A.wav
Converting /autofs/diamond2/share/corpus/CEJC/data/K010/K010_004/K010_004a_IC01.wav to /autofs/diamond2/share/corpus/CEJC_16bit16kHz/data/K010/K010_004/K010_004a_IC01.wav
Converting /autofs/diamond2/share/corpus/CEJC/data/K010/K010_004/K010_004a_IC0A.wav to /autofs/diamond2/share/corpus/CEJC_16bit16kHz/data/K010/K010_004/K010_004a_IC0A.wav
Converting /autofs/diamond2/share/corpus/CEJC/data/K010/K010_004/K010_004b_IC01.wav to /autofs/diamond2/share/corpus/CEJC_16bit16kHz/data/K010/K010_004/K010_004b_IC01.wav
Converting /autofs/diamond2/share/corpus/CEJC/data/K010/K010_004/K010_004b_IC0A.wav to /autofs/diamond2/share/corpus/CEJC_16bit16kHz/data/K010/K010_004/K010_004b_IC0A.wav
Converting /autofs/diamond2/share/corpus/CEJC/data/K010/K010_005/K010_005a_IC01.wav to /autofs/diamond2/share/corpus/CEJC_16bit16kHz/data/K010/K010_005/K010_005a_IC01.wav
Converting /autofs/diamond2/share/corpus/CEJC/data/K010/K010_005/K010_005a_IC03.wav to /autofs/diamond2/share/corpus/CEJC_16bit16kHz/data/K010/K010_005/K010_005a_IC03.wav
Converting /autofs/diamond2/share/corpus/CEJC/data/K010/K010_005/K010_005a_IC0A.wav to /autofs/diamond2/share/corpus/CEJC_16bit16kHz/data/K010/K010_005/K010_005a_IC0A.wav
sox WARN rate: rate clipped 52 samples; decrease volume?
sox WARN dither: dither clipped 43 samples; decrease volume?
Converting /autofs/diamond2/share/corpus/CEJC/data/K010/K010_005/K010_005b_IC01.wav to /autofs/diamond2/share/corpus/CEJC_16bit16kHz/data/K010/K010_005/K010_005b_IC01.wav
Converting /autofs/diamond2/share/corpus/CEJC/data/K010/K010_005/K010_005b_IC03.wav to /autofs/diamond2/share/corpus/CEJC_16bit16kHz/data/K010/K010_005/K010_005b_IC03.wav
Converting /autofs/diamond2/share/corpus/CEJC/data/K010/K010_005/K010_005b_IC0A.wav to /autofs/diamond2/share/corpus/CEJC_16bit16kHz/data/K010/K010_005/K010_005b_IC0A.wav
sox WARN rate: rate clipped 26 samples; decrease volume?
sox WARN dither: dither clipped 24 samples; decrease volume?
Converting /autofs/diamond2/share/corpus/CEJC/data/K010/K010_006/K010_006_IC01.wav to /autofs/diamond2/share/corpus/CEJC_16bit16kHz/data/K010/K010_006/K010_006_IC01.wav
Converting /autofs/diamond2/share/corpus/CEJC/data/K010/K010_006/K010_006_IC03.wav to /autofs/diamond2/share/corpus/CEJC_16bit16kHz/data/K010/K010_006/K010_006_IC03.wav
Converting /autofs/diamond2/share/corpus/CEJC/data/K010/K010_006/K010_006_IC0A.wav to /autofs/diamond2/share/corpus/CEJC_16bit16kHz/data/K010/K010_006/K010_006_IC0A.wav
Converting /autofs/diamond2/share/corpus/CEJC/data/K010/K010_006/K010_006_IC0B.wav to /autofs/diamond2/share/corpus/CEJC_16bit16kHz/data/K010/K010_006/K010_006_IC0B.wav
Converting /autofs/diamond2/share/corpus/CEJC/data/K010/K010_008/K010_008_IC01.wav to /autofs/diamond2/share/corpus/CEJC_16bit16kHz/data/K010/K010_008/K010_008_IC01.wav
Converting /autofs/diamond2/share/corpus/CEJC/data/K010/K010_008/K010_008_IC02.wav to /autofs/diamond2/share/corpus/CEJC_16bit16kHz/data/K010/K010_008/K010_008_IC02.wav
Converting /autofs/diamond2/share/corpus/CEJC/data/K010/K010_008/K010_008_IC0A.wav to /autofs/diamond2/share/corpus/CEJC_16bit16kHz/data/K010/K010_008/K010_008_IC0A.wav
Converting /autofs/diamond2/share/corpus/CEJC/data/K010/K010_011/K010_011a_IC01.wav to /autofs/diamond2/share/corpus/CEJC_16bit16kHz/data/K010/K010_011/K010_011a_IC01.wav
Converting /autofs/diamond2/share/corpus/CEJC/data/K010/K010_011/K010_011a_IC03.wav to /autofs/diamond2/share/corpus/CEJC_16bit16kHz/data/K010/K010_011/K010_011a_IC03.wav
Converting /autofs/diamond2/share/corpus/CEJC/data/K010/K010_011/K010_011a_IC04.wav to /autofs/diamond2/share/corpus/CEJC_16bit16kHz/data/K010/K010_011/K010_011a_IC04.wav
Converting /autofs/diamond2/share/corpus/CEJC/data/K010/K010_011/K010_011a_IC0A.wav to /autofs/diamond2/share/corpus/CEJC_16bit16kHz/data/K010/K010_011/K010_011a_IC0A.wav
Converting /autofs/diamond2/share/corpus/CEJC/data/K010/K010_011/K010_011a_IC0B.wav to /autofs/diamond2/share/corpus/CEJC_16bit16kHz/data/K010/K010_011/K010_011a_IC0B.wav
Converting /autofs/diamond2/share/corpus/CEJC/data/K010/K010_011/K010_011b_IC01.wav to /autofs/diamond2/share/corpus/CEJC_16bit16kHz/data/K010/K010_011/K010_011b_IC01.wav
Converting /autofs/diamond2/share/corpus/CEJC/data/K010/K010_011/K010_011b_IC04.wav to /autofs/diamond2/share/corpus/CEJC_16bit16kHz/data/K010/K010_011/K010_011b_IC04.wav
Converting /autofs/diamond2/share/corpus/CEJC/data/K010/K010_011/K010_011b_IC0B.wav to /autofs/diamond2/share/corpus/CEJC_16bit16kHz/data/K010/K010_011/K010_011b_IC0B.wav
Converting /autofs/diamond2/share/corpus/CEJC/data/K010/K010_012/K010_012a_IC01.wav to /autofs/diamond2/share/corpus/CEJC_16bit16kHz/data/K010/K010_012/K010_012a_IC01.wav
Converting /autofs/diamond2/share/corpus/CEJC/data/K010/K010_012/K010_012a_IC02.wav to /autofs/diamond2/share/corpus/CEJC_16bit16kHz/data/K010/K010_012/K010_012a_IC02.wav
Converting /autofs/diamond2/share/corpus/CEJC/data/K010/K010_012/K010_012a_IC04.wav to /autofs/diamond2/share/corpus/CEJC_16bit16kHz/data/K010/K010_012/K010_012a_IC04.wav
Converting /autofs/diamond2/share/corpus/CEJC/data/K010/K010_012/K010_012a_IC0A.wav to /autofs/diamond2/share/corpus/CEJC_16bit16kHz/data/K010/K010_012/K010_012a_IC0A.wav
Converting /autofs/diamond2/share/corpus/CEJC/data/K010/K010_012/K010_012a_IC0B.wav to /autofs/diamond2/share/corpus/CEJC_16bit16kHz/data/K010/K010_012/K010_012a_IC0B.wav
Converting /autofs/diamond2/share/corpus/CEJC/data/K010/K010_012/K010_012b_IC01.wav to /autofs/diamond2/share/corpus/CEJC_16bit16kHz/data/K010/K010_012/K010_012b_IC01.wav
Converting /autofs/diamond2/share/corpus/CEJC/data/K010/K010_012/K010_012b_IC02.wav to /autofs/diamond2/share/corpus/CEJC_16bit16kHz/data/K010/K010_012/K010_012b_IC02.wav
Converting /autofs/diamond2/share/corpus/CEJC/data/K010/K010_012/K010_012b_IC04.wav to /autofs/diamond2/share/corpus/CEJC_16bit16kHz/data/K010/K010_012/K010_012b_IC04.wav
Converting /autofs/diamond2/share/corpus/CEJC/data/K010/K010_012/K010_012b_IC0A.wav to /autofs/diamond2/share/corpus/CEJC_16bit16kHz/data/K010/K010_012/K010_012b_IC0A.wav
Converting /autofs/diamond2/share/corpus/CEJC/data/K010/K010_012/K010_012b_IC0B.wav to /autofs/diamond2/share/corpus/CEJC_16bit16kHz/data/K010/K010_012/K010_012b_IC0B.wav
Converting /autofs/diamond2/share/corpus/CEJC/data/K010/K010_013/K010_013a_IC01.wav to /autofs/diamond2/share/corpus/CEJC_16bit16kHz/data/K010/K010_013/K010_013a_IC01.wav
Converting /autofs/diamond2/share/corpus/CEJC/data/K010/K010_013/K010_013a_IC03.wav to /autofs/diamond2/share/corpus/CEJC_16bit16kHz/data/K010/K010_013/K010_013a_IC03.wav
sox WARN rate: rate clipped 90 samples; decrease volume?
sox WARN dither: dither clipped 78 samples; decrease volume?
Converting /autofs/diamond2/share/corpus/CEJC/data/K010/K010_013/K010_013a_IC0A.wav to /autofs/diamond2/share/corpus/CEJC_16bit16kHz/data/K010/K010_013/K010_013a_IC0A.wav
sox WARN rate: rate clipped 16 samples; decrease volume?
sox WARN dither: dither clipped 14 samples; decrease volume?
Converting /autofs/diamond2/share/corpus/CEJC/data/K010/K010_013/K010_013b_IC01.wav to /autofs/diamond2/share/corpus/CEJC_16bit16kHz/data/K010/K010_013/K010_013b_IC01.wav
Converting /autofs/diamond2/share/corpus/CEJC/data/K010/K010_013/K010_013b_IC03.wav to /autofs/diamond2/share/corpus/CEJC_16bit16kHz/data/K010/K010_013/K010_013b_IC03.wav
Converting /autofs/diamond2/share/corpus/CEJC/data/K010/K010_013/K010_013b_IC0A.wav to /autofs/diamond2/share/corpus/CEJC_16bit16kHz/data/K010/K010_013/K010_013b_IC0A.wav
Converting /autofs/diamond2/share/corpus/CEJC/data/K010/K010_015/K010_015_IC01.wav to /autofs/diamond2/share/corpus/CEJC_16bit16kHz/data/K010/K010_015/K010_015_IC01.wav
Converting /autofs/diamond2/share/corpus/CEJC/data/K010/K010_015/K010_015_IC02.wav to /autofs/diamond2/share/corpus/CEJC_16bit16kHz/data/K010/K010_015/K010_015_IC02.wav
Converting /autofs/diamond2/share/corpus/CEJC/data/K010/K010_015/K010_015_IC03.wav to /autofs/diamond2/share/corpus/CEJC_16bit16kHz/data/K010/K010_015/K010_015_IC03.wav
Converting /autofs/diamond2/share/corpus/CEJC/data/K010/K010_015/K010_015_IC04.wav to /autofs/diamond2/share/corpus/CEJC_16bit16kHz/data/K010/K010_015/K010_015_IC04.wav
Converting /autofs/diamond2/share/corpus/CEJC/data/K010/K010_015/K010_015_IC0A.wav to /autofs/diamond2/share/corpus/CEJC_16bit16kHz/data/K010/K010_015/K010_015_IC0A.wav
Converting /autofs/diamond2/share/corpus/CEJC/data/K010/K010_015/K010_015_IC0B.wav to /autofs/diamond2/share/corpus/CEJC_16bit16kHz/data/K010/K010_015/K010_015_IC0B.wav
Converting /autofs/diamond2/share/corpus/CEJC/data/K010/K010_016/K010_016_IC01.wav to /autofs/diamond2/share/corpus/CEJC_16bit16kHz/data/K010/K010_016/K010_016_IC01.wav
sox WARN rate: rate clipped 10 samples; decrease volume?
sox WARN dither: dither clipped 8 samples; decrease volume?
Converting /autofs/diamond2/share/corpus/CEJC/data/K010/K010_016/K010_016_IC03.wav to /autofs/diamond2/share/corpus/CEJC_16bit16kHz/data/K010/K010_016/K010_016_IC03.wav
sox WARN rate: rate clipped 5 samples; decrease volume?
sox WARN dither: dither clipped 5 samples; decrease volume?
Converting /autofs/diamond2/share/corpus/CEJC/data/K010/K010_016/K010_016_IC04.wav to /autofs/diamond2/share/corpus/CEJC_16bit16kHz/data/K010/K010_016/K010_016_IC04.wav
sox WARN rate: rate clipped 103 samples; decrease volume?
sox WARN dither: dither clipped 95 samples; decrease volume?
Converting /autofs/diamond2/share/corpus/CEJC/data/K010/K010_016/K010_016_IC0A.wav to /autofs/diamond2/share/corpus/CEJC_16bit16kHz/data/K010/K010_016/K010_016_IC0A.wav
sox WARN rate: rate clipped 266 samples; decrease volume?
sox WARN dither: dither clipped 228 samples; decrease volume?
Converting /autofs/diamond2/share/corpus/CEJC/data/K010/K010_017/K010_017_IC01.wav to /autofs/diamond2/share/corpus/CEJC_16bit16kHz/data/K010/K010_017/K010_017_IC01.wav
sox WARN rate: rate clipped 6 samples; decrease volume?
sox WARN dither: dither clipped 6 samples; decrease volume?
Converting /autofs/diamond2/share/corpus/CEJC/data/K010/K010_017/K010_017_IC03.wav to /autofs/diamond2/share/corpus/CEJC_16bit16kHz/data/K010/K010_017/K010_017_IC03.wav
Converting /autofs/diamond2/share/corpus/CEJC/data/K010/K010_017/K010_017_IC0B.wav to /autofs/diamond2/share/corpus/CEJC_16bit16kHz/data/K010/K010_017/K010_017_IC0B.wav
sox WARN rate: rate clipped 6 samples; decrease volume?
sox WARN dither: dither clipped 5 samples; decrease volume?
Converting /autofs/diamond2/share/corpus/CEJC/data/K011/K011_002/K011_002_IC01.wav to /autofs/diamond2/share/corpus/CEJC_16bit16kHz/data/K011/K011_002/K011_002_IC01.wav
Converting /autofs/diamond2/share/corpus/CEJC/data/K011/K011_002/K011_002_IC02.wav to /autofs/diamond2/share/corpus/CEJC_16bit16kHz/data/K011/K011_002/K011_002_IC02.wav
Converting /autofs/diamond2/share/corpus/CEJC/data/K011/K011_002/K011_002_IC03.wav to /autofs/diamond2/share/corpus/CEJC_16bit16kHz/data/K011/K011_002/K011_002_IC03.wav
Converting /autofs/diamond2/share/corpus/CEJC/data/K011/K011_002/K011_002_IC04.wav to /autofs/diamond2/share/corpus/CEJC_16bit16kHz/data/K011/K011_002/K011_002_IC04.wav
Converting /autofs/diamond2/share/corpus/CEJC/data/K011/K011_002/K011_002_IC0B.wav to /autofs/diamond2/share/corpus/CEJC_16bit16kHz/data/K011/K011_002/K011_002_IC0B.wav
Converting /autofs/diamond2/share/corpus/CEJC/data/K011/K011_004/K011_004_IC01.wav to /autofs/diamond2/share/corpus/CEJC_16bit16kHz/data/K011/K011_004/K011_004_IC01.wav
Converting /autofs/diamond2/share/corpus/CEJC/data/K011/K011_004/K011_004_IC02.wav to /autofs/diamond2/share/corpus/CEJC_16bit16kHz/data/K011/K011_004/K011_004_IC02.wav
Converting /autofs/diamond2/share/corpus/CEJC/data/K011/K011_004/K011_004_IC03.wav to /autofs/diamond2/share/corpus/CEJC_16bit16kHz/data/K011/K011_004/K011_004_IC03.wav
Converting /autofs/diamond2/share/corpus/CEJC/data/K011/K011_004/K011_004_IC04.wav to /autofs/diamond2/share/corpus/CEJC_16bit16kHz/data/K011/K011_004/K011_004_IC04.wav
Converting /autofs/diamond2/share/corpus/CEJC/data/K011/K011_004/K011_004_IC0B.wav to /autofs/diamond2/share/corpus/CEJC_16bit16kHz/data/K011/K011_004/K011_004_IC0B.wav
Converting /autofs/diamond2/share/corpus/CEJC/data/K011/K011_005/K011_005_IC01.wav to /autofs/diamond2/share/corpus/CEJC_16bit16kHz/data/K011/K011_005/K011_005_IC01.wav
sox WARN rate: rate clipped 602 samples; decrease volume?
sox WARN dither: dither clipped 529 samples; decrease volume?
Converting /autofs/diamond2/share/corpus/CEJC/data/K011/K011_005/K011_005_IC02.wav to /autofs/diamond2/share/corpus/CEJC_16bit16kHz/data/K011/K011_005/K011_005_IC02.wav
Converting /autofs/diamond2/share/corpus/CEJC/data/K011/K011_005/K011_005_IC0A.wav to /autofs/diamond2/share/corpus/CEJC_16bit16kHz/data/K011/K011_005/K011_005_IC0A.wav
sox WARN rate: rate clipped 519 samples; decrease volume?
sox WARN dither: dither clipped 464 samples; decrease volume?
Converting /autofs/diamond2/share/corpus/CEJC/data/K011/K011_007/K011_007_IC01.wav to /autofs/diamond2/share/corpus/CEJC_16bit16kHz/data/K011/K011_007/K011_007_IC01.wav
Converting /autofs/diamond2/share/corpus/CEJC/data/K011/K011_007/K011_007_IC02.wav to /autofs/diamond2/share/corpus/CEJC_16bit16kHz/data/K011/K011_007/K011_007_IC02.wav
Converting /autofs/diamond2/share/corpus/CEJC/data/K011/K011_007/K011_007_IC03.wav to /autofs/diamond2/share/corpus/CEJC_16bit16kHz/data/K011/K011_007/K011_007_IC03.wav
Converting /autofs/diamond2/share/corpus/CEJC/data/K011/K011_007/K011_007_IC0A.wav to /autofs/diamond2/share/corpus/CEJC_16bit16kHz/data/K011/K011_007/K011_007_IC0A.wav
Converting /autofs/diamond2/share/corpus/CEJC/data/K011/K011_007/K011_007_IC0B.wav to /autofs/diamond2/share/corpus/CEJC_16bit16kHz/data/K011/K011_007/K011_007_IC0B.wav
Converting /autofs/diamond2/share/corpus/CEJC/data/K011/K011_009/K011_009a_IC01.wav to /autofs/diamond2/share/corpus/CEJC_16bit16kHz/data/K011/K011_009/K011_009a_IC01.wav
Converting /autofs/diamond2/share/corpus/CEJC/data/K011/K011_009/K011_009a_IC02.wav to /autofs/diamond2/share/corpus/CEJC_16bit16kHz/data/K011/K011_009/K011_009a_IC02.wav
Converting /autofs/diamond2/share/corpus/CEJC/data/K011/K011_009/K011_009a_IC0A.wav to /autofs/diamond2/share/corpus/CEJC_16bit16kHz/data/K011/K011_009/K011_009a_IC0A.wav
Converting /autofs/diamond2/share/corpus/CEJC/data/K011/K011_009/K011_009a_IC0B.wav to /autofs/diamond2/share/corpus/CEJC_16bit16kHz/data/K011/K011_009/K011_009a_IC0B.wav
Converting /autofs/diamond2/share/corpus/CEJC/data/K011/K011_009/K011_009b_IC01.wav to /autofs/diamond2/share/corpus/CEJC_16bit16kHz/data/K011/K011_009/K011_009b_IC01.wav
Converting /autofs/diamond2/share/corpus/CEJC/data/K011/K011_009/K011_009b_IC02.wav to /autofs/diamond2/share/corpus/CEJC_16bit16kHz/data/K011/K011_009/K011_009b_IC02.wav
Converting /autofs/diamond2/share/corpus/CEJC/data/K011/K011_009/K011_009b_IC0A.wav to /autofs/diamond2/share/corpus/CEJC_16bit16kHz/data/K011/K011_009/K011_009b_IC0A.wav
Converting /autofs/diamond2/share/corpus/CEJC/data/K011/K011_009/K011_009b_IC0B.wav to /autofs/diamond2/share/corpus/CEJC_16bit16kHz/data/K011/K011_009/K011_009b_IC0B.wav
Converting /autofs/diamond2/share/corpus/CEJC/data/K011/K011_015/K011_015_IC01.wav to /autofs/diamond2/share/corpus/CEJC_16bit16kHz/data/K011/K011_015/K011_015_IC01.wav
Converting /autofs/diamond2/share/corpus/CEJC/data/K011/K011_015/K011_015_IC02.wav to /autofs/diamond2/share/corpus/CEJC_16bit16kHz/data/K011/K011_015/K011_015_IC02.wav
Converting /autofs/diamond2/share/corpus/CEJC/data/K011/K011_015/K011_015_IC03.wav to /autofs/diamond2/share/corpus/CEJC_16bit16kHz/data/K011/K011_015/K011_015_IC03.wav
Converting /autofs/diamond2/share/corpus/CEJC/data/K011/K011_015/K011_015_IC0B.wav to /autofs/diamond2/share/corpus/CEJC_16bit16kHz/data/K011/K011_015/K011_015_IC0B.wav
Converting /autofs/diamond2/share/corpus/CEJC/data/K011/K011_016/K011_016a_IC01.wav to /autofs/diamond2/share/corpus/CEJC_16bit16kHz/data/K011/K011_016/K011_016a_IC01.wav
Converting /autofs/diamond2/share/corpus/CEJC/data/K011/K011_016/K011_016a_IC02.wav to /autofs/diamond2/share/corpus/CEJC_16bit16kHz/data/K011/K011_016/K011_016a_IC02.wav
Converting /autofs/diamond2/share/corpus/CEJC/data/K011/K011_016/K011_016a_IC03.wav to /autofs/diamond2/share/corpus/CEJC_16bit16kHz/data/K011/K011_016/K011_016a_IC03.wav
Converting /autofs/diamond2/share/corpus/CEJC/data/K011/K011_016/K011_016a_IC0A.wav to /autofs/diamond2/share/corpus/CEJC_16bit16kHz/data/K011/K011_016/K011_016a_IC0A.wav
Converting /autofs/diamond2/share/corpus/CEJC/data/K011/K011_016/K011_016b_IC01.wav to /autofs/diamond2/share/corpus/CEJC_16bit16kHz/data/K011/K011_016/K011_016b_IC01.wav
Converting /autofs/diamond2/share/corpus/CEJC/data/K011/K011_016/K011_016b_IC02.wav to /autofs/diamond2/share/corpus/CEJC_16bit16kHz/data/K011/K011_016/K011_016b_IC02.wav
Converting /autofs/diamond2/share/corpus/CEJC/data/K011/K011_016/K011_016b_IC03.wav to /autofs/diamond2/share/corpus/CEJC_16bit16kHz/data/K011/K011_016/K011_016b_IC03.wav
Converting /autofs/diamond2/share/corpus/CEJC/data/K011/K011_016/K011_016b_IC0A.wav to /autofs/diamond2/share/corpus/CEJC_16bit16kHz/data/K011/K011_016/K011_016b_IC0A.wav
Converting /autofs/diamond2/share/corpus/CEJC/data/K011/K011_018/K011_018_IC01.wav to /autofs/diamond2/share/corpus/CEJC_16bit16kHz/data/K011/K011_018/K011_018_IC01.wav
Converting /autofs/diamond2/share/corpus/CEJC/data/K011/K011_018/K011_018_IC02.wav to /autofs/diamond2/share/corpus/CEJC_16bit16kHz/data/K011/K011_018/K011_018_IC02.wav
Converting /autofs/diamond2/share/corpus/CEJC/data/K011/K011_018/K011_018_IC03.wav to /autofs/diamond2/share/corpus/CEJC_16bit16kHz/data/K011/K011_018/K011_018_IC03.wav
Converting /autofs/diamond2/share/corpus/CEJC/data/K011/K011_018/K011_018_IC0A.wav to /autofs/diamond2/share/corpus/CEJC_16bit16kHz/data/K011/K011_018/K011_018_IC0A.wav
Converting /autofs/diamond2/share/corpus/CEJC/data/K011/K011_018/K011_018_IC0B.wav to /autofs/diamond2/share/corpus/CEJC_16bit16kHz/data/K011/K011_018/K011_018_IC0B.wav
Converting /autofs/diamond2/share/corpus/CEJC/data/K011/K011_019/K011_019a_IC01.wav to /autofs/diamond2/share/corpus/CEJC_16bit16kHz/data/K011/K011_019/K011_019a_IC01.wav
Converting /autofs/diamond2/share/corpus/CEJC/data/K011/K011_019/K011_019a_IC02.wav to /autofs/diamond2/share/corpus/CEJC_16bit16kHz/data/K011/K011_019/K011_019a_IC02.wav
Converting /autofs/diamond2/share/corpus/CEJC/data/K011/K011_019/K011_019a_IC03.wav to /autofs/diamond2/share/corpus/CEJC_16bit16kHz/data/K011/K011_019/K011_019a_IC03.wav
Converting /autofs/diamond2/share/corpus/CEJC/data/K011/K011_019/K011_019a_IC0B.wav to /autofs/diamond2/share/corpus/CEJC_16bit16kHz/data/K011/K011_019/K011_019a_IC0B.wav
Converting /autofs/diamond2/share/corpus/CEJC/data/K011/K011_019/K011_019b_IC01.wav to /autofs/diamond2/share/corpus/CEJC_16bit16kHz/data/K011/K011_019/K011_019b_IC01.wav
Converting /autofs/diamond2/share/corpus/CEJC/data/K011/K011_019/K011_019b_IC02.wav to /autofs/diamond2/share/corpus/CEJC_16bit16kHz/data/K011/K011_019/K011_019b_IC02.wav
Converting /autofs/diamond2/share/corpus/CEJC/data/K011/K011_019/K011_019b_IC03.wav to /autofs/diamond2/share/corpus/CEJC_16bit16kHz/data/K011/K011_019/K011_019b_IC03.wav
Converting /autofs/diamond2/share/corpus/CEJC/data/K011/K011_019/K011_019b_IC0B.wav to /autofs/diamond2/share/corpus/CEJC_16bit16kHz/data/K011/K011_019/K011_019b_IC0B.wav
Converting /autofs/diamond2/share/corpus/CEJC/data/K012/K012_001/K012_001_IC01.wav to /autofs/diamond2/share/corpus/CEJC_16bit16kHz/data/K012/K012_001/K012_001_IC01.wav
Converting /autofs/diamond2/share/corpus/CEJC/data/K012/K012_001/K012_001_IC02.wav to /autofs/diamond2/share/corpus/CEJC_16bit16kHz/data/K012/K012_001/K012_001_IC02.wav
Converting /autofs/diamond2/share/corpus/CEJC/data/K012/K012_001/K012_001_IC0A.wav to /autofs/diamond2/share/corpus/CEJC_16bit16kHz/data/K012/K012_001/K012_001_IC0A.wav
Converting /autofs/diamond2/share/corpus/CEJC/data/K012/K012_002/K012_002a_IC01.wav to /autofs/diamond2/share/corpus/CEJC_16bit16kHz/data/K012/K012_002/K012_002a_IC01.wav
Converting /autofs/diamond2/share/corpus/CEJC/data/K012/K012_002/K012_002a_IC02.wav to /autofs/diamond2/share/corpus/CEJC_16bit16kHz/data/K012/K012_002/K012_002a_IC02.wav
Converting /autofs/diamond2/share/corpus/CEJC/data/K012/K012_002/K012_002a_IC0A.wav to /autofs/diamond2/share/corpus/CEJC_16bit16kHz/data/K012/K012_002/K012_002a_IC0A.wav
Converting /autofs/diamond2/share/corpus/CEJC/data/K012/K012_002/K012_002b_IC01.wav to /autofs/diamond2/share/corpus/CEJC_16bit16kHz/data/K012/K012_002/K012_002b_IC01.wav
Converting /autofs/diamond2/share/corpus/CEJC/data/K012/K012_002/K012_002b_IC02.wav to /autofs/diamond2/share/corpus/CEJC_16bit16kHz/data/K012/K012_002/K012_002b_IC02.wav
Converting /autofs/diamond2/share/corpus/CEJC/data/K012/K012_002/K012_002b_IC0A.wav to /autofs/diamond2/share/corpus/CEJC_16bit16kHz/data/K012/K012_002/K012_002b_IC0A.wav
Converting /autofs/diamond2/share/corpus/CEJC/data/K012/K012_002/K012_002c_IC01.wav to /autofs/diamond2/share/corpus/CEJC_16bit16kHz/data/K012/K012_002/K012_002c_IC01.wav
Converting /autofs/diamond2/share/corpus/CEJC/data/K012/K012_002/K012_002c_IC02.wav to /autofs/diamond2/share/corpus/CEJC_16bit16kHz/data/K012/K012_002/K012_002c_IC02.wav
Converting /autofs/diamond2/share/corpus/CEJC/data/K012/K012_002/K012_002c_IC0A.wav to /autofs/diamond2/share/corpus/CEJC_16bit16kHz/data/K012/K012_002/K012_002c_IC0A.wav
Converting /autofs/diamond2/share/corpus/CEJC/data/K012/K012_002/K012_002d_IC01.wav to /autofs/diamond2/share/corpus/CEJC_16bit16kHz/data/K012/K012_002/K012_002d_IC01.wav
Converting /autofs/diamond2/share/corpus/CEJC/data/K012/K012_002/K012_002d_IC02.wav to /autofs/diamond2/share/corpus/CEJC_16bit16kHz/data/K012/K012_002/K012_002d_IC02.wav
Converting /autofs/diamond2/share/corpus/CEJC/data/K012/K012_002/K012_002d_IC0A.wav to /autofs/diamond2/share/corpus/CEJC_16bit16kHz/data/K012/K012_002/K012_002d_IC0A.wav
Converting /autofs/diamond2/share/corpus/CEJC/data/K012/K012_003/K012_003a_IC01.wav to /autofs/diamond2/share/corpus/CEJC_16bit16kHz/data/K012/K012_003/K012_003a_IC01.wav
Converting /autofs/diamond2/share/corpus/CEJC/data/K012/K012_003/K012_003a_IC02.wav to /autofs/diamond2/share/corpus/CEJC_16bit16kHz/data/K012/K012_003/K012_003a_IC02.wav
Converting /autofs/diamond2/share/corpus/CEJC/data/K012/K012_003/K012_003a_IC0A.wav to /autofs/diamond2/share/corpus/CEJC_16bit16kHz/data/K012/K012_003/K012_003a_IC0A.wav
Converting /autofs/diamond2/share/corpus/CEJC/data/K012/K012_003/K012_003b_IC01.wav to /autofs/diamond2/share/corpus/CEJC_16bit16kHz/data/K012/K012_003/K012_003b_IC01.wav
Converting /autofs/diamond2/share/corpus/CEJC/data/K012/K012_003/K012_003b_IC02.wav to /autofs/diamond2/share/corpus/CEJC_16bit16kHz/data/K012/K012_003/K012_003b_IC02.wav
Converting /autofs/diamond2/share/corpus/CEJC/data/K012/K012_003/K012_003b_IC0A.wav to /autofs/diamond2/share/corpus/CEJC_16bit16kHz/data/K012/K012_003/K012_003b_IC0A.wav
Converting /autofs/diamond2/share/corpus/CEJC/data/K012/K012_003/K012_003c_IC01.wav to /autofs/diamond2/share/corpus/CEJC_16bit16kHz/data/K012/K012_003/K012_003c_IC01.wav
Converting /autofs/diamond2/share/corpus/CEJC/data/K012/K012_003/K012_003c_IC02.wav to /autofs/diamond2/share/corpus/CEJC_16bit16kHz/data/K012/K012_003/K012_003c_IC02.wav
Converting /autofs/diamond2/share/corpus/CEJC/data/K012/K012_003/K012_003c_IC03.wav to /autofs/diamond2/share/corpus/CEJC_16bit16kHz/data/K012/K012_003/K012_003c_IC03.wav
Converting /autofs/diamond2/share/corpus/CEJC/data/K012/K012_003/K012_003c_IC0A.wav to /autofs/diamond2/share/corpus/CEJC_16bit16kHz/data/K012/K012_003/K012_003c_IC0A.wav
Converting /autofs/diamond2/share/corpus/CEJC/data/K012/K012_004/K012_004_IC01.wav to /autofs/diamond2/share/corpus/CEJC_16bit16kHz/data/K012/K012_004/K012_004_IC01.wav
Converting /autofs/diamond2/share/corpus/CEJC/data/K012/K012_004/K012_004_IC02.wav to /autofs/diamond2/share/corpus/CEJC_16bit16kHz/data/K012/K012_004/K012_004_IC02.wav
Converting /autofs/diamond2/share/corpus/CEJC/data/K012/K012_004/K012_004_IC03.wav to /autofs/diamond2/share/corpus/CEJC_16bit16kHz/data/K012/K012_004/K012_004_IC03.wav
Converting /autofs/diamond2/share/corpus/CEJC/data/K012/K012_004/K012_004_IC0A.wav to /autofs/diamond2/share/corpus/CEJC_16bit16kHz/data/K012/K012_004/K012_004_IC0A.wav
Converting /autofs/diamond2/share/corpus/CEJC/data/K012/K012_006/K012_006_IC01.wav to /autofs/diamond2/share/corpus/CEJC_16bit16kHz/data/K012/K012_006/K012_006_IC01.wav
Converting /autofs/diamond2/share/corpus/CEJC/data/K012/K012_006/K012_006_IC06.wav to /autofs/diamond2/share/corpus/CEJC_16bit16kHz/data/K012/K012_006/K012_006_IC06.wav
Converting /autofs/diamond2/share/corpus/CEJC/data/K012/K012_006/K012_006_IC0B.wav to /autofs/diamond2/share/corpus/CEJC_16bit16kHz/data/K012/K012_006/K012_006_IC0B.wav
Converting /autofs/diamond2/share/corpus/CEJC/data/K012/K012_007/K012_007a_IC01.wav to /autofs/diamond2/share/corpus/CEJC_16bit16kHz/data/K012/K012_007/K012_007a_IC01.wav
Converting /autofs/diamond2/share/corpus/CEJC/data/K012/K012_007/K012_007a_IC02.wav to /autofs/diamond2/share/corpus/CEJC_16bit16kHz/data/K012/K012_007/K012_007a_IC02.wav
Converting /autofs/diamond2/share/corpus/CEJC/data/K012/K012_007/K012_007a_IC0A.wav to /autofs/diamond2/share/corpus/CEJC_16bit16kHz/data/K012/K012_007/K012_007a_IC0A.wav
Converting /autofs/diamond2/share/corpus/CEJC/data/K012/K012_007/K012_007b_IC01.wav to /autofs/diamond2/share/corpus/CEJC_16bit16kHz/data/K012/K012_007/K012_007b_IC01.wav
Converting /autofs/diamond2/share/corpus/CEJC/data/K012/K012_007/K012_007b_IC02.wav to /autofs/diamond2/share/corpus/CEJC_16bit16kHz/data/K012/K012_007/K012_007b_IC02.wav
Converting /autofs/diamond2/share/corpus/CEJC/data/K012/K012_007/K012_007b_IC0A.wav to /autofs/diamond2/share/corpus/CEJC_16bit16kHz/data/K012/K012_007/K012_007b_IC0A.wav
Converting /autofs/diamond2/share/corpus/CEJC/data/K013/K013_003/K013_003_IC01.wav to /autofs/diamond2/share/corpus/CEJC_16bit16kHz/data/K013/K013_003/K013_003_IC01.wav
Converting /autofs/diamond2/share/corpus/CEJC/data/K013/K013_003/K013_003_IC03.wav to /autofs/diamond2/share/corpus/CEJC_16bit16kHz/data/K013/K013_003/K013_003_IC03.wav
Converting /autofs/diamond2/share/corpus/CEJC/data/K013/K013_003/K013_003_IC05.wav to /autofs/diamond2/share/corpus/CEJC_16bit16kHz/data/K013/K013_003/K013_003_IC05.wav
Converting /autofs/diamond2/share/corpus/CEJC/data/K013/K013_003/K013_003_IC0A.wav to /autofs/diamond2/share/corpus/CEJC_16bit16kHz/data/K013/K013_003/K013_003_IC0A.wav
Converting /autofs/diamond2/share/corpus/CEJC/data/K013/K013_004/K013_004_IC01.wav to /autofs/diamond2/share/corpus/CEJC_16bit16kHz/data/K013/K013_004/K013_004_IC01.wav
Converting /autofs/diamond2/share/corpus/CEJC/data/K013/K013_004/K013_004_IC02.wav to /autofs/diamond2/share/corpus/CEJC_16bit16kHz/data/K013/K013_004/K013_004_IC02.wav
Converting /autofs/diamond2/share/corpus/CEJC/data/K013/K013_004/K013_004_IC0A.wav to /autofs/diamond2/share/corpus/CEJC_16bit16kHz/data/K013/K013_004/K013_004_IC0A.wav
Converting /autofs/diamond2/share/corpus/CEJC/data/K013/K013_004/K013_004_IC0B.wav to /autofs/diamond2/share/corpus/CEJC_16bit16kHz/data/K013/K013_004/K013_004_IC0B.wav
Converting /autofs/diamond2/share/corpus/CEJC/data/K013/K013_009/K013_009_IC01.wav to /autofs/diamond2/share/corpus/CEJC_16bit16kHz/data/K013/K013_009/K013_009_IC01.wav
Converting /autofs/diamond2/share/corpus/CEJC/data/K013/K013_009/K013_009_IC02.wav to /autofs/diamond2/share/corpus/CEJC_16bit16kHz/data/K013/K013_009/K013_009_IC02.wav
Converting /autofs/diamond2/share/corpus/CEJC/data/K013/K013_009/K013_009_IC03.wav to /autofs/diamond2/share/corpus/CEJC_16bit16kHz/data/K013/K013_009/K013_009_IC03.wav
Converting /autofs/diamond2/share/corpus/CEJC/data/K013/K013_009/K013_009_IC0A.wav to /autofs/diamond2/share/corpus/CEJC_16bit16kHz/data/K013/K013_009/K013_009_IC0A.wav
Converting /autofs/diamond2/share/corpus/CEJC/data/K013/K013_009/K013_009_IC0B.wav to /autofs/diamond2/share/corpus/CEJC_16bit16kHz/data/K013/K013_009/K013_009_IC0B.wav
Converting /autofs/diamond2/share/corpus/CEJC/data/K013/K013_011/K013_011_IC01.wav to /autofs/diamond2/share/corpus/CEJC_16bit16kHz/data/K013/K013_011/K013_011_IC01.wav
Converting /autofs/diamond2/share/corpus/CEJC/data/K013/K013_011/K013_011_IC02.wav to /autofs/diamond2/share/corpus/CEJC_16bit16kHz/data/K013/K013_011/K013_011_IC02.wav
Converting /autofs/diamond2/share/corpus/CEJC/data/K013/K013_011/K013_011_IC03.wav to /autofs/diamond2/share/corpus/CEJC_16bit16kHz/data/K013/K013_011/K013_011_IC03.wav
Converting /autofs/diamond2/share/corpus/CEJC/data/K013/K013_011/K013_011_IC04.wav to /autofs/diamond2/share/corpus/CEJC_16bit16kHz/data/K013/K013_011/K013_011_IC04.wav
Converting /autofs/diamond2/share/corpus/CEJC/data/K013/K013_011/K013_011_IC0A.wav to /autofs/diamond2/share/corpus/CEJC_16bit16kHz/data/K013/K013_011/K013_011_IC0A.wav
Converting /autofs/diamond2/share/corpus/CEJC/data/K013/K013_012/K013_012_IC01.wav to /autofs/diamond2/share/corpus/CEJC_16bit16kHz/data/K013/K013_012/K013_012_IC01.wav
Converting /autofs/diamond2/share/corpus/CEJC/data/K013/K013_012/K013_012_IC06.wav to /autofs/diamond2/share/corpus/CEJC_16bit16kHz/data/K013/K013_012/K013_012_IC06.wav
Converting /autofs/diamond2/share/corpus/CEJC/data/K013/K013_012/K013_012_IC0A.wav to /autofs/diamond2/share/corpus/CEJC_16bit16kHz/data/K013/K013_012/K013_012_IC0A.wav
Converting /autofs/diamond2/share/corpus/CEJC/data/K013/K013_017/K013_017_IC01.wav to /autofs/diamond2/share/corpus/CEJC_16bit16kHz/data/K013/K013_017/K013_017_IC01.wav
Converting /autofs/diamond2/share/corpus/CEJC/data/K013/K013_017/K013_017_IC06.wav to /autofs/diamond2/share/corpus/CEJC_16bit16kHz/data/K013/K013_017/K013_017_IC06.wav
Converting /autofs/diamond2/share/corpus/CEJC/data/K013/K013_017/K013_017_IC0A.wav to /autofs/diamond2/share/corpus/CEJC_16bit16kHz/data/K013/K013_017/K013_017_IC0A.wav
Converting /autofs/diamond2/share/corpus/CEJC/data/K013/K013_019/K013_019_IC01.wav to /autofs/diamond2/share/corpus/CEJC_16bit16kHz/data/K013/K013_019/K013_019_IC01.wav
Converting /autofs/diamond2/share/corpus/CEJC/data/K013/K013_019/K013_019_IC02.wav to /autofs/diamond2/share/corpus/CEJC_16bit16kHz/data/K013/K013_019/K013_019_IC02.wav
Converting /autofs/diamond2/share/corpus/CEJC/data/K013/K013_019/K013_019_IC0A.wav to /autofs/diamond2/share/corpus/CEJC_16bit16kHz/data/K013/K013_019/K013_019_IC0A.wav
Converting /autofs/diamond2/share/corpus/CEJC/data/K013/K013_020/K013_020_IC01.wav to /autofs/diamond2/share/corpus/CEJC_16bit16kHz/data/K013/K013_020/K013_020_IC01.wav
Converting /autofs/diamond2/share/corpus/CEJC/data/K013/K013_020/K013_020_IC02.wav to /autofs/diamond2/share/corpus/CEJC_16bit16kHz/data/K013/K013_020/K013_020_IC02.wav
Converting /autofs/diamond2/share/corpus/CEJC/data/K013/K013_020/K013_020_IC03.wav to /autofs/diamond2/share/corpus/CEJC_16bit16kHz/data/K013/K013_020/K013_020_IC03.wav
Converting /autofs/diamond2/share/corpus/CEJC/data/K013/K013_020/K013_020_IC04.wav to /autofs/diamond2/share/corpus/CEJC_16bit16kHz/data/K013/K013_020/K013_020_IC04.wav
Converting /autofs/diamond2/share/corpus/CEJC/data/K013/K013_020/K013_020_IC0A.wav to /autofs/diamond2/share/corpus/CEJC_16bit16kHz/data/K013/K013_020/K013_020_IC0A.wav
Converting /autofs/diamond2/share/corpus/CEJC/data/S001/S001_004/S001_004_IC01.wav to /autofs/diamond2/share/corpus/CEJC_16bit16kHz/data/S001/S001_004/S001_004_IC01.wav
Converting /autofs/diamond2/share/corpus/CEJC/data/S001/S001_004/S001_004_IC02.wav to /autofs/diamond2/share/corpus/CEJC_16bit16kHz/data/S001/S001_004/S001_004_IC02.wav
Converting /autofs/diamond2/share/corpus/CEJC/data/S001/S001_004/S001_004_IC03.wav to /autofs/diamond2/share/corpus/CEJC_16bit16kHz/data/S001/S001_004/S001_004_IC03.wav
Converting /autofs/diamond2/share/corpus/CEJC/data/S001/S001_004/S001_004_IC04.wav to /autofs/diamond2/share/corpus/CEJC_16bit16kHz/data/S001/S001_004/S001_004_IC04.wav
Converting /autofs/diamond2/share/corpus/CEJC/data/S001/S001_004/S001_004_IC05.wav to /autofs/diamond2/share/corpus/CEJC_16bit16kHz/data/S001/S001_004/S001_004_IC05.wav
Converting /autofs/diamond2/share/corpus/CEJC/data/S001/S001_004/S001_004_IC06.wav to /autofs/diamond2/share/corpus/CEJC_16bit16kHz/data/S001/S001_004/S001_004_IC06.wav
Converting /autofs/diamond2/share/corpus/CEJC/data/S001/S001_004/S001_004_IC0A.wav to /autofs/diamond2/share/corpus/CEJC_16bit16kHz/data/S001/S001_004/S001_004_IC0A.wav
Converting /autofs/diamond2/share/corpus/CEJC/data/S001/S001_004/S001_004_IC0B.wav to /autofs/diamond2/share/corpus/CEJC_16bit16kHz/data/S001/S001_004/S001_004_IC0B.wav
Converting /autofs/diamond2/share/corpus/CEJC/data/S001/S001_006/S001_006_IC01.wav to /autofs/diamond2/share/corpus/CEJC_16bit16kHz/data/S001/S001_006/S001_006_IC01.wav
Converting /autofs/diamond2/share/corpus/CEJC/data/S001/S001_006/S001_006_IC02.wav to /autofs/diamond2/share/corpus/CEJC_16bit16kHz/data/S001/S001_006/S001_006_IC02.wav
Converting /autofs/diamond2/share/corpus/CEJC/data/S001/S001_006/S001_006_IC03.wav to /autofs/diamond2/share/corpus/CEJC_16bit16kHz/data/S001/S001_006/S001_006_IC03.wav
Converting /autofs/diamond2/share/corpus/CEJC/data/S001/S001_006/S001_006_IC04.wav to /autofs/diamond2/share/corpus/CEJC_16bit16kHz/data/S001/S001_006/S001_006_IC04.wav
Converting /autofs/diamond2/share/corpus/CEJC/data/S001/S001_006/S001_006_IC0A.wav to /autofs/diamond2/share/corpus/CEJC_16bit16kHz/data/S001/S001_006/S001_006_IC0A.wav
Converting /autofs/diamond2/share/corpus/CEJC/data/S001/S001_011/S001_011_IC01.wav to /autofs/diamond2/share/corpus/CEJC_16bit16kHz/data/S001/S001_011/S001_011_IC01.wav
Converting /autofs/diamond2/share/corpus/CEJC/data/S001/S001_011/S001_011_IC02.wav to /autofs/diamond2/share/corpus/CEJC_16bit16kHz/data/S001/S001_011/S001_011_IC02.wav
Converting /autofs/diamond2/share/corpus/CEJC/data/S001/S001_011/S001_011_IC0A.wav to /autofs/diamond2/share/corpus/CEJC_16bit16kHz/data/S001/S001_011/S001_011_IC0A.wav
Converting /autofs/diamond2/share/corpus/CEJC/data/S001/S001_012/S001_012_IC01.wav to /autofs/diamond2/share/corpus/CEJC_16bit16kHz/data/S001/S001_012/S001_012_IC01.wav
sox WARN rate: rate clipped 140 samples; decrease volume?
sox WARN dither: dither clipped 125 samples; decrease volume?
Converting /autofs/diamond2/share/corpus/CEJC/data/S001/S001_012/S001_012_IC02.wav to /autofs/diamond2/share/corpus/CEJC_16bit16kHz/data/S001/S001_012/S001_012_IC02.wav
sox WARN rate: rate clipped 8 samples; decrease volume?
sox WARN dither: dither clipped 8 samples; decrease volume?
Converting /autofs/diamond2/share/corpus/CEJC/data/S001/S001_012/S001_012_IC03.wav to /autofs/diamond2/share/corpus/CEJC_16bit16kHz/data/S001/S001_012/S001_012_IC03.wav
sox WARN rate: rate clipped 6 samples; decrease volume?
sox WARN dither: dither clipped 6 samples; decrease volume?
Converting /autofs/diamond2/share/corpus/CEJC/data/S001/S001_012/S001_012_IC04.wav to /autofs/diamond2/share/corpus/CEJC_16bit16kHz/data/S001/S001_012/S001_012_IC04.wav
sox WARN rate: rate clipped 71 samples; decrease volume?
sox WARN dither: dither clipped 62 samples; decrease volume?
Converting /autofs/diamond2/share/corpus/CEJC/data/S001/S001_012/S001_012_IC05.wav to /autofs/diamond2/share/corpus/CEJC_16bit16kHz/data/S001/S001_012/S001_012_IC05.wav
sox WARN rate: rate clipped 370 samples; decrease volume?
sox WARN dither: dither clipped 320 samples; decrease volume?
Converting /autofs/diamond2/share/corpus/CEJC/data/S001/S001_012/S001_012_IC0A.wav to /autofs/diamond2/share/corpus/CEJC_16bit16kHz/data/S001/S001_012/S001_012_IC0A.wav
sox WARN rate: rate clipped 208 samples; decrease volume?
sox WARN dither: dither clipped 186 samples; decrease volume?
Converting /autofs/diamond2/share/corpus/CEJC/data/S001/S001_013/S001_013_IC01.wav to /autofs/diamond2/share/corpus/CEJC_16bit16kHz/data/S001/S001_013/S001_013_IC01.wav
Converting /autofs/diamond2/share/corpus/CEJC/data/S001/S001_013/S001_013_IC02.wav to /autofs/diamond2/share/corpus/CEJC_16bit16kHz/data/S001/S001_013/S001_013_IC02.wav
Converting /autofs/diamond2/share/corpus/CEJC/data/S001/S001_013/S001_013_IC0A.wav to /autofs/diamond2/share/corpus/CEJC_16bit16kHz/data/S001/S001_013/S001_013_IC0A.wav
Converting /autofs/diamond2/share/corpus/CEJC/data/S001/S001_015/S001_015_IC01.wav to /autofs/diamond2/share/corpus/CEJC_16bit16kHz/data/S001/S001_015/S001_015_IC01.wav
Converting /autofs/diamond2/share/corpus/CEJC/data/S001/S001_015/S001_015_IC02.wav to /autofs/diamond2/share/corpus/CEJC_16bit16kHz/data/S001/S001_015/S001_015_IC02.wav
Converting /autofs/diamond2/share/corpus/CEJC/data/S001/S001_015/S001_015_IC03.wav to /autofs/diamond2/share/corpus/CEJC_16bit16kHz/data/S001/S001_015/S001_015_IC03.wav
Converting /autofs/diamond2/share/corpus/CEJC/data/S001/S001_015/S001_015_IC04.wav to /autofs/diamond2/share/corpus/CEJC_16bit16kHz/data/S001/S001_015/S001_015_IC04.wav
Converting /autofs/diamond2/share/corpus/CEJC/data/S001/S001_015/S001_015_IC0A.wav to /autofs/diamond2/share/corpus/CEJC_16bit16kHz/data/S001/S001_015/S001_015_IC0A.wav
Converting /autofs/diamond2/share/corpus/CEJC/data/S001/S001_017/S001_017_IC01.wav to /autofs/diamond2/share/corpus/CEJC_16bit16kHz/data/S001/S001_017/S001_017_IC01.wav
Converting /autofs/diamond2/share/corpus/CEJC/data/S001/S001_017/S001_017_IC02.wav to /autofs/diamond2/share/corpus/CEJC_16bit16kHz/data/S001/S001_017/S001_017_IC02.wav
Converting /autofs/diamond2/share/corpus/CEJC/data/S001/S001_017/S001_017_IC03.wav to /autofs/diamond2/share/corpus/CEJC_16bit16kHz/data/S001/S001_017/S001_017_IC03.wav
Converting /autofs/diamond2/share/corpus/CEJC/data/S001/S001_017/S001_017_IC04.wav to /autofs/diamond2/share/corpus/CEJC_16bit16kHz/data/S001/S001_017/S001_017_IC04.wav
Converting /autofs/diamond2/share/corpus/CEJC/data/S001/S001_017/S001_017_IC05.wav to /autofs/diamond2/share/corpus/CEJC_16bit16kHz/data/S001/S001_017/S001_017_IC05.wav
Converting /autofs/diamond2/share/corpus/CEJC/data/S001/S001_017/S001_017_IC06.wav to /autofs/diamond2/share/corpus/CEJC_16bit16kHz/data/S001/S001_017/S001_017_IC06.wav
Converting /autofs/diamond2/share/corpus/CEJC/data/S001/S001_017/S001_017_IC0A.wav to /autofs/diamond2/share/corpus/CEJC_16bit16kHz/data/S001/S001_017/S001_017_IC0A.wav
Converting /autofs/diamond2/share/corpus/CEJC/data/S001/S001_017/S001_017_IC0B.wav to /autofs/diamond2/share/corpus/CEJC_16bit16kHz/data/S001/S001_017/S001_017_IC0B.wav
Converting /autofs/diamond2/share/corpus/CEJC/data/S001/S001_018/S001_018_IC01.wav to /autofs/diamond2/share/corpus/CEJC_16bit16kHz/data/S001/S001_018/S001_018_IC01.wav
Converting /autofs/diamond2/share/corpus/CEJC/data/S001/S001_018/S001_018_IC02.wav to /autofs/diamond2/share/corpus/CEJC_16bit16kHz/data/S001/S001_018/S001_018_IC02.wav
Converting /autofs/diamond2/share/corpus/CEJC/data/S001/S001_018/S001_018_IC03.wav to /autofs/diamond2/share/corpus/CEJC_16bit16kHz/data/S001/S001_018/S001_018_IC03.wav
Converting /autofs/diamond2/share/corpus/CEJC/data/S001/S001_018/S001_018_IC0B.wav to /autofs/diamond2/share/corpus/CEJC_16bit16kHz/data/S001/S001_018/S001_018_IC0B.wav
Converting /autofs/diamond2/share/corpus/CEJC/data/S001/S001_019/S001_019_IC01.wav to /autofs/diamond2/share/corpus/CEJC_16bit16kHz/data/S001/S001_019/S001_019_IC01.wav
Converting /autofs/diamond2/share/corpus/CEJC/data/S001/S001_019/S001_019_IC02.wav to /autofs/diamond2/share/corpus/CEJC_16bit16kHz/data/S001/S001_019/S001_019_IC02.wav
Converting /autofs/diamond2/share/corpus/CEJC/data/S001/S001_019/S001_019_IC03.wav to /autofs/diamond2/share/corpus/CEJC_16bit16kHz/data/S001/S001_019/S001_019_IC03.wav
Converting /autofs/diamond2/share/corpus/CEJC/data/S001/S001_019/S001_019_IC0A.wav to /autofs/diamond2/share/corpus/CEJC_16bit16kHz/data/S001/S001_019/S001_019_IC0A.wav
Converting /autofs/diamond2/share/corpus/CEJC/data/S002/S002_001/S002_001_IC01.wav to /autofs/diamond2/share/corpus/CEJC_16bit16kHz/data/S002/S002_001/S002_001_IC01.wav
Converting /autofs/diamond2/share/corpus/CEJC/data/S002/S002_001/S002_001_IC02.wav to /autofs/diamond2/share/corpus/CEJC_16bit16kHz/data/S002/S002_001/S002_001_IC02.wav
Converting /autofs/diamond2/share/corpus/CEJC/data/S002/S002_001/S002_001_IC03.wav to /autofs/diamond2/share/corpus/CEJC_16bit16kHz/data/S002/S002_001/S002_001_IC03.wav
Converting /autofs/diamond2/share/corpus/CEJC/data/S002/S002_001/S002_001_IC04.wav to /autofs/diamond2/share/corpus/CEJC_16bit16kHz/data/S002/S002_001/S002_001_IC04.wav
Converting /autofs/diamond2/share/corpus/CEJC/data/S002/S002_001/S002_001_IC0B.wav to /autofs/diamond2/share/corpus/CEJC_16bit16kHz/data/S002/S002_001/S002_001_IC0B.wav
Converting /autofs/diamond2/share/corpus/CEJC/data/S002/S002_003/S002_003_IC01.wav to /autofs/diamond2/share/corpus/CEJC_16bit16kHz/data/S002/S002_003/S002_003_IC01.wav
Converting /autofs/diamond2/share/corpus/CEJC/data/S002/S002_003/S002_003_IC02.wav to /autofs/diamond2/share/corpus/CEJC_16bit16kHz/data/S002/S002_003/S002_003_IC02.wav
Converting /autofs/diamond2/share/corpus/CEJC/data/S002/S002_003/S002_003_IC03.wav to /autofs/diamond2/share/corpus/CEJC_16bit16kHz/data/S002/S002_003/S002_003_IC03.wav
Converting /autofs/diamond2/share/corpus/CEJC/data/S002/S002_003/S002_003_IC0A.wav to /autofs/diamond2/share/corpus/CEJC_16bit16kHz/data/S002/S002_003/S002_003_IC0A.wav
Converting /autofs/diamond2/share/corpus/CEJC/data/S002/S002_003/S002_003_IC0B.wav to /autofs/diamond2/share/corpus/CEJC_16bit16kHz/data/S002/S002_003/S002_003_IC0B.wav
Converting /autofs/diamond2/share/corpus/CEJC/data/S002/S002_004/S002_004_IC01.wav to /autofs/diamond2/share/corpus/CEJC_16bit16kHz/data/S002/S002_004/S002_004_IC01.wav
Converting /autofs/diamond2/share/corpus/CEJC/data/S002/S002_004/S002_004_IC02.wav to /autofs/diamond2/share/corpus/CEJC_16bit16kHz/data/S002/S002_004/S002_004_IC02.wav
Converting /autofs/diamond2/share/corpus/CEJC/data/S002/S002_004/S002_004_IC03.wav to /autofs/diamond2/share/corpus/CEJC_16bit16kHz/data/S002/S002_004/S002_004_IC03.wav
Converting /autofs/diamond2/share/corpus/CEJC/data/S002/S002_004/S002_004_IC0A.wav to /autofs/diamond2/share/corpus/CEJC_16bit16kHz/data/S002/S002_004/S002_004_IC0A.wav
Converting /autofs/diamond2/share/corpus/CEJC/data/S002/S002_004/S002_004_IC0B.wav to /autofs/diamond2/share/corpus/CEJC_16bit16kHz/data/S002/S002_004/S002_004_IC0B.wav
Converting /autofs/diamond2/share/corpus/CEJC/data/S002/S002_005/S002_005_IC01.wav to /autofs/diamond2/share/corpus/CEJC_16bit16kHz/data/S002/S002_005/S002_005_IC01.wav
sox WARN rate: rate clipped 73 samples; decrease volume?
sox WARN dither: dither clipped 64 samples; decrease volume?
Converting /autofs/diamond2/share/corpus/CEJC/data/S002/S002_005/S002_005_IC02.wav to /autofs/diamond2/share/corpus/CEJC_16bit16kHz/data/S002/S002_005/S002_005_IC02.wav
Converting /autofs/diamond2/share/corpus/CEJC/data/S002/S002_005/S002_005_IC0B.wav to /autofs/diamond2/share/corpus/CEJC_16bit16kHz/data/S002/S002_005/S002_005_IC0B.wav
sox WARN rate: rate clipped 73 samples; decrease volume?
sox WARN dither: dither clipped 60 samples; decrease volume?
Converting /autofs/diamond2/share/corpus/CEJC/data/S002/S002_007/S002_007_IC01.wav to /autofs/diamond2/share/corpus/CEJC_16bit16kHz/data/S002/S002_007/S002_007_IC01.wav
Converting /autofs/diamond2/share/corpus/CEJC/data/S002/S002_007/S002_007_IC02.wav to /autofs/diamond2/share/corpus/CEJC_16bit16kHz/data/S002/S002_007/S002_007_IC02.wav
Converting /autofs/diamond2/share/corpus/CEJC/data/S002/S002_007/S002_007_IC03.wav to /autofs/diamond2/share/corpus/CEJC_16bit16kHz/data/S002/S002_007/S002_007_IC03.wav
Converting /autofs/diamond2/share/corpus/CEJC/data/S002/S002_007/S002_007_IC04.wav to /autofs/diamond2/share/corpus/CEJC_16bit16kHz/data/S002/S002_007/S002_007_IC04.wav
Converting /autofs/diamond2/share/corpus/CEJC/data/S002/S002_007/S002_007_IC05.wav to /autofs/diamond2/share/corpus/CEJC_16bit16kHz/data/S002/S002_007/S002_007_IC05.wav
Converting /autofs/diamond2/share/corpus/CEJC/data/S002/S002_007/S002_007_IC0A.wav to /autofs/diamond2/share/corpus/CEJC_16bit16kHz/data/S002/S002_007/S002_007_IC0A.wav
Converting /autofs/diamond2/share/corpus/CEJC/data/S002/S002_007/S002_007_IC0B.wav to /autofs/diamond2/share/corpus/CEJC_16bit16kHz/data/S002/S002_007/S002_007_IC0B.wav
Converting /autofs/diamond2/share/corpus/CEJC/data/S002/S002_008/S002_008_IC01.wav to /autofs/diamond2/share/corpus/CEJC_16bit16kHz/data/S002/S002_008/S002_008_IC01.wav
Converting /autofs/diamond2/share/corpus/CEJC/data/S002/S002_008/S002_008_IC02.wav to /autofs/diamond2/share/corpus/CEJC_16bit16kHz/data/S002/S002_008/S002_008_IC02.wav
Converting /autofs/diamond2/share/corpus/CEJC/data/S002/S002_008/S002_008_IC03.wav to /autofs/diamond2/share/corpus/CEJC_16bit16kHz/data/S002/S002_008/S002_008_IC03.wav
Converting /autofs/diamond2/share/corpus/CEJC/data/S002/S002_008/S002_008_IC0A.wav to /autofs/diamond2/share/corpus/CEJC_16bit16kHz/data/S002/S002_008/S002_008_IC0A.wav
Converting /autofs/diamond2/share/corpus/CEJC/data/S002/S002_008/S002_008_IC0B.wav to /autofs/diamond2/share/corpus/CEJC_16bit16kHz/data/S002/S002_008/S002_008_IC0B.wav
Converting /autofs/diamond2/share/corpus/CEJC/data/S002/S002_009/S002_009_IC01.wav to /autofs/diamond2/share/corpus/CEJC_16bit16kHz/data/S002/S002_009/S002_009_IC01.wav
Converting /autofs/diamond2/share/corpus/CEJC/data/S002/S002_009/S002_009_IC02.wav to /autofs/diamond2/share/corpus/CEJC_16bit16kHz/data/S002/S002_009/S002_009_IC02.wav
Converting /autofs/diamond2/share/corpus/CEJC/data/S002/S002_009/S002_009_IC03.wav to /autofs/diamond2/share/corpus/CEJC_16bit16kHz/data/S002/S002_009/S002_009_IC03.wav
Converting /autofs/diamond2/share/corpus/CEJC/data/S002/S002_009/S002_009_IC0A.wav to /autofs/diamond2/share/corpus/CEJC_16bit16kHz/data/S002/S002_009/S002_009_IC0A.wav
Converting /autofs/diamond2/share/corpus/CEJC/data/S002/S002_010/S002_010_IC01.wav to /autofs/diamond2/share/corpus/CEJC_16bit16kHz/data/S002/S002_010/S002_010_IC01.wav
Converting /autofs/diamond2/share/corpus/CEJC/data/S002/S002_010/S002_010_IC02.wav to /autofs/diamond2/share/corpus/CEJC_16bit16kHz/data/S002/S002_010/S002_010_IC02.wav
Converting /autofs/diamond2/share/corpus/CEJC/data/S002/S002_010/S002_010_IC03.wav to /autofs/diamond2/share/corpus/CEJC_16bit16kHz/data/S002/S002_010/S002_010_IC03.wav
Converting /autofs/diamond2/share/corpus/CEJC/data/S002/S002_010/S002_010_IC04.wav to /autofs/diamond2/share/corpus/CEJC_16bit16kHz/data/S002/S002_010/S002_010_IC04.wav
Converting /autofs/diamond2/share/corpus/CEJC/data/S002/S002_010/S002_010_IC05.wav to /autofs/diamond2/share/corpus/CEJC_16bit16kHz/data/S002/S002_010/S002_010_IC05.wav
Converting /autofs/diamond2/share/corpus/CEJC/data/S002/S002_010/S002_010_IC06.wav to /autofs/diamond2/share/corpus/CEJC_16bit16kHz/data/S002/S002_010/S002_010_IC06.wav
Converting /autofs/diamond2/share/corpus/CEJC/data/S002/S002_010/S002_010_IC0A.wav to /autofs/diamond2/share/corpus/CEJC_16bit16kHz/data/S002/S002_010/S002_010_IC0A.wav
Converting /autofs/diamond2/share/corpus/CEJC/data/S002/S002_011/S002_011_IC01.wav to /autofs/diamond2/share/corpus/CEJC_16bit16kHz/data/S002/S002_011/S002_011_IC01.wav
Converting /autofs/diamond2/share/corpus/CEJC/data/S002/S002_011/S002_011_IC02.wav to /autofs/diamond2/share/corpus/CEJC_16bit16kHz/data/S002/S002_011/S002_011_IC02.wav
Converting /autofs/diamond2/share/corpus/CEJC/data/S002/S002_011/S002_011_IC03.wav to /autofs/diamond2/share/corpus/CEJC_16bit16kHz/data/S002/S002_011/S002_011_IC03.wav
Converting /autofs/diamond2/share/corpus/CEJC/data/S002/S002_011/S002_011_IC04.wav to /autofs/diamond2/share/corpus/CEJC_16bit16kHz/data/S002/S002_011/S002_011_IC04.wav
Converting /autofs/diamond2/share/corpus/CEJC/data/S002/S002_011/S002_011_IC0B.wav to /autofs/diamond2/share/corpus/CEJC_16bit16kHz/data/S002/S002_011/S002_011_IC0B.wav
Converting /autofs/diamond2/share/corpus/CEJC/data/S002/S002_012/S002_012_IC01.wav to /autofs/diamond2/share/corpus/CEJC_16bit16kHz/data/S002/S002_012/S002_012_IC01.wav
Converting /autofs/diamond2/share/corpus/CEJC/data/S002/S002_012/S002_012_IC02.wav to /autofs/diamond2/share/corpus/CEJC_16bit16kHz/data/S002/S002_012/S002_012_IC02.wav
Converting /autofs/diamond2/share/corpus/CEJC/data/S002/S002_012/S002_012_IC0B.wav to /autofs/diamond2/share/corpus/CEJC_16bit16kHz/data/S002/S002_012/S002_012_IC0B.wav
Converting /autofs/diamond2/share/corpus/CEJC/data/S002/S002_014/S002_014_IC01.wav to /autofs/diamond2/share/corpus/CEJC_16bit16kHz/data/S002/S002_014/S002_014_IC01.wav
Converting /autofs/diamond2/share/corpus/CEJC/data/S002/S002_014/S002_014_IC02.wav to /autofs/diamond2/share/corpus/CEJC_16bit16kHz/data/S002/S002_014/S002_014_IC02.wav
Converting /autofs/diamond2/share/corpus/CEJC/data/S002/S002_014/S002_014_IC0A.wav to /autofs/diamond2/share/corpus/CEJC_16bit16kHz/data/S002/S002_014/S002_014_IC0A.wav
Converting /autofs/diamond2/share/corpus/CEJC/data/T001/T001_002/T001_002_IC01.wav to /autofs/diamond2/share/corpus/CEJC_16bit16kHz/data/T001/T001_002/T001_002_IC01.wav
Converting /autofs/diamond2/share/corpus/CEJC/data/T001/T001_002/T001_002_IC02.wav to /autofs/diamond2/share/corpus/CEJC_16bit16kHz/data/T001/T001_002/T001_002_IC02.wav
Converting /autofs/diamond2/share/corpus/CEJC/data/T001/T001_002/T001_002_IC0A.wav to /autofs/diamond2/share/corpus/CEJC_16bit16kHz/data/T001/T001_002/T001_002_IC0A.wav
Converting /autofs/diamond2/share/corpus/CEJC/data/T001/T001_003/T001_003_IC01.wav to /autofs/diamond2/share/corpus/CEJC_16bit16kHz/data/T001/T001_003/T001_003_IC01.wav
Converting /autofs/diamond2/share/corpus/CEJC/data/T001/T001_003/T001_003_IC02.wav to /autofs/diamond2/share/corpus/CEJC_16bit16kHz/data/T001/T001_003/T001_003_IC02.wav
Converting /autofs/diamond2/share/corpus/CEJC/data/T001/T001_003/T001_003_IC0A.wav to /autofs/diamond2/share/corpus/CEJC_16bit16kHz/data/T001/T001_003/T001_003_IC0A.wav
Converting /autofs/diamond2/share/corpus/CEJC/data/T001/T001_003/T001_003_IC0B.wav to /autofs/diamond2/share/corpus/CEJC_16bit16kHz/data/T001/T001_003/T001_003_IC0B.wav
Converting /autofs/diamond2/share/corpus/CEJC/data/T001/T001_005/T001_005_IC01.wav to /autofs/diamond2/share/corpus/CEJC_16bit16kHz/data/T001/T001_005/T001_005_IC01.wav
Converting /autofs/diamond2/share/corpus/CEJC/data/T001/T001_005/T001_005_IC02.wav to /autofs/diamond2/share/corpus/CEJC_16bit16kHz/data/T001/T001_005/T001_005_IC02.wav
Converting /autofs/diamond2/share/corpus/CEJC/data/T001/T001_005/T001_005_IC0B.wav to /autofs/diamond2/share/corpus/CEJC_16bit16kHz/data/T001/T001_005/T001_005_IC0B.wav
Converting /autofs/diamond2/share/corpus/CEJC/data/T001/T001_007/T001_007_IC02.wav to /autofs/diamond2/share/corpus/CEJC_16bit16kHz/data/T001/T001_007/T001_007_IC02.wav
Converting /autofs/diamond2/share/corpus/CEJC/data/T001/T001_007/T001_007_IC03.wav to /autofs/diamond2/share/corpus/CEJC_16bit16kHz/data/T001/T001_007/T001_007_IC03.wav
Converting /autofs/diamond2/share/corpus/CEJC/data/T001/T001_007/T001_007_IC0A.wav to /autofs/diamond2/share/corpus/CEJC_16bit16kHz/data/T001/T001_007/T001_007_IC0A.wav
Converting /autofs/diamond2/share/corpus/CEJC/data/T001/T001_008/T001_008_IC02.wav to /autofs/diamond2/share/corpus/CEJC_16bit16kHz/data/T001/T001_008/T001_008_IC02.wav
Converting /autofs/diamond2/share/corpus/CEJC/data/T001/T001_008/T001_008_IC03.wav to /autofs/diamond2/share/corpus/CEJC_16bit16kHz/data/T001/T001_008/T001_008_IC03.wav
Converting /autofs/diamond2/share/corpus/CEJC/data/T001/T001_008/T001_008_IC0B.wav to /autofs/diamond2/share/corpus/CEJC_16bit16kHz/data/T001/T001_008/T001_008_IC0B.wav
Converting /autofs/diamond2/share/corpus/CEJC/data/T001/T001_009/T001_009_IC02.wav to /autofs/diamond2/share/corpus/CEJC_16bit16kHz/data/T001/T001_009/T001_009_IC02.wav
Converting /autofs/diamond2/share/corpus/CEJC/data/T001/T001_009/T001_009_IC03.wav to /autofs/diamond2/share/corpus/CEJC_16bit16kHz/data/T001/T001_009/T001_009_IC03.wav
Converting /autofs/diamond2/share/corpus/CEJC/data/T001/T001_009/T001_009_IC04.wav to /autofs/diamond2/share/corpus/CEJC_16bit16kHz/data/T001/T001_009/T001_009_IC04.wav
Converting /autofs/diamond2/share/corpus/CEJC/data/T001/T001_009/T001_009_IC0A.wav to /autofs/diamond2/share/corpus/CEJC_16bit16kHz/data/T001/T001_009/T001_009_IC0A.wav
Converting /autofs/diamond2/share/corpus/CEJC/data/T001/T001_011/T001_011_IC02.wav to /autofs/diamond2/share/corpus/CEJC_16bit16kHz/data/T001/T001_011/T001_011_IC02.wav
Converting /autofs/diamond2/share/corpus/CEJC/data/T001/T001_011/T001_011_IC03.wav to /autofs/diamond2/share/corpus/CEJC_16bit16kHz/data/T001/T001_011/T001_011_IC03.wav
Converting /autofs/diamond2/share/corpus/CEJC/data/T001/T001_011/T001_011_IC04.wav to /autofs/diamond2/share/corpus/CEJC_16bit16kHz/data/T001/T001_011/T001_011_IC04.wav
Converting /autofs/diamond2/share/corpus/CEJC/data/T001/T001_011/T001_011_IC05.wav to /autofs/diamond2/share/corpus/CEJC_16bit16kHz/data/T001/T001_011/T001_011_IC05.wav
Converting /autofs/diamond2/share/corpus/CEJC/data/T001/T001_011/T001_011_IC0A.wav to /autofs/diamond2/share/corpus/CEJC_16bit16kHz/data/T001/T001_011/T001_011_IC0A.wav
Converting /autofs/diamond2/share/corpus/CEJC/data/T001/T001_011/T001_011_IC0B.wav to /autofs/diamond2/share/corpus/CEJC_16bit16kHz/data/T001/T001_011/T001_011_IC0B.wav
Converting /autofs/diamond2/share/corpus/CEJC/data/T001/T001_014/T001_014_IC02.wav to /autofs/diamond2/share/corpus/CEJC_16bit16kHz/data/T001/T001_014/T001_014_IC02.wav
Converting /autofs/diamond2/share/corpus/CEJC/data/T001/T001_014/T001_014_IC03.wav to /autofs/diamond2/share/corpus/CEJC_16bit16kHz/data/T001/T001_014/T001_014_IC03.wav
Converting /autofs/diamond2/share/corpus/CEJC/data/T001/T001_014/T001_014_IC04.wav to /autofs/diamond2/share/corpus/CEJC_16bit16kHz/data/T001/T001_014/T001_014_IC04.wav
Converting /autofs/diamond2/share/corpus/CEJC/data/T001/T001_014/T001_014_IC0B.wav to /autofs/diamond2/share/corpus/CEJC_16bit16kHz/data/T001/T001_014/T001_014_IC0B.wav
Converting /autofs/diamond2/share/corpus/CEJC/data/T001/T001_015/T001_015_IC02.wav to /autofs/diamond2/share/corpus/CEJC_16bit16kHz/data/T001/T001_015/T001_015_IC02.wav
Converting /autofs/diamond2/share/corpus/CEJC/data/T001/T001_015/T001_015_IC03.wav to /autofs/diamond2/share/corpus/CEJC_16bit16kHz/data/T001/T001_015/T001_015_IC03.wav
Converting /autofs/diamond2/share/corpus/CEJC/data/T001/T001_015/T001_015_IC0B.wav to /autofs/diamond2/share/corpus/CEJC_16bit16kHz/data/T001/T001_015/T001_015_IC0B.wav
Converting /autofs/diamond2/share/corpus/CEJC/data/T001/T001_016/T001_016_IC02.wav to /autofs/diamond2/share/corpus/CEJC_16bit16kHz/data/T001/T001_016/T001_016_IC02.wav
Converting /autofs/diamond2/share/corpus/CEJC/data/T001/T001_016/T001_016_IC03.wav to /autofs/diamond2/share/corpus/CEJC_16bit16kHz/data/T001/T001_016/T001_016_IC03.wav
Converting /autofs/diamond2/share/corpus/CEJC/data/T001/T001_016/T001_016_IC0B.wav to /autofs/diamond2/share/corpus/CEJC_16bit16kHz/data/T001/T001_016/T001_016_IC0B.wav
Converting /autofs/diamond2/share/corpus/CEJC/data/T001/T001_019/T001_019_IC02.wav to /autofs/diamond2/share/corpus/CEJC_16bit16kHz/data/T001/T001_019/T001_019_IC02.wav
Converting /autofs/diamond2/share/corpus/CEJC/data/T001/T001_019/T001_019_IC03.wav to /autofs/diamond2/share/corpus/CEJC_16bit16kHz/data/T001/T001_019/T001_019_IC03.wav
Converting /autofs/diamond2/share/corpus/CEJC/data/T001/T001_019/T001_019_IC04.wav to /autofs/diamond2/share/corpus/CEJC_16bit16kHz/data/T001/T001_019/T001_019_IC04.wav
Converting /autofs/diamond2/share/corpus/CEJC/data/T001/T001_019/T001_019_IC0A.wav to /autofs/diamond2/share/corpus/CEJC_16bit16kHz/data/T001/T001_019/T001_019_IC0A.wav
Converting /autofs/diamond2/share/corpus/CEJC/data/T002/T002_006/T002_006a_IC01.wav to /autofs/diamond2/share/corpus/CEJC_16bit16kHz/data/T002/T002_006/T002_006a_IC01.wav
Converting /autofs/diamond2/share/corpus/CEJC/data/T002/T002_006/T002_006a_IC02.wav to /autofs/diamond2/share/corpus/CEJC_16bit16kHz/data/T002/T002_006/T002_006a_IC02.wav
Converting /autofs/diamond2/share/corpus/CEJC/data/T002/T002_006/T002_006a_IC03.wav to /autofs/diamond2/share/corpus/CEJC_16bit16kHz/data/T002/T002_006/T002_006a_IC03.wav
Converting /autofs/diamond2/share/corpus/CEJC/data/T002/T002_006/T002_006a_IC0B.wav to /autofs/diamond2/share/corpus/CEJC_16bit16kHz/data/T002/T002_006/T002_006a_IC0B.wav
Converting /autofs/diamond2/share/corpus/CEJC/data/T002/T002_006/T002_006b_IC01.wav to /autofs/diamond2/share/corpus/CEJC_16bit16kHz/data/T002/T002_006/T002_006b_IC01.wav
Converting /autofs/diamond2/share/corpus/CEJC/data/T002/T002_006/T002_006b_IC02.wav to /autofs/diamond2/share/corpus/CEJC_16bit16kHz/data/T002/T002_006/T002_006b_IC02.wav
Converting /autofs/diamond2/share/corpus/CEJC/data/T002/T002_006/T002_006b_IC03.wav to /autofs/diamond2/share/corpus/CEJC_16bit16kHz/data/T002/T002_006/T002_006b_IC03.wav
Converting /autofs/diamond2/share/corpus/CEJC/data/T002/T002_006/T002_006b_IC0B.wav to /autofs/diamond2/share/corpus/CEJC_16bit16kHz/data/T002/T002_006/T002_006b_IC0B.wav
Converting /autofs/diamond2/share/corpus/CEJC/data/T002/T002_006/T002_006c_IC01.wav to /autofs/diamond2/share/corpus/CEJC_16bit16kHz/data/T002/T002_006/T002_006c_IC01.wav
Converting /autofs/diamond2/share/corpus/CEJC/data/T002/T002_006/T002_006c_IC02.wav to /autofs/diamond2/share/corpus/CEJC_16bit16kHz/data/T002/T002_006/T002_006c_IC02.wav
Converting /autofs/diamond2/share/corpus/CEJC/data/T002/T002_006/T002_006c_IC03.wav to /autofs/diamond2/share/corpus/CEJC_16bit16kHz/data/T002/T002_006/T002_006c_IC03.wav
Converting /autofs/diamond2/share/corpus/CEJC/data/T002/T002_006/T002_006c_IC0B.wav to /autofs/diamond2/share/corpus/CEJC_16bit16kHz/data/T002/T002_006/T002_006c_IC0B.wav
Converting /autofs/diamond2/share/corpus/CEJC/data/T002/T002_011/T002_011a_IC01.wav to /autofs/diamond2/share/corpus/CEJC_16bit16kHz/data/T002/T002_011/T002_011a_IC01.wav
Converting /autofs/diamond2/share/corpus/CEJC/data/T002/T002_011/T002_011a_IC02.wav to /autofs/diamond2/share/corpus/CEJC_16bit16kHz/data/T002/T002_011/T002_011a_IC02.wav
Converting /autofs/diamond2/share/corpus/CEJC/data/T002/T002_011/T002_011a_IC0A.wav to /autofs/diamond2/share/corpus/CEJC_16bit16kHz/data/T002/T002_011/T002_011a_IC0A.wav
Converting /autofs/diamond2/share/corpus/CEJC/data/T002/T002_011/T002_011a_IC0B.wav to /autofs/diamond2/share/corpus/CEJC_16bit16kHz/data/T002/T002_011/T002_011a_IC0B.wav
Converting /autofs/diamond2/share/corpus/CEJC/data/T002/T002_011/T002_011b_IC01.wav to /autofs/diamond2/share/corpus/CEJC_16bit16kHz/data/T002/T002_011/T002_011b_IC01.wav
Converting /autofs/diamond2/share/corpus/CEJC/data/T002/T002_011/T002_011b_IC02.wav to /autofs/diamond2/share/corpus/CEJC_16bit16kHz/data/T002/T002_011/T002_011b_IC02.wav
Converting /autofs/diamond2/share/corpus/CEJC/data/T002/T002_011/T002_011b_IC0A.wav to /autofs/diamond2/share/corpus/CEJC_16bit16kHz/data/T002/T002_011/T002_011b_IC0A.wav
Converting /autofs/diamond2/share/corpus/CEJC/data/T002/T002_011/T002_011b_IC0B.wav to /autofs/diamond2/share/corpus/CEJC_16bit16kHz/data/T002/T002_011/T002_011b_IC0B.wav
Converting /autofs/diamond2/share/corpus/CEJC/data/T002/T002_011/T002_011c_IC01.wav to /autofs/diamond2/share/corpus/CEJC_16bit16kHz/data/T002/T002_011/T002_011c_IC01.wav
Converting /autofs/diamond2/share/corpus/CEJC/data/T002/T002_011/T002_011c_IC02.wav to /autofs/diamond2/share/corpus/CEJC_16bit16kHz/data/T002/T002_011/T002_011c_IC02.wav
Converting /autofs/diamond2/share/corpus/CEJC/data/T002/T002_011/T002_011c_IC0A.wav to /autofs/diamond2/share/corpus/CEJC_16bit16kHz/data/T002/T002_011/T002_011c_IC0A.wav
Converting /autofs/diamond2/share/corpus/CEJC/data/T002/T002_011/T002_011c_IC0B.wav to /autofs/diamond2/share/corpus/CEJC_16bit16kHz/data/T002/T002_011/T002_011c_IC0B.wav
Converting /autofs/diamond2/share/corpus/CEJC/data/T002/T002_012/T002_012_IC01.wav to /autofs/diamond2/share/corpus/CEJC_16bit16kHz/data/T002/T002_012/T002_012_IC01.wav
Converting /autofs/diamond2/share/corpus/CEJC/data/T002/T002_012/T002_012_IC02.wav to /autofs/diamond2/share/corpus/CEJC_16bit16kHz/data/T002/T002_012/T002_012_IC02.wav
Converting /autofs/diamond2/share/corpus/CEJC/data/T002/T002_012/T002_012_IC0B.wav to /autofs/diamond2/share/corpus/CEJC_16bit16kHz/data/T002/T002_012/T002_012_IC0B.wav
Converting /autofs/diamond2/share/corpus/CEJC/data/T002/T002_013/T002_013_IC01.wav to /autofs/diamond2/share/corpus/CEJC_16bit16kHz/data/T002/T002_013/T002_013_IC01.wav
Converting /autofs/diamond2/share/corpus/CEJC/data/T002/T002_013/T002_013_IC02.wav to /autofs/diamond2/share/corpus/CEJC_16bit16kHz/data/T002/T002_013/T002_013_IC02.wav
Converting /autofs/diamond2/share/corpus/CEJC/data/T002/T002_013/T002_013_IC0A.wav to /autofs/diamond2/share/corpus/CEJC_16bit16kHz/data/T002/T002_013/T002_013_IC0A.wav
Converting /autofs/diamond2/share/corpus/CEJC/data/T002/T002_014/T002_014_IC01.wav to /autofs/diamond2/share/corpus/CEJC_16bit16kHz/data/T002/T002_014/T002_014_IC01.wav
Converting /autofs/diamond2/share/corpus/CEJC/data/T002/T002_014/T002_014_IC02.wav to /autofs/diamond2/share/corpus/CEJC_16bit16kHz/data/T002/T002_014/T002_014_IC02.wav
Converting /autofs/diamond2/share/corpus/CEJC/data/T002/T002_014/T002_014_IC03.wav to /autofs/diamond2/share/corpus/CEJC_16bit16kHz/data/T002/T002_014/T002_014_IC03.wav
Converting /autofs/diamond2/share/corpus/CEJC/data/T002/T002_014/T002_014_IC0B.wav to /autofs/diamond2/share/corpus/CEJC_16bit16kHz/data/T002/T002_014/T002_014_IC0B.wav
Converting /autofs/diamond2/share/corpus/CEJC/data/T002/T002_015/T002_015_IC01.wav to /autofs/diamond2/share/corpus/CEJC_16bit16kHz/data/T002/T002_015/T002_015_IC01.wav
sox WARN rate: rate clipped 511 samples; decrease volume?
sox WARN dither: dither clipped 451 samples; decrease volume?
Converting /autofs/diamond2/share/corpus/CEJC/data/T002/T002_015/T002_015_IC02.wav to /autofs/diamond2/share/corpus/CEJC_16bit16kHz/data/T002/T002_015/T002_015_IC02.wav
sox WARN rate: rate clipped 91 samples; decrease volume?
sox WARN dither: dither clipped 83 samples; decrease volume?
Converting /autofs/diamond2/share/corpus/CEJC/data/T002/T002_015/T002_015_IC0A.wav to /autofs/diamond2/share/corpus/CEJC_16bit16kHz/data/T002/T002_015/T002_015_IC0A.wav
sox WARN rate: rate clipped 9 samples; decrease volume?
sox WARN dither: dither clipped 6 samples; decrease volume?
Converting /autofs/diamond2/share/corpus/CEJC/data/T002/T002_015/T002_015_IC0B.wav to /autofs/diamond2/share/corpus/CEJC_16bit16kHz/data/T002/T002_015/T002_015_IC0B.wav
sox WARN rate: rate clipped 91 samples; decrease volume?
sox WARN dither: dither clipped 78 samples; decrease volume?
Converting /autofs/diamond2/share/corpus/CEJC/data/T002/T002_018/T002_018_IC01.wav to /autofs/diamond2/share/corpus/CEJC_16bit16kHz/data/T002/T002_018/T002_018_IC01.wav
Converting /autofs/diamond2/share/corpus/CEJC/data/T002/T002_018/T002_018_IC02.wav to /autofs/diamond2/share/corpus/CEJC_16bit16kHz/data/T002/T002_018/T002_018_IC02.wav
Converting /autofs/diamond2/share/corpus/CEJC/data/T002/T002_018/T002_018_IC0A.wav to /autofs/diamond2/share/corpus/CEJC_16bit16kHz/data/T002/T002_018/T002_018_IC0A.wav
Converting /autofs/diamond2/share/corpus/CEJC/data/T002/T002_018/T002_018_IC0B.wav to /autofs/diamond2/share/corpus/CEJC_16bit16kHz/data/T002/T002_018/T002_018_IC0B.wav
Converting /autofs/diamond2/share/corpus/CEJC/data/T002/T002_019/T002_019_IC01.wav to /autofs/diamond2/share/corpus/CEJC_16bit16kHz/data/T002/T002_019/T002_019_IC01.wav
Converting /autofs/diamond2/share/corpus/CEJC/data/T002/T002_019/T002_019_IC02.wav to /autofs/diamond2/share/corpus/CEJC_16bit16kHz/data/T002/T002_019/T002_019_IC02.wav
Converting /autofs/diamond2/share/corpus/CEJC/data/T002/T002_019/T002_019_IC0A.wav to /autofs/diamond2/share/corpus/CEJC_16bit16kHz/data/T002/T002_019/T002_019_IC0A.wav
Converting /autofs/diamond2/share/corpus/CEJC/data/T002/T002_019/T002_019_IC0B.wav to /autofs/diamond2/share/corpus/CEJC_16bit16kHz/data/T002/T002_019/T002_019_IC0B.wav
Converting /autofs/diamond2/share/corpus/CEJC/data/T002/T002_020/T002_020_IC01.wav to /autofs/diamond2/share/corpus/CEJC_16bit16kHz/data/T002/T002_020/T002_020_IC01.wav
Converting /autofs/diamond2/share/corpus/CEJC/data/T002/T002_020/T002_020_IC02.wav to /autofs/diamond2/share/corpus/CEJC_16bit16kHz/data/T002/T002_020/T002_020_IC02.wav
Converting /autofs/diamond2/share/corpus/CEJC/data/T002/T002_020/T002_020_IC03.wav to /autofs/diamond2/share/corpus/CEJC_16bit16kHz/data/T002/T002_020/T002_020_IC03.wav
Converting /autofs/diamond2/share/corpus/CEJC/data/T002/T002_020/T002_020_IC0B.wav to /autofs/diamond2/share/corpus/CEJC_16bit16kHz/data/T002/T002_020/T002_020_IC0B.wav
Converting /autofs/diamond2/share/corpus/CEJC/data/T003/T003_001/T003_001_IC01.wav to /autofs/diamond2/share/corpus/CEJC_16bit16kHz/data/T003/T003_001/T003_001_IC01.wav
Converting /autofs/diamond2/share/corpus/CEJC/data/T003/T003_001/T003_001_IC02.wav to /autofs/diamond2/share/corpus/CEJC_16bit16kHz/data/T003/T003_001/T003_001_IC02.wav
Converting /autofs/diamond2/share/corpus/CEJC/data/T003/T003_001/T003_001_IC03.wav to /autofs/diamond2/share/corpus/CEJC_16bit16kHz/data/T003/T003_001/T003_001_IC03.wav
Converting /autofs/diamond2/share/corpus/CEJC/data/T003/T003_001/T003_001_IC0A.wav to /autofs/diamond2/share/corpus/CEJC_16bit16kHz/data/T003/T003_001/T003_001_IC0A.wav
Converting /autofs/diamond2/share/corpus/CEJC/data/T003/T003_002/T003_002_IC01.wav to /autofs/diamond2/share/corpus/CEJC_16bit16kHz/data/T003/T003_002/T003_002_IC01.wav
Converting /autofs/diamond2/share/corpus/CEJC/data/T003/T003_002/T003_002_IC02.wav to /autofs/diamond2/share/corpus/CEJC_16bit16kHz/data/T003/T003_002/T003_002_IC02.wav
Converting /autofs/diamond2/share/corpus/CEJC/data/T003/T003_002/T003_002_IC03.wav to /autofs/diamond2/share/corpus/CEJC_16bit16kHz/data/T003/T003_002/T003_002_IC03.wav
Converting /autofs/diamond2/share/corpus/CEJC/data/T003/T003_002/T003_002_IC04.wav to /autofs/diamond2/share/corpus/CEJC_16bit16kHz/data/T003/T003_002/T003_002_IC04.wav
Converting /autofs/diamond2/share/corpus/CEJC/data/T003/T003_002/T003_002_IC0A.wav to /autofs/diamond2/share/corpus/CEJC_16bit16kHz/data/T003/T003_002/T003_002_IC0A.wav
Converting /autofs/diamond2/share/corpus/CEJC/data/T003/T003_003/T003_003_IC01.wav to /autofs/diamond2/share/corpus/CEJC_16bit16kHz/data/T003/T003_003/T003_003_IC01.wav
Converting /autofs/diamond2/share/corpus/CEJC/data/T003/T003_003/T003_003_IC02.wav to /autofs/diamond2/share/corpus/CEJC_16bit16kHz/data/T003/T003_003/T003_003_IC02.wav
Converting /autofs/diamond2/share/corpus/CEJC/data/T003/T003_003/T003_003_IC0A.wav to /autofs/diamond2/share/corpus/CEJC_16bit16kHz/data/T003/T003_003/T003_003_IC0A.wav
Converting /autofs/diamond2/share/corpus/CEJC/data/T003/T003_003/T003_003_IC0B.wav to /autofs/diamond2/share/corpus/CEJC_16bit16kHz/data/T003/T003_003/T003_003_IC0B.wav
Converting /autofs/diamond2/share/corpus/CEJC/data/T003/T003_004/T003_004_IC01.wav to /autofs/diamond2/share/corpus/CEJC_16bit16kHz/data/T003/T003_004/T003_004_IC01.wav
Converting /autofs/diamond2/share/corpus/CEJC/data/T003/T003_004/T003_004_IC02.wav to /autofs/diamond2/share/corpus/CEJC_16bit16kHz/data/T003/T003_004/T003_004_IC02.wav
Converting /autofs/diamond2/share/corpus/CEJC/data/T003/T003_004/T003_004_IC03.wav to /autofs/diamond2/share/corpus/CEJC_16bit16kHz/data/T003/T003_004/T003_004_IC03.wav
Converting /autofs/diamond2/share/corpus/CEJC/data/T003/T003_004/T003_004_IC0A.wav to /autofs/diamond2/share/corpus/CEJC_16bit16kHz/data/T003/T003_004/T003_004_IC0A.wav
Converting /autofs/diamond2/share/corpus/CEJC/data/T003/T003_004/T003_004_IC0B.wav to /autofs/diamond2/share/corpus/CEJC_16bit16kHz/data/T003/T003_004/T003_004_IC0B.wav
Converting /autofs/diamond2/share/corpus/CEJC/data/T003/T003_006/T003_006_IC01.wav to /autofs/diamond2/share/corpus/CEJC_16bit16kHz/data/T003/T003_006/T003_006_IC01.wav
Converting /autofs/diamond2/share/corpus/CEJC/data/T003/T003_006/T003_006_IC02.wav to /autofs/diamond2/share/corpus/CEJC_16bit16kHz/data/T003/T003_006/T003_006_IC02.wav
Converting /autofs/diamond2/share/corpus/CEJC/data/T003/T003_006/T003_006_IC03.wav to /autofs/diamond2/share/corpus/CEJC_16bit16kHz/data/T003/T003_006/T003_006_IC03.wav
Converting /autofs/diamond2/share/corpus/CEJC/data/T003/T003_006/T003_006_IC04.wav to /autofs/diamond2/share/corpus/CEJC_16bit16kHz/data/T003/T003_006/T003_006_IC04.wav
Converting /autofs/diamond2/share/corpus/CEJC/data/T003/T003_006/T003_006_IC05.wav to /autofs/diamond2/share/corpus/CEJC_16bit16kHz/data/T003/T003_006/T003_006_IC05.wav
Converting /autofs/diamond2/share/corpus/CEJC/data/T003/T003_006/T003_006_IC0A.wav to /autofs/diamond2/share/corpus/CEJC_16bit16kHz/data/T003/T003_006/T003_006_IC0A.wav
Converting /autofs/diamond2/share/corpus/CEJC/data/T003/T003_007/T003_007_IC01.wav to /autofs/diamond2/share/corpus/CEJC_16bit16kHz/data/T003/T003_007/T003_007_IC01.wav
Converting /autofs/diamond2/share/corpus/CEJC/data/T003/T003_007/T003_007_IC02.wav to /autofs/diamond2/share/corpus/CEJC_16bit16kHz/data/T003/T003_007/T003_007_IC02.wav
Converting /autofs/diamond2/share/corpus/CEJC/data/T003/T003_007/T003_007_IC03.wav to /autofs/diamond2/share/corpus/CEJC_16bit16kHz/data/T003/T003_007/T003_007_IC03.wav
Converting /autofs/diamond2/share/corpus/CEJC/data/T003/T003_007/T003_007_IC04.wav to /autofs/diamond2/share/corpus/CEJC_16bit16kHz/data/T003/T003_007/T003_007_IC04.wav
Converting /autofs/diamond2/share/corpus/CEJC/data/T003/T003_007/T003_007_IC05.wav to /autofs/diamond2/share/corpus/CEJC_16bit16kHz/data/T003/T003_007/T003_007_IC05.wav
Converting /autofs/diamond2/share/corpus/CEJC/data/T003/T003_007/T003_007_IC0A.wav to /autofs/diamond2/share/corpus/CEJC_16bit16kHz/data/T003/T003_007/T003_007_IC0A.wav
Converting /autofs/diamond2/share/corpus/CEJC/data/T003/T003_012/T003_012_IC01.wav to /autofs/diamond2/share/corpus/CEJC_16bit16kHz/data/T003/T003_012/T003_012_IC01.wav
Converting /autofs/diamond2/share/corpus/CEJC/data/T003/T003_012/T003_012_IC02.wav to /autofs/diamond2/share/corpus/CEJC_16bit16kHz/data/T003/T003_012/T003_012_IC02.wav
Converting /autofs/diamond2/share/corpus/CEJC/data/T003/T003_012/T003_012_IC03.wav to /autofs/diamond2/share/corpus/CEJC_16bit16kHz/data/T003/T003_012/T003_012_IC03.wav
Converting /autofs/diamond2/share/corpus/CEJC/data/T003/T003_012/T003_012_IC04.wav to /autofs/diamond2/share/corpus/CEJC_16bit16kHz/data/T003/T003_012/T003_012_IC04.wav
Converting /autofs/diamond2/share/corpus/CEJC/data/T003/T003_012/T003_012_IC0B.wav to /autofs/diamond2/share/corpus/CEJC_16bit16kHz/data/T003/T003_012/T003_012_IC0B.wav
Converting /autofs/diamond2/share/corpus/CEJC/data/T003/T003_015/T003_015_IC01.wav to /autofs/diamond2/share/corpus/CEJC_16bit16kHz/data/T003/T003_015/T003_015_IC01.wav
Converting /autofs/diamond2/share/corpus/CEJC/data/T003/T003_015/T003_015_IC02.wav to /autofs/diamond2/share/corpus/CEJC_16bit16kHz/data/T003/T003_015/T003_015_IC02.wav
Converting /autofs/diamond2/share/corpus/CEJC/data/T003/T003_015/T003_015_IC03.wav to /autofs/diamond2/share/corpus/CEJC_16bit16kHz/data/T003/T003_015/T003_015_IC03.wav
Converting /autofs/diamond2/share/corpus/CEJC/data/T003/T003_015/T003_015_IC04.wav to /autofs/diamond2/share/corpus/CEJC_16bit16kHz/data/T003/T003_015/T003_015_IC04.wav
Converting /autofs/diamond2/share/corpus/CEJC/data/T003/T003_015/T003_015_IC0A.wav to /autofs/diamond2/share/corpus/CEJC_16bit16kHz/data/T003/T003_015/T003_015_IC0A.wav
Converting /autofs/diamond2/share/corpus/CEJC/data/T003/T003_017/T003_017_IC01.wav to /autofs/diamond2/share/corpus/CEJC_16bit16kHz/data/T003/T003_017/T003_017_IC01.wav
Converting /autofs/diamond2/share/corpus/CEJC/data/T003/T003_017/T003_017_IC02.wav to /autofs/diamond2/share/corpus/CEJC_16bit16kHz/data/T003/T003_017/T003_017_IC02.wav
Converting /autofs/diamond2/share/corpus/CEJC/data/T003/T003_017/T003_017_IC03.wav to /autofs/diamond2/share/corpus/CEJC_16bit16kHz/data/T003/T003_017/T003_017_IC03.wav
Converting /autofs/diamond2/share/corpus/CEJC/data/T003/T003_017/T003_017_IC04.wav to /autofs/diamond2/share/corpus/CEJC_16bit16kHz/data/T003/T003_017/T003_017_IC04.wav
Converting /autofs/diamond2/share/corpus/CEJC/data/T003/T003_017/T003_017_IC05.wav to /autofs/diamond2/share/corpus/CEJC_16bit16kHz/data/T003/T003_017/T003_017_IC05.wav
Converting /autofs/diamond2/share/corpus/CEJC/data/T003/T003_017/T003_017_IC0A.wav to /autofs/diamond2/share/corpus/CEJC_16bit16kHz/data/T003/T003_017/T003_017_IC0A.wav
Converting /autofs/diamond2/share/corpus/CEJC/data/T003/T003_018/T003_018_IC01.wav to /autofs/diamond2/share/corpus/CEJC_16bit16kHz/data/T003/T003_018/T003_018_IC01.wav
Converting /autofs/diamond2/share/corpus/CEJC/data/T003/T003_018/T003_018_IC02.wav to /autofs/diamond2/share/corpus/CEJC_16bit16kHz/data/T003/T003_018/T003_018_IC02.wav
Converting /autofs/diamond2/share/corpus/CEJC/data/T003/T003_018/T003_018_IC03.wav to /autofs/diamond2/share/corpus/CEJC_16bit16kHz/data/T003/T003_018/T003_018_IC03.wav
Converting /autofs/diamond2/share/corpus/CEJC/data/T003/T003_018/T003_018_IC04.wav to /autofs/diamond2/share/corpus/CEJC_16bit16kHz/data/T003/T003_018/T003_018_IC04.wav
Converting /autofs/diamond2/share/corpus/CEJC/data/T003/T003_018/T003_018_IC0A.wav to /autofs/diamond2/share/corpus/CEJC_16bit16kHz/data/T003/T003_018/T003_018_IC0A.wav
Converting /autofs/diamond2/share/corpus/CEJC/data/T003/T003_018/T003_018_IC0B.wav to /autofs/diamond2/share/corpus/CEJC_16bit16kHz/data/T003/T003_018/T003_018_IC0B.wav
Converting /autofs/diamond2/share/corpus/CEJC/data/T003/T003_019/T003_019_IC01.wav to /autofs/diamond2/share/corpus/CEJC_16bit16kHz/data/T003/T003_019/T003_019_IC01.wav
Converting /autofs/diamond2/share/corpus/CEJC/data/T003/T003_019/T003_019_IC02.wav to /autofs/diamond2/share/corpus/CEJC_16bit16kHz/data/T003/T003_019/T003_019_IC02.wav
Converting /autofs/diamond2/share/corpus/CEJC/data/T003/T003_019/T003_019_IC03.wav to /autofs/diamond2/share/corpus/CEJC_16bit16kHz/data/T003/T003_019/T003_019_IC03.wav
Converting /autofs/diamond2/share/corpus/CEJC/data/T003/T003_019/T003_019_IC04.wav to /autofs/diamond2/share/corpus/CEJC_16bit16kHz/data/T003/T003_019/T003_019_IC04.wav
Converting /autofs/diamond2/share/corpus/CEJC/data/T003/T003_019/T003_019_IC0B.wav to /autofs/diamond2/share/corpus/CEJC_16bit16kHz/data/T003/T003_019/T003_019_IC0B.wav
Converting /autofs/diamond2/share/corpus/CEJC/data/T003/T003_021/T003_021_IC01.wav to /autofs/diamond2/share/corpus/CEJC_16bit16kHz/data/T003/T003_021/T003_021_IC01.wav
Converting /autofs/diamond2/share/corpus/CEJC/data/T003/T003_021/T003_021_IC02.wav to /autofs/diamond2/share/corpus/CEJC_16bit16kHz/data/T003/T003_021/T003_021_IC02.wav
Converting /autofs/diamond2/share/corpus/CEJC/data/T003/T003_021/T003_021_IC03.wav to /autofs/diamond2/share/corpus/CEJC_16bit16kHz/data/T003/T003_021/T003_021_IC03.wav
Converting /autofs/diamond2/share/corpus/CEJC/data/T003/T003_021/T003_021_IC04.wav to /autofs/diamond2/share/corpus/CEJC_16bit16kHz/data/T003/T003_021/T003_021_IC04.wav
Converting /autofs/diamond2/share/corpus/CEJC/data/T003/T003_021/T003_021_IC05.wav to /autofs/diamond2/share/corpus/CEJC_16bit16kHz/data/T003/T003_021/T003_021_IC05.wav
Converting /autofs/diamond2/share/corpus/CEJC/data/T003/T003_021/T003_021_IC0A.wav to /autofs/diamond2/share/corpus/CEJC_16bit16kHz/data/T003/T003_021/T003_021_IC0A.wav
Converting /autofs/diamond2/share/corpus/CEJC/data/T004/T004_001/T004_001_IC01.wav to /autofs/diamond2/share/corpus/CEJC_16bit16kHz/data/T004/T004_001/T004_001_IC01.wav
Converting /autofs/diamond2/share/corpus/CEJC/data/T004/T004_001/T004_001_IC02.wav to /autofs/diamond2/share/corpus/CEJC_16bit16kHz/data/T004/T004_001/T004_001_IC02.wav
Converting /autofs/diamond2/share/corpus/CEJC/data/T004/T004_001/T004_001_IC03.wav to /autofs/diamond2/share/corpus/CEJC_16bit16kHz/data/T004/T004_001/T004_001_IC03.wav
sox WARN rate: rate clipped 215 samples; decrease volume?
sox WARN dither: dither clipped 204 samples; decrease volume?
Converting /autofs/diamond2/share/corpus/CEJC/data/T004/T004_001/T004_001_IC0A.wav to /autofs/diamond2/share/corpus/CEJC_16bit16kHz/data/T004/T004_001/T004_001_IC0A.wav
sox WARN rate: rate clipped 5 samples; decrease volume?
sox WARN dither: dither clipped 4 samples; decrease volume?
Converting /autofs/diamond2/share/corpus/CEJC/data/T004/T004_002/T004_002_IC01.wav to /autofs/diamond2/share/corpus/CEJC_16bit16kHz/data/T004/T004_002/T004_002_IC01.wav
Converting /autofs/diamond2/share/corpus/CEJC/data/T004/T004_002/T004_002_IC02.wav to /autofs/diamond2/share/corpus/CEJC_16bit16kHz/data/T004/T004_002/T004_002_IC02.wav
Converting /autofs/diamond2/share/corpus/CEJC/data/T004/T004_002/T004_002_IC03.wav to /autofs/diamond2/share/corpus/CEJC_16bit16kHz/data/T004/T004_002/T004_002_IC03.wav
Converting /autofs/diamond2/share/corpus/CEJC/data/T004/T004_002/T004_002_IC04.wav to /autofs/diamond2/share/corpus/CEJC_16bit16kHz/data/T004/T004_002/T004_002_IC04.wav
Converting /autofs/diamond2/share/corpus/CEJC/data/T004/T004_002/T004_002_IC0A.wav to /autofs/diamond2/share/corpus/CEJC_16bit16kHz/data/T004/T004_002/T004_002_IC0A.wav
Converting /autofs/diamond2/share/corpus/CEJC/data/T004/T004_003/T004_003_IC01.wav to /autofs/diamond2/share/corpus/CEJC_16bit16kHz/data/T004/T004_003/T004_003_IC01.wav
Converting /autofs/diamond2/share/corpus/CEJC/data/T004/T004_003/T004_003_IC02.wav to /autofs/diamond2/share/corpus/CEJC_16bit16kHz/data/T004/T004_003/T004_003_IC02.wav
Converting /autofs/diamond2/share/corpus/CEJC/data/T004/T004_003/T004_003_IC03.wav to /autofs/diamond2/share/corpus/CEJC_16bit16kHz/data/T004/T004_003/T004_003_IC03.wav
Converting /autofs/diamond2/share/corpus/CEJC/data/T004/T004_003/T004_003_IC0A.wav to /autofs/diamond2/share/corpus/CEJC_16bit16kHz/data/T004/T004_003/T004_003_IC0A.wav
Converting /autofs/diamond2/share/corpus/CEJC/data/T004/T004_005/T004_005a_IC02.wav to /autofs/diamond2/share/corpus/CEJC_16bit16kHz/data/T004/T004_005/T004_005a_IC02.wav
Converting /autofs/diamond2/share/corpus/CEJC/data/T004/T004_005/T004_005a_IC03.wav to /autofs/diamond2/share/corpus/CEJC_16bit16kHz/data/T004/T004_005/T004_005a_IC03.wav
Converting /autofs/diamond2/share/corpus/CEJC/data/T004/T004_005/T004_005a_IC04.wav to /autofs/diamond2/share/corpus/CEJC_16bit16kHz/data/T004/T004_005/T004_005a_IC04.wav
Converting /autofs/diamond2/share/corpus/CEJC/data/T004/T004_005/T004_005a_IC05.wav to /autofs/diamond2/share/corpus/CEJC_16bit16kHz/data/T004/T004_005/T004_005a_IC05.wav
Converting /autofs/diamond2/share/corpus/CEJC/data/T004/T004_005/T004_005a_IC0A.wav to /autofs/diamond2/share/corpus/CEJC_16bit16kHz/data/T004/T004_005/T004_005a_IC0A.wav
Converting /autofs/diamond2/share/corpus/CEJC/data/T004/T004_005/T004_005b_IC02.wav to /autofs/diamond2/share/corpus/CEJC_16bit16kHz/data/T004/T004_005/T004_005b_IC02.wav
sox WARN rate: rate clipped 127 samples; decrease volume?
sox WARN dither: dither clipped 108 samples; decrease volume?
Converting /autofs/diamond2/share/corpus/CEJC/data/T004/T004_005/T004_005b_IC03.wav to /autofs/diamond2/share/corpus/CEJC_16bit16kHz/data/T004/T004_005/T004_005b_IC03.wav
sox WARN rate: rate clipped 150 samples; decrease volume?
sox WARN dither: dither clipped 125 samples; decrease volume?
Converting /autofs/diamond2/share/corpus/CEJC/data/T004/T004_005/T004_005b_IC04.wav to /autofs/diamond2/share/corpus/CEJC_16bit16kHz/data/T004/T004_005/T004_005b_IC04.wav
sox WARN rate: rate clipped 319 samples; decrease volume?
sox WARN dither: dither clipped 435 samples; decrease volume?
Converting /autofs/diamond2/share/corpus/CEJC/data/T004/T004_005/T004_005b_IC05.wav to /autofs/diamond2/share/corpus/CEJC_16bit16kHz/data/T004/T004_005/T004_005b_IC05.wav
sox WARN rate: rate clipped 195 samples; decrease volume?
sox WARN dither: dither clipped 182 samples; decrease volume?
Converting /autofs/diamond2/share/corpus/CEJC/data/T004/T004_005/T004_005b_IC0A.wav to /autofs/diamond2/share/corpus/CEJC_16bit16kHz/data/T004/T004_005/T004_005b_IC0A.wav
sox WARN rate: rate clipped 31 samples; decrease volume?
sox WARN dither: dither clipped 29 samples; decrease volume?
Converting /autofs/diamond2/share/corpus/CEJC/data/T004/T004_006/T004_006_IC01.wav to /autofs/diamond2/share/corpus/CEJC_16bit16kHz/data/T004/T004_006/T004_006_IC01.wav
Converting /autofs/diamond2/share/corpus/CEJC/data/T004/T004_006/T004_006_IC02.wav to /autofs/diamond2/share/corpus/CEJC_16bit16kHz/data/T004/T004_006/T004_006_IC02.wav
Converting /autofs/diamond2/share/corpus/CEJC/data/T004/T004_006/T004_006_IC0A.wav to /autofs/diamond2/share/corpus/CEJC_16bit16kHz/data/T004/T004_006/T004_006_IC0A.wav
Converting /autofs/diamond2/share/corpus/CEJC/data/T004/T004_010/T004_010a_IC01.wav to /autofs/diamond2/share/corpus/CEJC_16bit16kHz/data/T004/T004_010/T004_010a_IC01.wav
Converting /autofs/diamond2/share/corpus/CEJC/data/T004/T004_010/T004_010a_IC02.wav to /autofs/diamond2/share/corpus/CEJC_16bit16kHz/data/T004/T004_010/T004_010a_IC02.wav
Converting /autofs/diamond2/share/corpus/CEJC/data/T004/T004_010/T004_010a_IC03.wav to /autofs/diamond2/share/corpus/CEJC_16bit16kHz/data/T004/T004_010/T004_010a_IC03.wav
Converting /autofs/diamond2/share/corpus/CEJC/data/T004/T004_010/T004_010a_IC04.wav to /autofs/diamond2/share/corpus/CEJC_16bit16kHz/data/T004/T004_010/T004_010a_IC04.wav
Converting /autofs/diamond2/share/corpus/CEJC/data/T004/T004_010/T004_010a_IC05.wav to /autofs/diamond2/share/corpus/CEJC_16bit16kHz/data/T004/T004_010/T004_010a_IC05.wav
Converting /autofs/diamond2/share/corpus/CEJC/data/T004/T004_010/T004_010a_IC06.wav to /autofs/diamond2/share/corpus/CEJC_16bit16kHz/data/T004/T004_010/T004_010a_IC06.wav
Converting /autofs/diamond2/share/corpus/CEJC/data/T004/T004_010/T004_010a_IC0A.wav to /autofs/diamond2/share/corpus/CEJC_16bit16kHz/data/T004/T004_010/T004_010a_IC0A.wav
Converting /autofs/diamond2/share/corpus/CEJC/data/T004/T004_010/T004_010b_IC01.wav to /autofs/diamond2/share/corpus/CEJC_16bit16kHz/data/T004/T004_010/T004_010b_IC01.wav
Converting /autofs/diamond2/share/corpus/CEJC/data/T004/T004_010/T004_010b_IC02.wav to /autofs/diamond2/share/corpus/CEJC_16bit16kHz/data/T004/T004_010/T004_010b_IC02.wav
Converting /autofs/diamond2/share/corpus/CEJC/data/T004/T004_010/T004_010b_IC03.wav to /autofs/diamond2/share/corpus/CEJC_16bit16kHz/data/T004/T004_010/T004_010b_IC03.wav
Converting /autofs/diamond2/share/corpus/CEJC/data/T004/T004_010/T004_010b_IC04.wav to /autofs/diamond2/share/corpus/CEJC_16bit16kHz/data/T004/T004_010/T004_010b_IC04.wav
Converting /autofs/diamond2/share/corpus/CEJC/data/T004/T004_010/T004_010b_IC05.wav to /autofs/diamond2/share/corpus/CEJC_16bit16kHz/data/T004/T004_010/T004_010b_IC05.wav
Converting /autofs/diamond2/share/corpus/CEJC/data/T004/T004_010/T004_010b_IC06.wav to /autofs/diamond2/share/corpus/CEJC_16bit16kHz/data/T004/T004_010/T004_010b_IC06.wav
Converting /autofs/diamond2/share/corpus/CEJC/data/T004/T004_010/T004_010b_IC0A.wav to /autofs/diamond2/share/corpus/CEJC_16bit16kHz/data/T004/T004_010/T004_010b_IC0A.wav
Converting /autofs/diamond2/share/corpus/CEJC/data/T004/T004_011/T004_011_IC01.wav to /autofs/diamond2/share/corpus/CEJC_16bit16kHz/data/T004/T004_011/T004_011_IC01.wav
Converting /autofs/diamond2/share/corpus/CEJC/data/T004/T004_011/T004_011_IC02.wav to /autofs/diamond2/share/corpus/CEJC_16bit16kHz/data/T004/T004_011/T004_011_IC02.wav
Converting /autofs/diamond2/share/corpus/CEJC/data/T004/T004_011/T004_011_IC03.wav to /autofs/diamond2/share/corpus/CEJC_16bit16kHz/data/T004/T004_011/T004_011_IC03.wav
Converting /autofs/diamond2/share/corpus/CEJC/data/T004/T004_011/T004_011_IC04.wav to /autofs/diamond2/share/corpus/CEJC_16bit16kHz/data/T004/T004_011/T004_011_IC04.wav
Converting /autofs/diamond2/share/corpus/CEJC/data/T004/T004_011/T004_011_IC06.wav to /autofs/diamond2/share/corpus/CEJC_16bit16kHz/data/T004/T004_011/T004_011_IC06.wav
Converting /autofs/diamond2/share/corpus/CEJC/data/T004/T004_011/T004_011_IC0B.wav to /autofs/diamond2/share/corpus/CEJC_16bit16kHz/data/T004/T004_011/T004_011_IC0B.wav
Converting /autofs/diamond2/share/corpus/CEJC/data/T004/T004_013/T004_013_IC01.wav to /autofs/diamond2/share/corpus/CEJC_16bit16kHz/data/T004/T004_013/T004_013_IC01.wav
sox WARN rate: rate clipped 21 samples; decrease volume?
sox WARN dither: dither clipped 13 samples; decrease volume?
Converting /autofs/diamond2/share/corpus/CEJC/data/T004/T004_013/T004_013_IC02.wav to /autofs/diamond2/share/corpus/CEJC_16bit16kHz/data/T004/T004_013/T004_013_IC02.wav
sox WARN rate: rate clipped 12 samples; decrease volume?
sox WARN dither: dither clipped 11 samples; decrease volume?
Converting /autofs/diamond2/share/corpus/CEJC/data/T004/T004_013/T004_013_IC03.wav to /autofs/diamond2/share/corpus/CEJC_16bit16kHz/data/T004/T004_013/T004_013_IC03.wav
sox WARN rate: rate clipped 27 samples; decrease volume?
sox WARN dither: dither clipped 25 samples; decrease volume?
Converting /autofs/diamond2/share/corpus/CEJC/data/T004/T004_013/T004_013_IC04.wav to /autofs/diamond2/share/corpus/CEJC_16bit16kHz/data/T004/T004_013/T004_013_IC04.wav
sox WARN rate: rate clipped 53 samples; decrease volume?
sox WARN dither: dither clipped 47 samples; decrease volume?
Converting /autofs/diamond2/share/corpus/CEJC/data/T004/T004_013/T004_013_IC05.wav to /autofs/diamond2/share/corpus/CEJC_16bit16kHz/data/T004/T004_013/T004_013_IC05.wav
sox WARN rate: rate clipped 8 samples; decrease volume?
sox WARN dither: dither clipped 6 samples; decrease volume?
Converting /autofs/diamond2/share/corpus/CEJC/data/T004/T004_013/T004_013_IC0A.wav to /autofs/diamond2/share/corpus/CEJC_16bit16kHz/data/T004/T004_013/T004_013_IC0A.wav
sox WARN rate: rate clipped 30 samples; decrease volume?
sox WARN dither: dither clipped 25 samples; decrease volume?
Converting /autofs/diamond2/share/corpus/CEJC/data/T004/T004_014/T004_014_IC01.wav to /autofs/diamond2/share/corpus/CEJC_16bit16kHz/data/T004/T004_014/T004_014_IC01.wav
Converting /autofs/diamond2/share/corpus/CEJC/data/T004/T004_014/T004_014_IC02.wav to /autofs/diamond2/share/corpus/CEJC_16bit16kHz/data/T004/T004_014/T004_014_IC02.wav
Converting /autofs/diamond2/share/corpus/CEJC/data/T004/T004_014/T004_014_IC03.wav to /autofs/diamond2/share/corpus/CEJC_16bit16kHz/data/T004/T004_014/T004_014_IC03.wav
Converting /autofs/diamond2/share/corpus/CEJC/data/T004/T004_014/T004_014_IC04.wav to /autofs/diamond2/share/corpus/CEJC_16bit16kHz/data/T004/T004_014/T004_014_IC04.wav
Converting /autofs/diamond2/share/corpus/CEJC/data/T004/T004_014/T004_014_IC0B.wav to /autofs/diamond2/share/corpus/CEJC_16bit16kHz/data/T004/T004_014/T004_014_IC0B.wav
Converting /autofs/diamond2/share/corpus/CEJC/data/T004/T004_016/T004_016_IC05.wav to /autofs/diamond2/share/corpus/CEJC_16bit16kHz/data/T004/T004_016/T004_016_IC05.wav
Converting /autofs/diamond2/share/corpus/CEJC/data/T004/T004_016/T004_016_IC06.wav to /autofs/diamond2/share/corpus/CEJC_16bit16kHz/data/T004/T004_016/T004_016_IC06.wav
Converting /autofs/diamond2/share/corpus/CEJC/data/T004/T004_016/T004_016_IC0B.wav to /autofs/diamond2/share/corpus/CEJC_16bit16kHz/data/T004/T004_016/T004_016_IC0B.wav
Converting /autofs/diamond2/share/corpus/CEJC/data/T004/T004_017/T004_017_IC01.wav to /autofs/diamond2/share/corpus/CEJC_16bit16kHz/data/T004/T004_017/T004_017_IC01.wav
sox WARN rate: rate clipped 9 samples; decrease volume?
sox WARN dither: dither clipped 8 samples; decrease volume?
Converting /autofs/diamond2/share/corpus/CEJC/data/T004/T004_017/T004_017_IC02.wav to /autofs/diamond2/share/corpus/CEJC_16bit16kHz/data/T004/T004_017/T004_017_IC02.wav
sox WARN rate: rate clipped 70 samples; decrease volume?
sox WARN dither: dither clipped 63 samples; decrease volume?
Converting /autofs/diamond2/share/corpus/CEJC/data/T004/T004_017/T004_017_IC03.wav to /autofs/diamond2/share/corpus/CEJC_16bit16kHz/data/T004/T004_017/T004_017_IC03.wav
sox WARN rate: rate clipped 17 samples; decrease volume?
sox WARN dither: dither clipped 15 samples; decrease volume?
Converting /autofs/diamond2/share/corpus/CEJC/data/T004/T004_017/T004_017_IC04.wav to /autofs/diamond2/share/corpus/CEJC_16bit16kHz/data/T004/T004_017/T004_017_IC04.wav
Converting /autofs/diamond2/share/corpus/CEJC/data/T004/T004_017/T004_017_IC05.wav to /autofs/diamond2/share/corpus/CEJC_16bit16kHz/data/T004/T004_017/T004_017_IC05.wav
sox WARN rate: rate clipped 9 samples; decrease volume?
sox WARN dither: dither clipped 7 samples; decrease volume?
Converting /autofs/diamond2/share/corpus/CEJC/data/T004/T004_017/T004_017_IC06.wav to /autofs/diamond2/share/corpus/CEJC_16bit16kHz/data/T004/T004_017/T004_017_IC06.wav
Converting /autofs/diamond2/share/corpus/CEJC/data/T004/T004_017/T004_017_IC07.wav to /autofs/diamond2/share/corpus/CEJC_16bit16kHz/data/T004/T004_017/T004_017_IC07.wav
Converting /autofs/diamond2/share/corpus/CEJC/data/T004/T004_017/T004_017_IC0A.wav to /autofs/diamond2/share/corpus/CEJC_16bit16kHz/data/T004/T004_017/T004_017_IC0A.wav
Converting /autofs/diamond2/share/corpus/CEJC/data/T005/T005_001/T005_001_IC01.wav to /autofs/diamond2/share/corpus/CEJC_16bit16kHz/data/T005/T005_001/T005_001_IC01.wav
Converting /autofs/diamond2/share/corpus/CEJC/data/T005/T005_001/T005_001_IC02.wav to /autofs/diamond2/share/corpus/CEJC_16bit16kHz/data/T005/T005_001/T005_001_IC02.wav
Converting /autofs/diamond2/share/corpus/CEJC/data/T005/T005_001/T005_001_IC03.wav to /autofs/diamond2/share/corpus/CEJC_16bit16kHz/data/T005/T005_001/T005_001_IC03.wav
Converting /autofs/diamond2/share/corpus/CEJC/data/T005/T005_001/T005_001_IC04.wav to /autofs/diamond2/share/corpus/CEJC_16bit16kHz/data/T005/T005_001/T005_001_IC04.wav
Converting /autofs/diamond2/share/corpus/CEJC/data/T005/T005_001/T005_001_IC05.wav to /autofs/diamond2/share/corpus/CEJC_16bit16kHz/data/T005/T005_001/T005_001_IC05.wav
Converting /autofs/diamond2/share/corpus/CEJC/data/T005/T005_001/T005_001_IC06.wav to /autofs/diamond2/share/corpus/CEJC_16bit16kHz/data/T005/T005_001/T005_001_IC06.wav
Converting /autofs/diamond2/share/corpus/CEJC/data/T005/T005_001/T005_001_IC07.wav to /autofs/diamond2/share/corpus/CEJC_16bit16kHz/data/T005/T005_001/T005_001_IC07.wav
Converting /autofs/diamond2/share/corpus/CEJC/data/T005/T005_001/T005_001_IC08.wav to /autofs/diamond2/share/corpus/CEJC_16bit16kHz/data/T005/T005_001/T005_001_IC08.wav
Converting /autofs/diamond2/share/corpus/CEJC/data/T005/T005_001/T005_001_IC0A.wav to /autofs/diamond2/share/corpus/CEJC_16bit16kHz/data/T005/T005_001/T005_001_IC0A.wav
Converting /autofs/diamond2/share/corpus/CEJC/data/T005/T005_002/T005_002_IC01.wav to /autofs/diamond2/share/corpus/CEJC_16bit16kHz/data/T005/T005_002/T005_002_IC01.wav
Converting /autofs/diamond2/share/corpus/CEJC/data/T005/T005_002/T005_002_IC02.wav to /autofs/diamond2/share/corpus/CEJC_16bit16kHz/data/T005/T005_002/T005_002_IC02.wav
sox WARN rate: rate clipped 92 samples; decrease volume?
sox WARN dither: dither clipped 82 samples; decrease volume?
Converting /autofs/diamond2/share/corpus/CEJC/data/T005/T005_002/T005_002_IC03.wav to /autofs/diamond2/share/corpus/CEJC_16bit16kHz/data/T005/T005_002/T005_002_IC03.wav
Converting /autofs/diamond2/share/corpus/CEJC/data/T005/T005_002/T005_002_IC0A.wav to /autofs/diamond2/share/corpus/CEJC_16bit16kHz/data/T005/T005_002/T005_002_IC0A.wav
Converting /autofs/diamond2/share/corpus/CEJC/data/T005/T005_002/T005_002_IC0B.wav to /autofs/diamond2/share/corpus/CEJC_16bit16kHz/data/T005/T005_002/T005_002_IC0B.wav
sox WARN rate: rate clipped 70 samples; decrease volume?
sox WARN dither: dither clipped 59 samples; decrease volume?
Converting /autofs/diamond2/share/corpus/CEJC/data/T005/T005_004/T005_004_IC01.wav to /autofs/diamond2/share/corpus/CEJC_16bit16kHz/data/T005/T005_004/T005_004_IC01.wav
Converting /autofs/diamond2/share/corpus/CEJC/data/T005/T005_004/T005_004_IC02.wav to /autofs/diamond2/share/corpus/CEJC_16bit16kHz/data/T005/T005_004/T005_004_IC02.wav
Converting /autofs/diamond2/share/corpus/CEJC/data/T005/T005_004/T005_004_IC03.wav to /autofs/diamond2/share/corpus/CEJC_16bit16kHz/data/T005/T005_004/T005_004_IC03.wav
Converting /autofs/diamond2/share/corpus/CEJC/data/T005/T005_004/T005_004_IC04.wav to /autofs/diamond2/share/corpus/CEJC_16bit16kHz/data/T005/T005_004/T005_004_IC04.wav
Converting /autofs/diamond2/share/corpus/CEJC/data/T005/T005_004/T005_004_IC05.wav to /autofs/diamond2/share/corpus/CEJC_16bit16kHz/data/T005/T005_004/T005_004_IC05.wav
Converting /autofs/diamond2/share/corpus/CEJC/data/T005/T005_004/T005_004_IC06.wav to /autofs/diamond2/share/corpus/CEJC_16bit16kHz/data/T005/T005_004/T005_004_IC06.wav
Converting /autofs/diamond2/share/corpus/CEJC/data/T005/T005_004/T005_004_IC07.wav to /autofs/diamond2/share/corpus/CEJC_16bit16kHz/data/T005/T005_004/T005_004_IC07.wav
Converting /autofs/diamond2/share/corpus/CEJC/data/T005/T005_004/T005_004_IC08.wav to /autofs/diamond2/share/corpus/CEJC_16bit16kHz/data/T005/T005_004/T005_004_IC08.wav
Converting /autofs/diamond2/share/corpus/CEJC/data/T005/T005_004/T005_004_IC09.wav to /autofs/diamond2/share/corpus/CEJC_16bit16kHz/data/T005/T005_004/T005_004_IC09.wav
Converting /autofs/diamond2/share/corpus/CEJC/data/T005/T005_004/T005_004_IC0A.wav to /autofs/diamond2/share/corpus/CEJC_16bit16kHz/data/T005/T005_004/T005_004_IC0A.wav
Converting /autofs/diamond2/share/corpus/CEJC/data/T005/T005_004/T005_004_IC0B.wav to /autofs/diamond2/share/corpus/CEJC_16bit16kHz/data/T005/T005_004/T005_004_IC0B.wav
Converting /autofs/diamond2/share/corpus/CEJC/data/T005/T005_005/T005_005_IC01.wav to /autofs/diamond2/share/corpus/CEJC_16bit16kHz/data/T005/T005_005/T005_005_IC01.wav
Converting /autofs/diamond2/share/corpus/CEJC/data/T005/T005_005/T005_005_IC02.wav to /autofs/diamond2/share/corpus/CEJC_16bit16kHz/data/T005/T005_005/T005_005_IC02.wav
Converting /autofs/diamond2/share/corpus/CEJC/data/T005/T005_005/T005_005_IC03.wav to /autofs/diamond2/share/corpus/CEJC_16bit16kHz/data/T005/T005_005/T005_005_IC03.wav
Converting /autofs/diamond2/share/corpus/CEJC/data/T005/T005_005/T005_005_IC04.wav to /autofs/diamond2/share/corpus/CEJC_16bit16kHz/data/T005/T005_005/T005_005_IC04.wav
Converting /autofs/diamond2/share/corpus/CEJC/data/T005/T005_005/T005_005_IC05.wav to /autofs/diamond2/share/corpus/CEJC_16bit16kHz/data/T005/T005_005/T005_005_IC05.wav
Converting /autofs/diamond2/share/corpus/CEJC/data/T005/T005_005/T005_005_IC06.wav to /autofs/diamond2/share/corpus/CEJC_16bit16kHz/data/T005/T005_005/T005_005_IC06.wav
Converting /autofs/diamond2/share/corpus/CEJC/data/T005/T005_005/T005_005_IC0A.wav to /autofs/diamond2/share/corpus/CEJC_16bit16kHz/data/T005/T005_005/T005_005_IC0A.wav
Converting /autofs/diamond2/share/corpus/CEJC/data/T005/T005_005/T005_005_IC0B.wav to /autofs/diamond2/share/corpus/CEJC_16bit16kHz/data/T005/T005_005/T005_005_IC0B.wav
Converting /autofs/diamond2/share/corpus/CEJC/data/T005/T005_006/T005_006_IC01.wav to /autofs/diamond2/share/corpus/CEJC_16bit16kHz/data/T005/T005_006/T005_006_IC01.wav
sox WARN rate: rate clipped 4 samples; decrease volume?
sox WARN dither: dither clipped 4 samples; decrease volume?
Converting /autofs/diamond2/share/corpus/CEJC/data/T005/T005_006/T005_006_IC02.wav to /autofs/diamond2/share/corpus/CEJC_16bit16kHz/data/T005/T005_006/T005_006_IC02.wav
Converting /autofs/diamond2/share/corpus/CEJC/data/T005/T005_006/T005_006_IC03.wav to /autofs/diamond2/share/corpus/CEJC_16bit16kHz/data/T005/T005_006/T005_006_IC03.wav
sox WARN rate: rate clipped 4 samples; decrease volume?
sox WARN dither: dither clipped 2 samples; decrease volume?
Converting /autofs/diamond2/share/corpus/CEJC/data/T005/T005_006/T005_006_IC0A.wav to /autofs/diamond2/share/corpus/CEJC_16bit16kHz/data/T005/T005_006/T005_006_IC0A.wav
sox WARN rate: rate clipped 47 samples; decrease volume?
sox WARN dither: dither clipped 46 samples; decrease volume?
Converting /autofs/diamond2/share/corpus/CEJC/data/T005/T005_007/T005_007_IC01.wav to /autofs/diamond2/share/corpus/CEJC_16bit16kHz/data/T005/T005_007/T005_007_IC01.wav
Converting /autofs/diamond2/share/corpus/CEJC/data/T005/T005_007/T005_007_IC02.wav to /autofs/diamond2/share/corpus/CEJC_16bit16kHz/data/T005/T005_007/T005_007_IC02.wav
Converting /autofs/diamond2/share/corpus/CEJC/data/T005/T005_007/T005_007_IC03.wav to /autofs/diamond2/share/corpus/CEJC_16bit16kHz/data/T005/T005_007/T005_007_IC03.wav
Converting /autofs/diamond2/share/corpus/CEJC/data/T005/T005_007/T005_007_IC04.wav to /autofs/diamond2/share/corpus/CEJC_16bit16kHz/data/T005/T005_007/T005_007_IC04.wav
Converting /autofs/diamond2/share/corpus/CEJC/data/T005/T005_007/T005_007_IC05.wav to /autofs/diamond2/share/corpus/CEJC_16bit16kHz/data/T005/T005_007/T005_007_IC05.wav
Converting /autofs/diamond2/share/corpus/CEJC/data/T005/T005_007/T005_007_IC06.wav to /autofs/diamond2/share/corpus/CEJC_16bit16kHz/data/T005/T005_007/T005_007_IC06.wav
Converting /autofs/diamond2/share/corpus/CEJC/data/T005/T005_007/T005_007_IC07.wav to /autofs/diamond2/share/corpus/CEJC_16bit16kHz/data/T005/T005_007/T005_007_IC07.wav
Converting /autofs/diamond2/share/corpus/CEJC/data/T005/T005_007/T005_007_IC0A.wav to /autofs/diamond2/share/corpus/CEJC_16bit16kHz/data/T005/T005_007/T005_007_IC0A.wav
Converting /autofs/diamond2/share/corpus/CEJC/data/T005/T005_007/T005_007_IC0B.wav to /autofs/diamond2/share/corpus/CEJC_16bit16kHz/data/T005/T005_007/T005_007_IC0B.wav
Converting /autofs/diamond2/share/corpus/CEJC/data/T005/T005_008/T005_008_IC01.wav to /autofs/diamond2/share/corpus/CEJC_16bit16kHz/data/T005/T005_008/T005_008_IC01.wav
Converting /autofs/diamond2/share/corpus/CEJC/data/T005/T005_008/T005_008_IC02.wav to /autofs/diamond2/share/corpus/CEJC_16bit16kHz/data/T005/T005_008/T005_008_IC02.wav
Converting /autofs/diamond2/share/corpus/CEJC/data/T005/T005_008/T005_008_IC03.wav to /autofs/diamond2/share/corpus/CEJC_16bit16kHz/data/T005/T005_008/T005_008_IC03.wav
Converting /autofs/diamond2/share/corpus/CEJC/data/T005/T005_008/T005_008_IC0B.wav to /autofs/diamond2/share/corpus/CEJC_16bit16kHz/data/T005/T005_008/T005_008_IC0B.wav
Converting /autofs/diamond2/share/corpus/CEJC/data/T005/T005_009/T005_009_IC01.wav to /autofs/diamond2/share/corpus/CEJC_16bit16kHz/data/T005/T005_009/T005_009_IC01.wav
sox WARN rate: rate clipped 2 samples; decrease volume?
sox WARN dither: dither clipped 2 samples; decrease volume?
Converting /autofs/diamond2/share/corpus/CEJC/data/T005/T005_009/T005_009_IC02.wav to /autofs/diamond2/share/corpus/CEJC_16bit16kHz/data/T005/T005_009/T005_009_IC02.wav
Converting /autofs/diamond2/share/corpus/CEJC/data/T005/T005_009/T005_009_IC03.wav to /autofs/diamond2/share/corpus/CEJC_16bit16kHz/data/T005/T005_009/T005_009_IC03.wav
Converting /autofs/diamond2/share/corpus/CEJC/data/T005/T005_009/T005_009_IC04.wav to /autofs/diamond2/share/corpus/CEJC_16bit16kHz/data/T005/T005_009/T005_009_IC04.wav
Converting /autofs/diamond2/share/corpus/CEJC/data/T005/T005_009/T005_009_IC05.wav to /autofs/diamond2/share/corpus/CEJC_16bit16kHz/data/T005/T005_009/T005_009_IC05.wav
Converting /autofs/diamond2/share/corpus/CEJC/data/T005/T005_009/T005_009_IC06.wav to /autofs/diamond2/share/corpus/CEJC_16bit16kHz/data/T005/T005_009/T005_009_IC06.wav
Converting /autofs/diamond2/share/corpus/CEJC/data/T005/T005_009/T005_009_IC07.wav to /autofs/diamond2/share/corpus/CEJC_16bit16kHz/data/T005/T005_009/T005_009_IC07.wav
Converting /autofs/diamond2/share/corpus/CEJC/data/T005/T005_009/T005_009_IC08.wav to /autofs/diamond2/share/corpus/CEJC_16bit16kHz/data/T005/T005_009/T005_009_IC08.wav
Converting /autofs/diamond2/share/corpus/CEJC/data/T005/T005_009/T005_009_IC09.wav to /autofs/diamond2/share/corpus/CEJC_16bit16kHz/data/T005/T005_009/T005_009_IC09.wav
sox WARN rate: rate clipped 3 samples; decrease volume?
sox WARN dither: dither clipped 3 samples; decrease volume?
Converting /autofs/diamond2/share/corpus/CEJC/data/T005/T005_009/T005_009_IC0A.wav to /autofs/diamond2/share/corpus/CEJC_16bit16kHz/data/T005/T005_009/T005_009_IC0A.wav
sox WARN rate: rate clipped 4 samples; decrease volume?
sox WARN dither: dither clipped 2 samples; decrease volume?
Converting /autofs/diamond2/share/corpus/CEJC/data/T005/T005_009/T005_009_IC0B.wav to /autofs/diamond2/share/corpus/CEJC_16bit16kHz/data/T005/T005_009/T005_009_IC0B.wav
sox WARN rate: rate clipped 212 samples; decrease volume?
sox WARN dither: dither clipped 184 samples; decrease volume?
Converting /autofs/diamond2/share/corpus/CEJC/data/T005/T005_009/T005_009_IC10.wav to /autofs/diamond2/share/corpus/CEJC_16bit16kHz/data/T005/T005_009/T005_009_IC10.wav
Converting /autofs/diamond2/share/corpus/CEJC/data/T005/T005_009/T005_009_IC11.wav to /autofs/diamond2/share/corpus/CEJC_16bit16kHz/data/T005/T005_009/T005_009_IC11.wav
Converting /autofs/diamond2/share/corpus/CEJC/data/T005/T005_009/T005_009_IC12.wav to /autofs/diamond2/share/corpus/CEJC_16bit16kHz/data/T005/T005_009/T005_009_IC12.wav
sox WARN rate: rate clipped 1 samples; decrease volume?
sox WARN dither: dither clipped 1 samples; decrease volume?
Converting /autofs/diamond2/share/corpus/CEJC/data/T005/T005_010/T005_010_IC01.wav to /autofs/diamond2/share/corpus/CEJC_16bit16kHz/data/T005/T005_010/T005_010_IC01.wav
Converting /autofs/diamond2/share/corpus/CEJC/data/T005/T005_010/T005_010_IC02.wav to /autofs/diamond2/share/corpus/CEJC_16bit16kHz/data/T005/T005_010/T005_010_IC02.wav
Converting /autofs/diamond2/share/corpus/CEJC/data/T005/T005_010/T005_010_IC03.wav to /autofs/diamond2/share/corpus/CEJC_16bit16kHz/data/T005/T005_010/T005_010_IC03.wav
Converting /autofs/diamond2/share/corpus/CEJC/data/T005/T005_010/T005_010_IC04.wav to /autofs/diamond2/share/corpus/CEJC_16bit16kHz/data/T005/T005_010/T005_010_IC04.wav
Converting /autofs/diamond2/share/corpus/CEJC/data/T005/T005_010/T005_010_IC05.wav to /autofs/diamond2/share/corpus/CEJC_16bit16kHz/data/T005/T005_010/T005_010_IC05.wav
Converting /autofs/diamond2/share/corpus/CEJC/data/T005/T005_010/T005_010_IC06.wav to /autofs/diamond2/share/corpus/CEJC_16bit16kHz/data/T005/T005_010/T005_010_IC06.wav
Converting /autofs/diamond2/share/corpus/CEJC/data/T005/T005_010/T005_010_IC07.wav to /autofs/diamond2/share/corpus/CEJC_16bit16kHz/data/T005/T005_010/T005_010_IC07.wav
Converting /autofs/diamond2/share/corpus/CEJC/data/T005/T005_010/T005_010_IC0A.wav to /autofs/diamond2/share/corpus/CEJC_16bit16kHz/data/T005/T005_010/T005_010_IC0A.wav
Converting /autofs/diamond2/share/corpus/CEJC/data/T005/T005_010/T005_010_IC0B.wav to /autofs/diamond2/share/corpus/CEJC_16bit16kHz/data/T005/T005_010/T005_010_IC0B.wav
Converting /autofs/diamond2/share/corpus/CEJC/data/T005/T005_011/T005_011a_IC01.wav to /autofs/diamond2/share/corpus/CEJC_16bit16kHz/data/T005/T005_011/T005_011a_IC01.wav
Converting /autofs/diamond2/share/corpus/CEJC/data/T005/T005_011/T005_011a_IC02.wav to /autofs/diamond2/share/corpus/CEJC_16bit16kHz/data/T005/T005_011/T005_011a_IC02.wav
Converting /autofs/diamond2/share/corpus/CEJC/data/T005/T005_011/T005_011a_IC03.wav to /autofs/diamond2/share/corpus/CEJC_16bit16kHz/data/T005/T005_011/T005_011a_IC03.wav
Converting /autofs/diamond2/share/corpus/CEJC/data/T005/T005_011/T005_011a_IC0A.wav to /autofs/diamond2/share/corpus/CEJC_16bit16kHz/data/T005/T005_011/T005_011a_IC0A.wav
Converting /autofs/diamond2/share/corpus/CEJC/data/T005/T005_011/T005_011a_IC0B.wav to /autofs/diamond2/share/corpus/CEJC_16bit16kHz/data/T005/T005_011/T005_011a_IC0B.wav
Converting /autofs/diamond2/share/corpus/CEJC/data/T005/T005_011/T005_011b_IC01.wav to /autofs/diamond2/share/corpus/CEJC_16bit16kHz/data/T005/T005_011/T005_011b_IC01.wav
Converting /autofs/diamond2/share/corpus/CEJC/data/T005/T005_011/T005_011b_IC02.wav to /autofs/diamond2/share/corpus/CEJC_16bit16kHz/data/T005/T005_011/T005_011b_IC02.wav
Converting /autofs/diamond2/share/corpus/CEJC/data/T005/T005_011/T005_011b_IC03.wav to /autofs/diamond2/share/corpus/CEJC_16bit16kHz/data/T005/T005_011/T005_011b_IC03.wav
Converting /autofs/diamond2/share/corpus/CEJC/data/T005/T005_011/T005_011b_IC0A.wav to /autofs/diamond2/share/corpus/CEJC_16bit16kHz/data/T005/T005_011/T005_011b_IC0A.wav
Converting /autofs/diamond2/share/corpus/CEJC/data/T005/T005_011/T005_011b_IC0B.wav to /autofs/diamond2/share/corpus/CEJC_16bit16kHz/data/T005/T005_011/T005_011b_IC0B.wav
Converting /autofs/diamond2/share/corpus/CEJC/data/T005/T005_012/T005_012_IC01.wav to /autofs/diamond2/share/corpus/CEJC_16bit16kHz/data/T005/T005_012/T005_012_IC01.wav
Converting /autofs/diamond2/share/corpus/CEJC/data/T005/T005_012/T005_012_IC02.wav to /autofs/diamond2/share/corpus/CEJC_16bit16kHz/data/T005/T005_012/T005_012_IC02.wav
Converting /autofs/diamond2/share/corpus/CEJC/data/T005/T005_012/T005_012_IC03.wav to /autofs/diamond2/share/corpus/CEJC_16bit16kHz/data/T005/T005_012/T005_012_IC03.wav
sox WARN rate: rate clipped 3 samples; decrease volume?
sox WARN dither: dither clipped 3 samples; decrease volume?
Converting /autofs/diamond2/share/corpus/CEJC/data/T005/T005_012/T005_012_IC0B.wav to /autofs/diamond2/share/corpus/CEJC_16bit16kHz/data/T005/T005_012/T005_012_IC0B.wav
sox WARN rate: rate clipped 314 samples; decrease volume?
sox WARN dither: dither clipped 271 samples; decrease volume?
Converting /autofs/diamond2/share/corpus/CEJC/data/T005/T005_013/T005_013_IC01.wav to /autofs/diamond2/share/corpus/CEJC_16bit16kHz/data/T005/T005_013/T005_013_IC01.wav
Converting /autofs/diamond2/share/corpus/CEJC/data/T005/T005_013/T005_013_IC02.wav to /autofs/diamond2/share/corpus/CEJC_16bit16kHz/data/T005/T005_013/T005_013_IC02.wav
Converting /autofs/diamond2/share/corpus/CEJC/data/T005/T005_013/T005_013_IC03.wav to /autofs/diamond2/share/corpus/CEJC_16bit16kHz/data/T005/T005_013/T005_013_IC03.wav
Converting /autofs/diamond2/share/corpus/CEJC/data/T005/T005_013/T005_013_IC04.wav to /autofs/diamond2/share/corpus/CEJC_16bit16kHz/data/T005/T005_013/T005_013_IC04.wav
Converting /autofs/diamond2/share/corpus/CEJC/data/T005/T005_013/T005_013_IC05.wav to /autofs/diamond2/share/corpus/CEJC_16bit16kHz/data/T005/T005_013/T005_013_IC05.wav
Converting /autofs/diamond2/share/corpus/CEJC/data/T005/T005_013/T005_013_IC06.wav to /autofs/diamond2/share/corpus/CEJC_16bit16kHz/data/T005/T005_013/T005_013_IC06.wav
Converting /autofs/diamond2/share/corpus/CEJC/data/T005/T005_013/T005_013_IC07.wav to /autofs/diamond2/share/corpus/CEJC_16bit16kHz/data/T005/T005_013/T005_013_IC07.wav
Converting /autofs/diamond2/share/corpus/CEJC/data/T005/T005_013/T005_013_IC08.wav to /autofs/diamond2/share/corpus/CEJC_16bit16kHz/data/T005/T005_013/T005_013_IC08.wav
Converting /autofs/diamond2/share/corpus/CEJC/data/T005/T005_013/T005_013_IC09.wav to /autofs/diamond2/share/corpus/CEJC_16bit16kHz/data/T005/T005_013/T005_013_IC09.wav
Converting /autofs/diamond2/share/corpus/CEJC/data/T005/T005_013/T005_013_IC0A.wav to /autofs/diamond2/share/corpus/CEJC_16bit16kHz/data/T005/T005_013/T005_013_IC0A.wav
Converting /autofs/diamond2/share/corpus/CEJC/data/T005/T005_013/T005_013_IC10.wav to /autofs/diamond2/share/corpus/CEJC_16bit16kHz/data/T005/T005_013/T005_013_IC10.wav
Converting /autofs/diamond2/share/corpus/CEJC/data/T005/T005_013/T005_013_IC11.wav to /autofs/diamond2/share/corpus/CEJC_16bit16kHz/data/T005/T005_013/T005_013_IC11.wav
Converting /autofs/diamond2/share/corpus/CEJC/data/T005/T005_013/T005_013_IC12.wav to /autofs/diamond2/share/corpus/CEJC_16bit16kHz/data/T005/T005_013/T005_013_IC12.wav
Converting /autofs/diamond2/share/corpus/CEJC/data/T005/T005_013/T005_013_IC13.wav to /autofs/diamond2/share/corpus/CEJC_16bit16kHz/data/T005/T005_013/T005_013_IC13.wav
Converting /autofs/diamond2/share/corpus/CEJC/data/T005/T005_013/T005_013_IC14.wav to /autofs/diamond2/share/corpus/CEJC_16bit16kHz/data/T005/T005_013/T005_013_IC14.wav
Converting /autofs/diamond2/share/corpus/CEJC/data/T005/T005_013/T005_013_IC15.wav to /autofs/diamond2/share/corpus/CEJC_16bit16kHz/data/T005/T005_013/T005_013_IC15.wav
Converting /autofs/diamond2/share/corpus/CEJC/data/T005/T005_019/T005_019_IC01.wav to /autofs/diamond2/share/corpus/CEJC_16bit16kHz/data/T005/T005_019/T005_019_IC01.wav
Converting /autofs/diamond2/share/corpus/CEJC/data/T005/T005_019/T005_019_IC02.wav to /autofs/diamond2/share/corpus/CEJC_16bit16kHz/data/T005/T005_019/T005_019_IC02.wav
Converting /autofs/diamond2/share/corpus/CEJC/data/T005/T005_019/T005_019_IC03.wav to /autofs/diamond2/share/corpus/CEJC_16bit16kHz/data/T005/T005_019/T005_019_IC03.wav
Converting /autofs/diamond2/share/corpus/CEJC/data/T005/T005_019/T005_019_IC05.wav to /autofs/diamond2/share/corpus/CEJC_16bit16kHz/data/T005/T005_019/T005_019_IC05.wav
Converting /autofs/diamond2/share/corpus/CEJC/data/T005/T005_019/T005_019_IC06.wav to /autofs/diamond2/share/corpus/CEJC_16bit16kHz/data/T005/T005_019/T005_019_IC06.wav
Converting /autofs/diamond2/share/corpus/CEJC/data/T005/T005_019/T005_019_IC07.wav to /autofs/diamond2/share/corpus/CEJC_16bit16kHz/data/T005/T005_019/T005_019_IC07.wav
Converting /autofs/diamond2/share/corpus/CEJC/data/T005/T005_019/T005_019_IC08.wav to /autofs/diamond2/share/corpus/CEJC_16bit16kHz/data/T005/T005_019/T005_019_IC08.wav
Converting /autofs/diamond2/share/corpus/CEJC/data/T005/T005_019/T005_019_IC09.wav to /autofs/diamond2/share/corpus/CEJC_16bit16kHz/data/T005/T005_019/T005_019_IC09.wav
Converting /autofs/diamond2/share/corpus/CEJC/data/T005/T005_019/T005_019_IC0A.wav to /autofs/diamond2/share/corpus/CEJC_16bit16kHz/data/T005/T005_019/T005_019_IC0A.wav
Converting /autofs/diamond2/share/corpus/CEJC/data/T005/T005_019/T005_019_IC10.wav to /autofs/diamond2/share/corpus/CEJC_16bit16kHz/data/T005/T005_019/T005_019_IC10.wav
Converting /autofs/diamond2/share/corpus/CEJC/data/T005/T005_019/T005_019_IC11.wav to /autofs/diamond2/share/corpus/CEJC_16bit16kHz/data/T005/T005_019/T005_019_IC11.wav
Converting /autofs/diamond2/share/corpus/CEJC/data/T005/T005_019/T005_019_IC12.wav to /autofs/diamond2/share/corpus/CEJC_16bit16kHz/data/T005/T005_019/T005_019_IC12.wav
Converting /autofs/diamond2/share/corpus/CEJC/data/T005/T005_019/T005_019_IC13.wav to /autofs/diamond2/share/corpus/CEJC_16bit16kHz/data/T005/T005_019/T005_019_IC13.wav
Converting /autofs/diamond2/share/corpus/CEJC/data/T005/T005_019/T005_019_IC14.wav to /autofs/diamond2/share/corpus/CEJC_16bit16kHz/data/T005/T005_019/T005_019_IC14.wav
Converting /autofs/diamond2/share/corpus/CEJC/data/T006/T006_001/T006_001_IC01.wav to /autofs/diamond2/share/corpus/CEJC_16bit16kHz/data/T006/T006_001/T006_001_IC01.wav
Converting /autofs/diamond2/share/corpus/CEJC/data/T006/T006_001/T006_001_IC02.wav to /autofs/diamond2/share/corpus/CEJC_16bit16kHz/data/T006/T006_001/T006_001_IC02.wav
Converting /autofs/diamond2/share/corpus/CEJC/data/T006/T006_001/T006_001_IC0A.wav to /autofs/diamond2/share/corpus/CEJC_16bit16kHz/data/T006/T006_001/T006_001_IC0A.wav
Converting /autofs/diamond2/share/corpus/CEJC/data/T006/T006_002/T006_002_IC01.wav to /autofs/diamond2/share/corpus/CEJC_16bit16kHz/data/T006/T006_002/T006_002_IC01.wav
Converting /autofs/diamond2/share/corpus/CEJC/data/T006/T006_002/T006_002_IC02.wav to /autofs/diamond2/share/corpus/CEJC_16bit16kHz/data/T006/T006_002/T006_002_IC02.wav
Converting /autofs/diamond2/share/corpus/CEJC/data/T006/T006_002/T006_002_IC03.wav to /autofs/diamond2/share/corpus/CEJC_16bit16kHz/data/T006/T006_002/T006_002_IC03.wav
Converting /autofs/diamond2/share/corpus/CEJC/data/T006/T006_002/T006_002_IC0A.wav to /autofs/diamond2/share/corpus/CEJC_16bit16kHz/data/T006/T006_002/T006_002_IC0A.wav
Converting /autofs/diamond2/share/corpus/CEJC/data/T006/T006_002/T006_002_IC0B.wav to /autofs/diamond2/share/corpus/CEJC_16bit16kHz/data/T006/T006_002/T006_002_IC0B.wav
Converting /autofs/diamond2/share/corpus/CEJC/data/T006/T006_003/T006_003_IC01.wav to /autofs/diamond2/share/corpus/CEJC_16bit16kHz/data/T006/T006_003/T006_003_IC01.wav
Converting /autofs/diamond2/share/corpus/CEJC/data/T006/T006_003/T006_003_IC02.wav to /autofs/diamond2/share/corpus/CEJC_16bit16kHz/data/T006/T006_003/T006_003_IC02.wav
Converting /autofs/diamond2/share/corpus/CEJC/data/T006/T006_003/T006_003_IC0A.wav to /autofs/diamond2/share/corpus/CEJC_16bit16kHz/data/T006/T006_003/T006_003_IC0A.wav
Converting /autofs/diamond2/share/corpus/CEJC/data/T006/T006_003/T006_003_IC0B.wav to /autofs/diamond2/share/corpus/CEJC_16bit16kHz/data/T006/T006_003/T006_003_IC0B.wav
Converting /autofs/diamond2/share/corpus/CEJC/data/T006/T006_004/T006_004_IC01.wav to /autofs/diamond2/share/corpus/CEJC_16bit16kHz/data/T006/T006_004/T006_004_IC01.wav
Converting /autofs/diamond2/share/corpus/CEJC/data/T006/T006_004/T006_004_IC02.wav to /autofs/diamond2/share/corpus/CEJC_16bit16kHz/data/T006/T006_004/T006_004_IC02.wav
Converting /autofs/diamond2/share/corpus/CEJC/data/T006/T006_004/T006_004_IC03.wav to /autofs/diamond2/share/corpus/CEJC_16bit16kHz/data/T006/T006_004/T006_004_IC03.wav
Converting /autofs/diamond2/share/corpus/CEJC/data/T006/T006_004/T006_004_IC04.wav to /autofs/diamond2/share/corpus/CEJC_16bit16kHz/data/T006/T006_004/T006_004_IC04.wav
Converting /autofs/diamond2/share/corpus/CEJC/data/T006/T006_004/T006_004_IC05.wav to /autofs/diamond2/share/corpus/CEJC_16bit16kHz/data/T006/T006_004/T006_004_IC05.wav
Converting /autofs/diamond2/share/corpus/CEJC/data/T006/T006_004/T006_004_IC0A.wav to /autofs/diamond2/share/corpus/CEJC_16bit16kHz/data/T006/T006_004/T006_004_IC0A.wav
Converting /autofs/diamond2/share/corpus/CEJC/data/T006/T006_004/T006_004_IC0B.wav to /autofs/diamond2/share/corpus/CEJC_16bit16kHz/data/T006/T006_004/T006_004_IC0B.wav
Converting /autofs/diamond2/share/corpus/CEJC/data/T006/T006_005/T006_005_IC01.wav to /autofs/diamond2/share/corpus/CEJC_16bit16kHz/data/T006/T006_005/T006_005_IC01.wav
Converting /autofs/diamond2/share/corpus/CEJC/data/T006/T006_005/T006_005_IC02.wav to /autofs/diamond2/share/corpus/CEJC_16bit16kHz/data/T006/T006_005/T006_005_IC02.wav
Converting /autofs/diamond2/share/corpus/CEJC/data/T006/T006_005/T006_005_IC0B.wav to /autofs/diamond2/share/corpus/CEJC_16bit16kHz/data/T006/T006_005/T006_005_IC0B.wav
Converting /autofs/diamond2/share/corpus/CEJC/data/T006/T006_006/T006_006a_IC01.wav to /autofs/diamond2/share/corpus/CEJC_16bit16kHz/data/T006/T006_006/T006_006a_IC01.wav
Converting /autofs/diamond2/share/corpus/CEJC/data/T006/T006_006/T006_006a_IC02.wav to /autofs/diamond2/share/corpus/CEJC_16bit16kHz/data/T006/T006_006/T006_006a_IC02.wav
Converting /autofs/diamond2/share/corpus/CEJC/data/T006/T006_006/T006_006a_IC03.wav to /autofs/diamond2/share/corpus/CEJC_16bit16kHz/data/T006/T006_006/T006_006a_IC03.wav
Converting /autofs/diamond2/share/corpus/CEJC/data/T006/T006_006/T006_006a_IC0A.wav to /autofs/diamond2/share/corpus/CEJC_16bit16kHz/data/T006/T006_006/T006_006a_IC0A.wav
Converting /autofs/diamond2/share/corpus/CEJC/data/T006/T006_006/T006_006b_IC01.wav to /autofs/diamond2/share/corpus/CEJC_16bit16kHz/data/T006/T006_006/T006_006b_IC01.wav
Converting /autofs/diamond2/share/corpus/CEJC/data/T006/T006_006/T006_006b_IC02.wav to /autofs/diamond2/share/corpus/CEJC_16bit16kHz/data/T006/T006_006/T006_006b_IC02.wav
Converting /autofs/diamond2/share/corpus/CEJC/data/T006/T006_006/T006_006b_IC03.wav to /autofs/diamond2/share/corpus/CEJC_16bit16kHz/data/T006/T006_006/T006_006b_IC03.wav
Converting /autofs/diamond2/share/corpus/CEJC/data/T006/T006_006/T006_006b_IC0A.wav to /autofs/diamond2/share/corpus/CEJC_16bit16kHz/data/T006/T006_006/T006_006b_IC0A.wav
Converting /autofs/diamond2/share/corpus/CEJC/data/T006/T006_008/T006_008a_IC01.wav to /autofs/diamond2/share/corpus/CEJC_16bit16kHz/data/T006/T006_008/T006_008a_IC01.wav
Converting /autofs/diamond2/share/corpus/CEJC/data/T006/T006_008/T006_008a_IC02.wav to /autofs/diamond2/share/corpus/CEJC_16bit16kHz/data/T006/T006_008/T006_008a_IC02.wav
Converting /autofs/diamond2/share/corpus/CEJC/data/T006/T006_008/T006_008a_IC03.wav to /autofs/diamond2/share/corpus/CEJC_16bit16kHz/data/T006/T006_008/T006_008a_IC03.wav
Converting /autofs/diamond2/share/corpus/CEJC/data/T006/T006_008/T006_008a_IC04.wav to /autofs/diamond2/share/corpus/CEJC_16bit16kHz/data/T006/T006_008/T006_008a_IC04.wav
Converting /autofs/diamond2/share/corpus/CEJC/data/T006/T006_008/T006_008a_IC0A.wav to /autofs/diamond2/share/corpus/CEJC_16bit16kHz/data/T006/T006_008/T006_008a_IC0A.wav
Converting /autofs/diamond2/share/corpus/CEJC/data/T006/T006_008/T006_008a_IC0B.wav to /autofs/diamond2/share/corpus/CEJC_16bit16kHz/data/T006/T006_008/T006_008a_IC0B.wav
Converting /autofs/diamond2/share/corpus/CEJC/data/T006/T006_008/T006_008b_IC01.wav to /autofs/diamond2/share/corpus/CEJC_16bit16kHz/data/T006/T006_008/T006_008b_IC01.wav
Converting /autofs/diamond2/share/corpus/CEJC/data/T006/T006_008/T006_008b_IC02.wav to /autofs/diamond2/share/corpus/CEJC_16bit16kHz/data/T006/T006_008/T006_008b_IC02.wav
Converting /autofs/diamond2/share/corpus/CEJC/data/T006/T006_008/T006_008b_IC03.wav to /autofs/diamond2/share/corpus/CEJC_16bit16kHz/data/T006/T006_008/T006_008b_IC03.wav
Converting /autofs/diamond2/share/corpus/CEJC/data/T006/T006_008/T006_008b_IC04.wav to /autofs/diamond2/share/corpus/CEJC_16bit16kHz/data/T006/T006_008/T006_008b_IC04.wav
Converting /autofs/diamond2/share/corpus/CEJC/data/T006/T006_008/T006_008b_IC0A.wav to /autofs/diamond2/share/corpus/CEJC_16bit16kHz/data/T006/T006_008/T006_008b_IC0A.wav
Converting /autofs/diamond2/share/corpus/CEJC/data/T006/T006_008/T006_008b_IC0B.wav to /autofs/diamond2/share/corpus/CEJC_16bit16kHz/data/T006/T006_008/T006_008b_IC0B.wav
Converting /autofs/diamond2/share/corpus/CEJC/data/T006/T006_009/T006_009_IC01.wav to /autofs/diamond2/share/corpus/CEJC_16bit16kHz/data/T006/T006_009/T006_009_IC01.wav
Converting /autofs/diamond2/share/corpus/CEJC/data/T006/T006_009/T006_009_IC02.wav to /autofs/diamond2/share/corpus/CEJC_16bit16kHz/data/T006/T006_009/T006_009_IC02.wav
Converting /autofs/diamond2/share/corpus/CEJC/data/T006/T006_009/T006_009_IC0A.wav to /autofs/diamond2/share/corpus/CEJC_16bit16kHz/data/T006/T006_009/T006_009_IC0A.wav
Converting /autofs/diamond2/share/corpus/CEJC/data/T006/T006_009/T006_009_IC0B.wav to /autofs/diamond2/share/corpus/CEJC_16bit16kHz/data/T006/T006_009/T006_009_IC0B.wav
Converting /autofs/diamond2/share/corpus/CEJC/data/T007/T007_004/T007_004_IC01.wav to /autofs/diamond2/share/corpus/CEJC_16bit16kHz/data/T007/T007_004/T007_004_IC01.wav
Converting /autofs/diamond2/share/corpus/CEJC/data/T007/T007_004/T007_004_IC02.wav to /autofs/diamond2/share/corpus/CEJC_16bit16kHz/data/T007/T007_004/T007_004_IC02.wav
Converting /autofs/diamond2/share/corpus/CEJC/data/T007/T007_004/T007_004_IC0A.wav to /autofs/diamond2/share/corpus/CEJC_16bit16kHz/data/T007/T007_004/T007_004_IC0A.wav
Converting /autofs/diamond2/share/corpus/CEJC/data/T007/T007_004/T007_004_IC0B.wav to /autofs/diamond2/share/corpus/CEJC_16bit16kHz/data/T007/T007_004/T007_004_IC0B.wav
Converting /autofs/diamond2/share/corpus/CEJC/data/T007/T007_005/T007_005a_IC02.wav to /autofs/diamond2/share/corpus/CEJC_16bit16kHz/data/T007/T007_005/T007_005a_IC02.wav
Converting /autofs/diamond2/share/corpus/CEJC/data/T007/T007_005/T007_005a_IC03.wav to /autofs/diamond2/share/corpus/CEJC_16bit16kHz/data/T007/T007_005/T007_005a_IC03.wav
Converting /autofs/diamond2/share/corpus/CEJC/data/T007/T007_005/T007_005a_IC0A.wav to /autofs/diamond2/share/corpus/CEJC_16bit16kHz/data/T007/T007_005/T007_005a_IC0A.wav
Converting /autofs/diamond2/share/corpus/CEJC/data/T007/T007_005/T007_005b_IC02.wav to /autofs/diamond2/share/corpus/CEJC_16bit16kHz/data/T007/T007_005/T007_005b_IC02.wav
Converting /autofs/diamond2/share/corpus/CEJC/data/T007/T007_005/T007_005b_IC03.wav to /autofs/diamond2/share/corpus/CEJC_16bit16kHz/data/T007/T007_005/T007_005b_IC03.wav
Converting /autofs/diamond2/share/corpus/CEJC/data/T007/T007_005/T007_005b_IC0A.wav to /autofs/diamond2/share/corpus/CEJC_16bit16kHz/data/T007/T007_005/T007_005b_IC0A.wav
Converting /autofs/diamond2/share/corpus/CEJC/data/T007/T007_006/T007_006_IC01.wav to /autofs/diamond2/share/corpus/CEJC_16bit16kHz/data/T007/T007_006/T007_006_IC01.wav
Converting /autofs/diamond2/share/corpus/CEJC/data/T007/T007_006/T007_006_IC03.wav to /autofs/diamond2/share/corpus/CEJC_16bit16kHz/data/T007/T007_006/T007_006_IC03.wav
Converting /autofs/diamond2/share/corpus/CEJC/data/T007/T007_006/T007_006_IC04.wav to /autofs/diamond2/share/corpus/CEJC_16bit16kHz/data/T007/T007_006/T007_006_IC04.wav
Converting /autofs/diamond2/share/corpus/CEJC/data/T007/T007_006/T007_006_IC0A.wav to /autofs/diamond2/share/corpus/CEJC_16bit16kHz/data/T007/T007_006/T007_006_IC0A.wav
Converting /autofs/diamond2/share/corpus/CEJC/data/T007/T007_007/T007_007_IC01.wav to /autofs/diamond2/share/corpus/CEJC_16bit16kHz/data/T007/T007_007/T007_007_IC01.wav
sox WARN rate: rate clipped 35 samples; decrease volume?
sox WARN dither: dither clipped 31 samples; decrease volume?
Converting /autofs/diamond2/share/corpus/CEJC/data/T007/T007_007/T007_007_IC02.wav to /autofs/diamond2/share/corpus/CEJC_16bit16kHz/data/T007/T007_007/T007_007_IC02.wav
sox WARN rate: rate clipped 134 samples; decrease volume?
sox WARN dither: dither clipped 116 samples; decrease volume?
Converting /autofs/diamond2/share/corpus/CEJC/data/T007/T007_007/T007_007_IC03.wav to /autofs/diamond2/share/corpus/CEJC_16bit16kHz/data/T007/T007_007/T007_007_IC03.wav
sox WARN rate: rate clipped 190 samples; decrease volume?
sox WARN dither: dither clipped 205 samples; decrease volume?
Converting /autofs/diamond2/share/corpus/CEJC/data/T007/T007_007/T007_007_IC04.wav to /autofs/diamond2/share/corpus/CEJC_16bit16kHz/data/T007/T007_007/T007_007_IC04.wav
Converting /autofs/diamond2/share/corpus/CEJC/data/T007/T007_007/T007_007_IC05.wav to /autofs/diamond2/share/corpus/CEJC_16bit16kHz/data/T007/T007_007/T007_007_IC05.wav
sox WARN rate: rate clipped 169 samples; decrease volume?
sox WARN dither: dither clipped 155 samples; decrease volume?
Converting /autofs/diamond2/share/corpus/CEJC/data/T007/T007_007/T007_007_IC06.wav to /autofs/diamond2/share/corpus/CEJC_16bit16kHz/data/T007/T007_007/T007_007_IC06.wav
sox WARN rate: rate clipped 301 samples; decrease volume?
sox WARN dither: dither clipped 326 samples; decrease volume?
Converting /autofs/diamond2/share/corpus/CEJC/data/T007/T007_007/T007_007_IC07.wav to /autofs/diamond2/share/corpus/CEJC_16bit16kHz/data/T007/T007_007/T007_007_IC07.wav
sox WARN rate: rate clipped 123 samples; decrease volume?
sox WARN dither: dither clipped 114 samples; decrease volume?
Converting /autofs/diamond2/share/corpus/CEJC/data/T007/T007_007/T007_007_IC08.wav to /autofs/diamond2/share/corpus/CEJC_16bit16kHz/data/T007/T007_007/T007_007_IC08.wav
sox WARN rate: rate clipped 145 samples; decrease volume?
sox WARN dither: dither clipped 136 samples; decrease volume?
Converting /autofs/diamond2/share/corpus/CEJC/data/T007/T007_007/T007_007_IC0A.wav to /autofs/diamond2/share/corpus/CEJC_16bit16kHz/data/T007/T007_007/T007_007_IC0A.wav
sox WARN rate: rate clipped 321 samples; decrease volume?
sox WARN dither: dither clipped 285 samples; decrease volume?
Converting /autofs/diamond2/share/corpus/CEJC/data/T007/T007_009/T007_009_IC01.wav to /autofs/diamond2/share/corpus/CEJC_16bit16kHz/data/T007/T007_009/T007_009_IC01.wav
Converting /autofs/diamond2/share/corpus/CEJC/data/T007/T007_009/T007_009_IC02.wav to /autofs/diamond2/share/corpus/CEJC_16bit16kHz/data/T007/T007_009/T007_009_IC02.wav
Converting /autofs/diamond2/share/corpus/CEJC/data/T007/T007_009/T007_009_IC0A.wav to /autofs/diamond2/share/corpus/CEJC_16bit16kHz/data/T007/T007_009/T007_009_IC0A.wav
Converting /autofs/diamond2/share/corpus/CEJC/data/T007/T007_010/T007_010_IC01.wav to /autofs/diamond2/share/corpus/CEJC_16bit16kHz/data/T007/T007_010/T007_010_IC01.wav
Converting /autofs/diamond2/share/corpus/CEJC/data/T007/T007_010/T007_010_IC04.wav to /autofs/diamond2/share/corpus/CEJC_16bit16kHz/data/T007/T007_010/T007_010_IC04.wav
Converting /autofs/diamond2/share/corpus/CEJC/data/T007/T007_010/T007_010_IC0B.wav to /autofs/diamond2/share/corpus/CEJC_16bit16kHz/data/T007/T007_010/T007_010_IC0B.wav
Converting /autofs/diamond2/share/corpus/CEJC/data/T007/T007_014/T007_014a_IC01.wav to /autofs/diamond2/share/corpus/CEJC_16bit16kHz/data/T007/T007_014/T007_014a_IC01.wav
Converting /autofs/diamond2/share/corpus/CEJC/data/T007/T007_014/T007_014a_IC02.wav to /autofs/diamond2/share/corpus/CEJC_16bit16kHz/data/T007/T007_014/T007_014a_IC02.wav
Converting /autofs/diamond2/share/corpus/CEJC/data/T007/T007_014/T007_014a_IC03.wav to /autofs/diamond2/share/corpus/CEJC_16bit16kHz/data/T007/T007_014/T007_014a_IC03.wav
Converting /autofs/diamond2/share/corpus/CEJC/data/T007/T007_014/T007_014a_IC04.wav to /autofs/diamond2/share/corpus/CEJC_16bit16kHz/data/T007/T007_014/T007_014a_IC04.wav
Converting /autofs/diamond2/share/corpus/CEJC/data/T007/T007_014/T007_014a_IC0A.wav to /autofs/diamond2/share/corpus/CEJC_16bit16kHz/data/T007/T007_014/T007_014a_IC0A.wav
Converting /autofs/diamond2/share/corpus/CEJC/data/T007/T007_014/T007_014b_IC01.wav to /autofs/diamond2/share/corpus/CEJC_16bit16kHz/data/T007/T007_014/T007_014b_IC01.wav
Converting /autofs/diamond2/share/corpus/CEJC/data/T007/T007_014/T007_014b_IC02.wav to /autofs/diamond2/share/corpus/CEJC_16bit16kHz/data/T007/T007_014/T007_014b_IC02.wav
Converting /autofs/diamond2/share/corpus/CEJC/data/T007/T007_014/T007_014b_IC03.wav to /autofs/diamond2/share/corpus/CEJC_16bit16kHz/data/T007/T007_014/T007_014b_IC03.wav
Converting /autofs/diamond2/share/corpus/CEJC/data/T007/T007_014/T007_014b_IC04.wav to /autofs/diamond2/share/corpus/CEJC_16bit16kHz/data/T007/T007_014/T007_014b_IC04.wav
Converting /autofs/diamond2/share/corpus/CEJC/data/T007/T007_014/T007_014b_IC0A.wav to /autofs/diamond2/share/corpus/CEJC_16bit16kHz/data/T007/T007_014/T007_014b_IC0A.wav
Converting /autofs/diamond2/share/corpus/CEJC/data/T007/T007_014/T007_014c_IC01.wav to /autofs/diamond2/share/corpus/CEJC_16bit16kHz/data/T007/T007_014/T007_014c_IC01.wav
Converting /autofs/diamond2/share/corpus/CEJC/data/T007/T007_014/T007_014c_IC02.wav to /autofs/diamond2/share/corpus/CEJC_16bit16kHz/data/T007/T007_014/T007_014c_IC02.wav
Converting /autofs/diamond2/share/corpus/CEJC/data/T007/T007_014/T007_014c_IC03.wav to /autofs/diamond2/share/corpus/CEJC_16bit16kHz/data/T007/T007_014/T007_014c_IC03.wav
Converting /autofs/diamond2/share/corpus/CEJC/data/T007/T007_014/T007_014c_IC04.wav to /autofs/diamond2/share/corpus/CEJC_16bit16kHz/data/T007/T007_014/T007_014c_IC04.wav
Converting /autofs/diamond2/share/corpus/CEJC/data/T007/T007_014/T007_014c_IC0A.wav to /autofs/diamond2/share/corpus/CEJC_16bit16kHz/data/T007/T007_014/T007_014c_IC0A.wav
Converting /autofs/diamond2/share/corpus/CEJC/data/T007/T007_015/T007_015_IC01.wav to /autofs/diamond2/share/corpus/CEJC_16bit16kHz/data/T007/T007_015/T007_015_IC01.wav
Converting /autofs/diamond2/share/corpus/CEJC/data/T007/T007_015/T007_015_IC02.wav to /autofs/diamond2/share/corpus/CEJC_16bit16kHz/data/T007/T007_015/T007_015_IC02.wav
Converting /autofs/diamond2/share/corpus/CEJC/data/T007/T007_015/T007_015_IC03.wav to /autofs/diamond2/share/corpus/CEJC_16bit16kHz/data/T007/T007_015/T007_015_IC03.wav
Converting /autofs/diamond2/share/corpus/CEJC/data/T007/T007_015/T007_015_IC0B.wav to /autofs/diamond2/share/corpus/CEJC_16bit16kHz/data/T007/T007_015/T007_015_IC0B.wav
sox WARN rate: rate clipped 1 samples; decrease volume?
sox WARN dither: dither clipped 1 samples; decrease volume?
Converting /autofs/diamond2/share/corpus/CEJC/data/T007/T007_016/T007_016a_IC01.wav to /autofs/diamond2/share/corpus/CEJC_16bit16kHz/data/T007/T007_016/T007_016a_IC01.wav
Converting /autofs/diamond2/share/corpus/CEJC/data/T007/T007_016/T007_016a_IC02.wav to /autofs/diamond2/share/corpus/CEJC_16bit16kHz/data/T007/T007_016/T007_016a_IC02.wav
Converting /autofs/diamond2/share/corpus/CEJC/data/T007/T007_016/T007_016a_IC0A.wav to /autofs/diamond2/share/corpus/CEJC_16bit16kHz/data/T007/T007_016/T007_016a_IC0A.wav
Converting /autofs/diamond2/share/corpus/CEJC/data/T007/T007_016/T007_016b_IC01.wav to /autofs/diamond2/share/corpus/CEJC_16bit16kHz/data/T007/T007_016/T007_016b_IC01.wav
Converting /autofs/diamond2/share/corpus/CEJC/data/T007/T007_016/T007_016b_IC02.wav to /autofs/diamond2/share/corpus/CEJC_16bit16kHz/data/T007/T007_016/T007_016b_IC02.wav
Converting /autofs/diamond2/share/corpus/CEJC/data/T007/T007_016/T007_016b_IC0A.wav to /autofs/diamond2/share/corpus/CEJC_16bit16kHz/data/T007/T007_016/T007_016b_IC0A.wav
Converting /autofs/diamond2/share/corpus/CEJC/data/T007/T007_017/T007_017_IC01.wav to /autofs/diamond2/share/corpus/CEJC_16bit16kHz/data/T007/T007_017/T007_017_IC01.wav
Converting /autofs/diamond2/share/corpus/CEJC/data/T007/T007_017/T007_017_IC02.wav to /autofs/diamond2/share/corpus/CEJC_16bit16kHz/data/T007/T007_017/T007_017_IC02.wav
Converting /autofs/diamond2/share/corpus/CEJC/data/T007/T007_017/T007_017_IC03.wav to /autofs/diamond2/share/corpus/CEJC_16bit16kHz/data/T007/T007_017/T007_017_IC03.wav
Converting /autofs/diamond2/share/corpus/CEJC/data/T007/T007_017/T007_017_IC04.wav to /autofs/diamond2/share/corpus/CEJC_16bit16kHz/data/T007/T007_017/T007_017_IC04.wav
Converting /autofs/diamond2/share/corpus/CEJC/data/T007/T007_017/T007_017_IC0A.wav to /autofs/diamond2/share/corpus/CEJC_16bit16kHz/data/T007/T007_017/T007_017_IC0A.wav
Converting /autofs/diamond2/share/corpus/CEJC/data/T008/T008_003/T008_003_IC01.wav to /autofs/diamond2/share/corpus/CEJC_16bit16kHz/data/T008/T008_003/T008_003_IC01.wav
Converting /autofs/diamond2/share/corpus/CEJC/data/T008/T008_003/T008_003_IC02.wav to /autofs/diamond2/share/corpus/CEJC_16bit16kHz/data/T008/T008_003/T008_003_IC02.wav
Converting /autofs/diamond2/share/corpus/CEJC/data/T008/T008_003/T008_003_IC0A.wav to /autofs/diamond2/share/corpus/CEJC_16bit16kHz/data/T008/T008_003/T008_003_IC0A.wav
Converting /autofs/diamond2/share/corpus/CEJC/data/T008/T008_004/T008_004_IC01.wav to /autofs/diamond2/share/corpus/CEJC_16bit16kHz/data/T008/T008_004/T008_004_IC01.wav
Converting /autofs/diamond2/share/corpus/CEJC/data/T008/T008_004/T008_004_IC02.wav to /autofs/diamond2/share/corpus/CEJC_16bit16kHz/data/T008/T008_004/T008_004_IC02.wav
Converting /autofs/diamond2/share/corpus/CEJC/data/T008/T008_004/T008_004_IC0A.wav to /autofs/diamond2/share/corpus/CEJC_16bit16kHz/data/T008/T008_004/T008_004_IC0A.wav
Converting /autofs/diamond2/share/corpus/CEJC/data/T008/T008_005/T008_005a_IC01.wav to /autofs/diamond2/share/corpus/CEJC_16bit16kHz/data/T008/T008_005/T008_005a_IC01.wav
Converting /autofs/diamond2/share/corpus/CEJC/data/T008/T008_005/T008_005a_IC03.wav to /autofs/diamond2/share/corpus/CEJC_16bit16kHz/data/T008/T008_005/T008_005a_IC03.wav
Converting /autofs/diamond2/share/corpus/CEJC/data/T008/T008_005/T008_005a_IC0A.wav to /autofs/diamond2/share/corpus/CEJC_16bit16kHz/data/T008/T008_005/T008_005a_IC0A.wav
Converting /autofs/diamond2/share/corpus/CEJC/data/T008/T008_005/T008_005b_IC01.wav to /autofs/diamond2/share/corpus/CEJC_16bit16kHz/data/T008/T008_005/T008_005b_IC01.wav
Converting /autofs/diamond2/share/corpus/CEJC/data/T008/T008_005/T008_005b_IC03.wav to /autofs/diamond2/share/corpus/CEJC_16bit16kHz/data/T008/T008_005/T008_005b_IC03.wav
Converting /autofs/diamond2/share/corpus/CEJC/data/T008/T008_005/T008_005b_IC0A.wav to /autofs/diamond2/share/corpus/CEJC_16bit16kHz/data/T008/T008_005/T008_005b_IC0A.wav
Converting /autofs/diamond2/share/corpus/CEJC/data/T008/T008_005/T008_005c_IC01.wav to /autofs/diamond2/share/corpus/CEJC_16bit16kHz/data/T008/T008_005/T008_005c_IC01.wav
Converting /autofs/diamond2/share/corpus/CEJC/data/T008/T008_005/T008_005c_IC03.wav to /autofs/diamond2/share/corpus/CEJC_16bit16kHz/data/T008/T008_005/T008_005c_IC03.wav
Converting /autofs/diamond2/share/corpus/CEJC/data/T008/T008_005/T008_005c_IC0A.wav to /autofs/diamond2/share/corpus/CEJC_16bit16kHz/data/T008/T008_005/T008_005c_IC0A.wav
Converting /autofs/diamond2/share/corpus/CEJC/data/T008/T008_006/T008_006_IC01.wav to /autofs/diamond2/share/corpus/CEJC_16bit16kHz/data/T008/T008_006/T008_006_IC01.wav
Converting /autofs/diamond2/share/corpus/CEJC/data/T008/T008_006/T008_006_IC02.wav to /autofs/diamond2/share/corpus/CEJC_16bit16kHz/data/T008/T008_006/T008_006_IC02.wav
Converting /autofs/diamond2/share/corpus/CEJC/data/T008/T008_006/T008_006_IC03.wav to /autofs/diamond2/share/corpus/CEJC_16bit16kHz/data/T008/T008_006/T008_006_IC03.wav
Converting /autofs/diamond2/share/corpus/CEJC/data/T008/T008_006/T008_006_IC04.wav to /autofs/diamond2/share/corpus/CEJC_16bit16kHz/data/T008/T008_006/T008_006_IC04.wav
Converting /autofs/diamond2/share/corpus/CEJC/data/T008/T008_006/T008_006_IC05.wav to /autofs/diamond2/share/corpus/CEJC_16bit16kHz/data/T008/T008_006/T008_006_IC05.wav
Converting /autofs/diamond2/share/corpus/CEJC/data/T008/T008_006/T008_006_IC06.wav to /autofs/diamond2/share/corpus/CEJC_16bit16kHz/data/T008/T008_006/T008_006_IC06.wav
Converting /autofs/diamond2/share/corpus/CEJC/data/T008/T008_006/T008_006_IC0A.wav to /autofs/diamond2/share/corpus/CEJC_16bit16kHz/data/T008/T008_006/T008_006_IC0A.wav
Converting /autofs/diamond2/share/corpus/CEJC/data/T008/T008_008/T008_008_IC01.wav to /autofs/diamond2/share/corpus/CEJC_16bit16kHz/data/T008/T008_008/T008_008_IC01.wav
Converting /autofs/diamond2/share/corpus/CEJC/data/T008/T008_008/T008_008_IC03.wav to /autofs/diamond2/share/corpus/CEJC_16bit16kHz/data/T008/T008_008/T008_008_IC03.wav
Converting /autofs/diamond2/share/corpus/CEJC/data/T008/T008_008/T008_008_IC0A.wav to /autofs/diamond2/share/corpus/CEJC_16bit16kHz/data/T008/T008_008/T008_008_IC0A.wav
Converting /autofs/diamond2/share/corpus/CEJC/data/T008/T008_009/T008_009_IC01.wav to /autofs/diamond2/share/corpus/CEJC_16bit16kHz/data/T008/T008_009/T008_009_IC01.wav
Converting /autofs/diamond2/share/corpus/CEJC/data/T008/T008_009/T008_009_IC02.wav to /autofs/diamond2/share/corpus/CEJC_16bit16kHz/data/T008/T008_009/T008_009_IC02.wav
Converting /autofs/diamond2/share/corpus/CEJC/data/T008/T008_009/T008_009_IC0A.wav to /autofs/diamond2/share/corpus/CEJC_16bit16kHz/data/T008/T008_009/T008_009_IC0A.wav
Converting /autofs/diamond2/share/corpus/CEJC/data/T008/T008_010/T008_010_IC01.wav to /autofs/diamond2/share/corpus/CEJC_16bit16kHz/data/T008/T008_010/T008_010_IC01.wav
Converting /autofs/diamond2/share/corpus/CEJC/data/T008/T008_010/T008_010_IC03.wav to /autofs/diamond2/share/corpus/CEJC_16bit16kHz/data/T008/T008_010/T008_010_IC03.wav
Converting /autofs/diamond2/share/corpus/CEJC/data/T008/T008_010/T008_010_IC0B.wav to /autofs/diamond2/share/corpus/CEJC_16bit16kHz/data/T008/T008_010/T008_010_IC0B.wav
Converting /autofs/diamond2/share/corpus/CEJC/data/T008/T008_011/T008_011_IC01.wav to /autofs/diamond2/share/corpus/CEJC_16bit16kHz/data/T008/T008_011/T008_011_IC01.wav
Converting /autofs/diamond2/share/corpus/CEJC/data/T008/T008_011/T008_011_IC03.wav to /autofs/diamond2/share/corpus/CEJC_16bit16kHz/data/T008/T008_011/T008_011_IC03.wav
Converting /autofs/diamond2/share/corpus/CEJC/data/T008/T008_011/T008_011_IC0A.wav to /autofs/diamond2/share/corpus/CEJC_16bit16kHz/data/T008/T008_011/T008_011_IC0A.wav
Converting /autofs/diamond2/share/corpus/CEJC/data/T008/T008_011/T008_011_IC0B.wav to /autofs/diamond2/share/corpus/CEJC_16bit16kHz/data/T008/T008_011/T008_011_IC0B.wav
Converting /autofs/diamond2/share/corpus/CEJC/data/T008/T008_013/T008_013_IC01.wav to /autofs/diamond2/share/corpus/CEJC_16bit16kHz/data/T008/T008_013/T008_013_IC01.wav
Converting /autofs/diamond2/share/corpus/CEJC/data/T008/T008_013/T008_013_IC02.wav to /autofs/diamond2/share/corpus/CEJC_16bit16kHz/data/T008/T008_013/T008_013_IC02.wav
Converting /autofs/diamond2/share/corpus/CEJC/data/T008/T008_013/T008_013_IC0A.wav to /autofs/diamond2/share/corpus/CEJC_16bit16kHz/data/T008/T008_013/T008_013_IC0A.wav
Converting /autofs/diamond2/share/corpus/CEJC/data/T008/T008_014/T008_014a_IC01.wav to /autofs/diamond2/share/corpus/CEJC_16bit16kHz/data/T008/T008_014/T008_014a_IC01.wav
Converting /autofs/diamond2/share/corpus/CEJC/data/T008/T008_014/T008_014a_IC03.wav to /autofs/diamond2/share/corpus/CEJC_16bit16kHz/data/T008/T008_014/T008_014a_IC03.wav
Converting /autofs/diamond2/share/corpus/CEJC/data/T008/T008_014/T008_014a_IC0A.wav to /autofs/diamond2/share/corpus/CEJC_16bit16kHz/data/T008/T008_014/T008_014a_IC0A.wav
Converting /autofs/diamond2/share/corpus/CEJC/data/T008/T008_014/T008_014a_IC0B.wav to /autofs/diamond2/share/corpus/CEJC_16bit16kHz/data/T008/T008_014/T008_014a_IC0B.wav
Converting /autofs/diamond2/share/corpus/CEJC/data/T008/T008_014/T008_014b_IC01.wav to /autofs/diamond2/share/corpus/CEJC_16bit16kHz/data/T008/T008_014/T008_014b_IC01.wav
Converting /autofs/diamond2/share/corpus/CEJC/data/T008/T008_014/T008_014b_IC03.wav to /autofs/diamond2/share/corpus/CEJC_16bit16kHz/data/T008/T008_014/T008_014b_IC03.wav
Converting /autofs/diamond2/share/corpus/CEJC/data/T008/T008_014/T008_014b_IC0A.wav to /autofs/diamond2/share/corpus/CEJC_16bit16kHz/data/T008/T008_014/T008_014b_IC0A.wav
Converting /autofs/diamond2/share/corpus/CEJC/data/T008/T008_014/T008_014b_IC0B.wav to /autofs/diamond2/share/corpus/CEJC_16bit16kHz/data/T008/T008_014/T008_014b_IC0B.wav
Converting /autofs/diamond2/share/corpus/CEJC/data/T008/T008_017/T008_017a_IC01.wav to /autofs/diamond2/share/corpus/CEJC_16bit16kHz/data/T008/T008_017/T008_017a_IC01.wav
Converting /autofs/diamond2/share/corpus/CEJC/data/T008/T008_017/T008_017a_IC03.wav to /autofs/diamond2/share/corpus/CEJC_16bit16kHz/data/T008/T008_017/T008_017a_IC03.wav
Converting /autofs/diamond2/share/corpus/CEJC/data/T008/T008_017/T008_017a_IC04.wav to /autofs/diamond2/share/corpus/CEJC_16bit16kHz/data/T008/T008_017/T008_017a_IC04.wav
Converting /autofs/diamond2/share/corpus/CEJC/data/T008/T008_017/T008_017a_IC0A.wav to /autofs/diamond2/share/corpus/CEJC_16bit16kHz/data/T008/T008_017/T008_017a_IC0A.wav
Converting /autofs/diamond2/share/corpus/CEJC/data/T008/T008_017/T008_017b_IC01.wav to /autofs/diamond2/share/corpus/CEJC_16bit16kHz/data/T008/T008_017/T008_017b_IC01.wav
Converting /autofs/diamond2/share/corpus/CEJC/data/T008/T008_017/T008_017b_IC03.wav to /autofs/diamond2/share/corpus/CEJC_16bit16kHz/data/T008/T008_017/T008_017b_IC03.wav
Converting /autofs/diamond2/share/corpus/CEJC/data/T008/T008_017/T008_017b_IC04.wav to /autofs/diamond2/share/corpus/CEJC_16bit16kHz/data/T008/T008_017/T008_017b_IC04.wav
Converting /autofs/diamond2/share/corpus/CEJC/data/T008/T008_017/T008_017b_IC0A.wav to /autofs/diamond2/share/corpus/CEJC_16bit16kHz/data/T008/T008_017/T008_017b_IC0A.wav
Converting /autofs/diamond2/share/corpus/CEJC/data/T008/T008_019/T008_019a_IC01.wav to /autofs/diamond2/share/corpus/CEJC_16bit16kHz/data/T008/T008_019/T008_019a_IC01.wav
Converting /autofs/diamond2/share/corpus/CEJC/data/T008/T008_019/T008_019a_IC05.wav to /autofs/diamond2/share/corpus/CEJC_16bit16kHz/data/T008/T008_019/T008_019a_IC05.wav
Converting /autofs/diamond2/share/corpus/CEJC/data/T008/T008_019/T008_019a_IC0A.wav to /autofs/diamond2/share/corpus/CEJC_16bit16kHz/data/T008/T008_019/T008_019a_IC0A.wav
Converting /autofs/diamond2/share/corpus/CEJC/data/T008/T008_019/T008_019a_IC0B.wav to /autofs/diamond2/share/corpus/CEJC_16bit16kHz/data/T008/T008_019/T008_019a_IC0B.wav
Converting /autofs/diamond2/share/corpus/CEJC/data/T008/T008_019/T008_019b_IC01.wav to /autofs/diamond2/share/corpus/CEJC_16bit16kHz/data/T008/T008_019/T008_019b_IC01.wav
Converting /autofs/diamond2/share/corpus/CEJC/data/T008/T008_019/T008_019b_IC05.wav to /autofs/diamond2/share/corpus/CEJC_16bit16kHz/data/T008/T008_019/T008_019b_IC05.wav
Converting /autofs/diamond2/share/corpus/CEJC/data/T008/T008_019/T008_019b_IC0A.wav to /autofs/diamond2/share/corpus/CEJC_16bit16kHz/data/T008/T008_019/T008_019b_IC0A.wav
Converting /autofs/diamond2/share/corpus/CEJC/data/T008/T008_019/T008_019b_IC0B.wav to /autofs/diamond2/share/corpus/CEJC_16bit16kHz/data/T008/T008_019/T008_019b_IC0B.wav
Converting /autofs/diamond2/share/corpus/CEJC/data/T008/T008_020/T008_020_IC01.wav to /autofs/diamond2/share/corpus/CEJC_16bit16kHz/data/T008/T008_020/T008_020_IC01.wav
Converting /autofs/diamond2/share/corpus/CEJC/data/T008/T008_020/T008_020_IC02.wav to /autofs/diamond2/share/corpus/CEJC_16bit16kHz/data/T008/T008_020/T008_020_IC02.wav
Converting /autofs/diamond2/share/corpus/CEJC/data/T008/T008_020/T008_020_IC0B.wav to /autofs/diamond2/share/corpus/CEJC_16bit16kHz/data/T008/T008_020/T008_020_IC0B.wav
Converting /autofs/diamond2/share/corpus/CEJC/data/T008/T008_021/T008_021_IC01.wav to /autofs/diamond2/share/corpus/CEJC_16bit16kHz/data/T008/T008_021/T008_021_IC01.wav
Converting /autofs/diamond2/share/corpus/CEJC/data/T008/T008_021/T008_021_IC05.wav to /autofs/diamond2/share/corpus/CEJC_16bit16kHz/data/T008/T008_021/T008_021_IC05.wav
Converting /autofs/diamond2/share/corpus/CEJC/data/T008/T008_021/T008_021_IC0A.wav to /autofs/diamond2/share/corpus/CEJC_16bit16kHz/data/T008/T008_021/T008_021_IC0A.wav
Converting /autofs/diamond2/share/corpus/CEJC/data/T008/T008_022/T008_022a_IC01.wav to /autofs/diamond2/share/corpus/CEJC_16bit16kHz/data/T008/T008_022/T008_022a_IC01.wav
Converting /autofs/diamond2/share/corpus/CEJC/data/T008/T008_022/T008_022a_IC06.wav to /autofs/diamond2/share/corpus/CEJC_16bit16kHz/data/T008/T008_022/T008_022a_IC06.wav
Converting /autofs/diamond2/share/corpus/CEJC/data/T008/T008_022/T008_022a_IC0A.wav to /autofs/diamond2/share/corpus/CEJC_16bit16kHz/data/T008/T008_022/T008_022a_IC0A.wav
Converting /autofs/diamond2/share/corpus/CEJC/data/T008/T008_022/T008_022a_IC0B.wav to /autofs/diamond2/share/corpus/CEJC_16bit16kHz/data/T008/T008_022/T008_022a_IC0B.wav
Converting /autofs/diamond2/share/corpus/CEJC/data/T008/T008_022/T008_022b_IC01.wav to /autofs/diamond2/share/corpus/CEJC_16bit16kHz/data/T008/T008_022/T008_022b_IC01.wav
Converting /autofs/diamond2/share/corpus/CEJC/data/T008/T008_022/T008_022b_IC06.wav to /autofs/diamond2/share/corpus/CEJC_16bit16kHz/data/T008/T008_022/T008_022b_IC06.wav
Converting /autofs/diamond2/share/corpus/CEJC/data/T008/T008_022/T008_022b_IC0A.wav to /autofs/diamond2/share/corpus/CEJC_16bit16kHz/data/T008/T008_022/T008_022b_IC0A.wav
Converting /autofs/diamond2/share/corpus/CEJC/data/T008/T008_022/T008_022b_IC0B.wav to /autofs/diamond2/share/corpus/CEJC_16bit16kHz/data/T008/T008_022/T008_022b_IC0B.wav
Converting /autofs/diamond2/share/corpus/CEJC/data/T008/T008_022/T008_022c_IC01.wav to /autofs/diamond2/share/corpus/CEJC_16bit16kHz/data/T008/T008_022/T008_022c_IC01.wav
Converting /autofs/diamond2/share/corpus/CEJC/data/T008/T008_022/T008_022c_IC06.wav to /autofs/diamond2/share/corpus/CEJC_16bit16kHz/data/T008/T008_022/T008_022c_IC06.wav
Converting /autofs/diamond2/share/corpus/CEJC/data/T008/T008_022/T008_022c_IC0A.wav to /autofs/diamond2/share/corpus/CEJC_16bit16kHz/data/T008/T008_022/T008_022c_IC0A.wav
Converting /autofs/diamond2/share/corpus/CEJC/data/T008/T008_022/T008_022c_IC0B.wav to /autofs/diamond2/share/corpus/CEJC_16bit16kHz/data/T008/T008_022/T008_022c_IC0B.wav
Converting /autofs/diamond2/share/corpus/CEJC/data/T009/T009_001/T009_001_IC01.wav to /autofs/diamond2/share/corpus/CEJC_16bit16kHz/data/T009/T009_001/T009_001_IC01.wav
Converting /autofs/diamond2/share/corpus/CEJC/data/T009/T009_001/T009_001_IC02.wav to /autofs/diamond2/share/corpus/CEJC_16bit16kHz/data/T009/T009_001/T009_001_IC02.wav
Converting /autofs/diamond2/share/corpus/CEJC/data/T009/T009_001/T009_001_IC0A.wav to /autofs/diamond2/share/corpus/CEJC_16bit16kHz/data/T009/T009_001/T009_001_IC0A.wav
Converting /autofs/diamond2/share/corpus/CEJC/data/T009/T009_002/T009_002_IC01.wav to /autofs/diamond2/share/corpus/CEJC_16bit16kHz/data/T009/T009_002/T009_002_IC01.wav
Converting /autofs/diamond2/share/corpus/CEJC/data/T009/T009_002/T009_002_IC02.wav to /autofs/diamond2/share/corpus/CEJC_16bit16kHz/data/T009/T009_002/T009_002_IC02.wav
Converting /autofs/diamond2/share/corpus/CEJC/data/T009/T009_002/T009_002_IC0B.wav to /autofs/diamond2/share/corpus/CEJC_16bit16kHz/data/T009/T009_002/T009_002_IC0B.wav
Converting /autofs/diamond2/share/corpus/CEJC/data/T009/T009_003/T009_003_IC01.wav to /autofs/diamond2/share/corpus/CEJC_16bit16kHz/data/T009/T009_003/T009_003_IC01.wav
Converting /autofs/diamond2/share/corpus/CEJC/data/T009/T009_003/T009_003_IC02.wav to /autofs/diamond2/share/corpus/CEJC_16bit16kHz/data/T009/T009_003/T009_003_IC02.wav
Converting /autofs/diamond2/share/corpus/CEJC/data/T009/T009_003/T009_003_IC0A.wav to /autofs/diamond2/share/corpus/CEJC_16bit16kHz/data/T009/T009_003/T009_003_IC0A.wav
Converting /autofs/diamond2/share/corpus/CEJC/data/T009/T009_003/T009_003_IC0B.wav to /autofs/diamond2/share/corpus/CEJC_16bit16kHz/data/T009/T009_003/T009_003_IC0B.wav
Converting /autofs/diamond2/share/corpus/CEJC/data/T009/T009_004/T009_004_IC01.wav to /autofs/diamond2/share/corpus/CEJC_16bit16kHz/data/T009/T009_004/T009_004_IC01.wav
Converting /autofs/diamond2/share/corpus/CEJC/data/T009/T009_004/T009_004_IC02.wav to /autofs/diamond2/share/corpus/CEJC_16bit16kHz/data/T009/T009_004/T009_004_IC02.wav
Converting /autofs/diamond2/share/corpus/CEJC/data/T009/T009_004/T009_004_IC03.wav to /autofs/diamond2/share/corpus/CEJC_16bit16kHz/data/T009/T009_004/T009_004_IC03.wav
Converting /autofs/diamond2/share/corpus/CEJC/data/T009/T009_004/T009_004_IC04.wav to /autofs/diamond2/share/corpus/CEJC_16bit16kHz/data/T009/T009_004/T009_004_IC04.wav
Converting /autofs/diamond2/share/corpus/CEJC/data/T009/T009_004/T009_004_IC05.wav to /autofs/diamond2/share/corpus/CEJC_16bit16kHz/data/T009/T009_004/T009_004_IC05.wav
Converting /autofs/diamond2/share/corpus/CEJC/data/T009/T009_004/T009_004_IC0A.wav to /autofs/diamond2/share/corpus/CEJC_16bit16kHz/data/T009/T009_004/T009_004_IC0A.wav
Converting /autofs/diamond2/share/corpus/CEJC/data/T009/T009_004/T009_004_IC0B.wav to /autofs/diamond2/share/corpus/CEJC_16bit16kHz/data/T009/T009_004/T009_004_IC0B.wav
Converting /autofs/diamond2/share/corpus/CEJC/data/T009/T009_005/T009_005a_IC01.wav to /autofs/diamond2/share/corpus/CEJC_16bit16kHz/data/T009/T009_005/T009_005a_IC01.wav
Converting /autofs/diamond2/share/corpus/CEJC/data/T009/T009_005/T009_005a_IC02.wav to /autofs/diamond2/share/corpus/CEJC_16bit16kHz/data/T009/T009_005/T009_005a_IC02.wav
Converting /autofs/diamond2/share/corpus/CEJC/data/T009/T009_005/T009_005a_IC0A.wav to /autofs/diamond2/share/corpus/CEJC_16bit16kHz/data/T009/T009_005/T009_005a_IC0A.wav
Converting /autofs/diamond2/share/corpus/CEJC/data/T009/T009_005/T009_005b_IC01.wav to /autofs/diamond2/share/corpus/CEJC_16bit16kHz/data/T009/T009_005/T009_005b_IC01.wav
Converting /autofs/diamond2/share/corpus/CEJC/data/T009/T009_005/T009_005b_IC02.wav to /autofs/diamond2/share/corpus/CEJC_16bit16kHz/data/T009/T009_005/T009_005b_IC02.wav
Converting /autofs/diamond2/share/corpus/CEJC/data/T009/T009_005/T009_005b_IC0A.wav to /autofs/diamond2/share/corpus/CEJC_16bit16kHz/data/T009/T009_005/T009_005b_IC0A.wav
Converting /autofs/diamond2/share/corpus/CEJC/data/T009/T009_006/T009_006_IC01.wav to /autofs/diamond2/share/corpus/CEJC_16bit16kHz/data/T009/T009_006/T009_006_IC01.wav
Converting /autofs/diamond2/share/corpus/CEJC/data/T009/T009_006/T009_006_IC02.wav to /autofs/diamond2/share/corpus/CEJC_16bit16kHz/data/T009/T009_006/T009_006_IC02.wav
Converting /autofs/diamond2/share/corpus/CEJC/data/T009/T009_006/T009_006_IC03.wav to /autofs/diamond2/share/corpus/CEJC_16bit16kHz/data/T009/T009_006/T009_006_IC03.wav
Converting /autofs/diamond2/share/corpus/CEJC/data/T009/T009_006/T009_006_IC04.wav to /autofs/diamond2/share/corpus/CEJC_16bit16kHz/data/T009/T009_006/T009_006_IC04.wav
Converting /autofs/diamond2/share/corpus/CEJC/data/T009/T009_006/T009_006_IC05.wav to /autofs/diamond2/share/corpus/CEJC_16bit16kHz/data/T009/T009_006/T009_006_IC05.wav
Converting /autofs/diamond2/share/corpus/CEJC/data/T009/T009_006/T009_006_IC06.wav to /autofs/diamond2/share/corpus/CEJC_16bit16kHz/data/T009/T009_006/T009_006_IC06.wav
Converting /autofs/diamond2/share/corpus/CEJC/data/T009/T009_006/T009_006_IC07.wav to /autofs/diamond2/share/corpus/CEJC_16bit16kHz/data/T009/T009_006/T009_006_IC07.wav
Converting /autofs/diamond2/share/corpus/CEJC/data/T009/T009_006/T009_006_IC08.wav to /autofs/diamond2/share/corpus/CEJC_16bit16kHz/data/T009/T009_006/T009_006_IC08.wav
Converting /autofs/diamond2/share/corpus/CEJC/data/T009/T009_006/T009_006_IC09.wav to /autofs/diamond2/share/corpus/CEJC_16bit16kHz/data/T009/T009_006/T009_006_IC09.wav
Converting /autofs/diamond2/share/corpus/CEJC/data/T009/T009_006/T009_006_IC0A.wav to /autofs/diamond2/share/corpus/CEJC_16bit16kHz/data/T009/T009_006/T009_006_IC0A.wav
Converting /autofs/diamond2/share/corpus/CEJC/data/T009/T009_006/T009_006_IC0B.wav to /autofs/diamond2/share/corpus/CEJC_16bit16kHz/data/T009/T009_006/T009_006_IC0B.wav
Converting /autofs/diamond2/share/corpus/CEJC/data/T009/T009_008/T009_008a_IC01.wav to /autofs/diamond2/share/corpus/CEJC_16bit16kHz/data/T009/T009_008/T009_008a_IC01.wav
Converting /autofs/diamond2/share/corpus/CEJC/data/T009/T009_008/T009_008a_IC02.wav to /autofs/diamond2/share/corpus/CEJC_16bit16kHz/data/T009/T009_008/T009_008a_IC02.wav
Converting /autofs/diamond2/share/corpus/CEJC/data/T009/T009_008/T009_008a_IC03.wav to /autofs/diamond2/share/corpus/CEJC_16bit16kHz/data/T009/T009_008/T009_008a_IC03.wav
Converting /autofs/diamond2/share/corpus/CEJC/data/T009/T009_008/T009_008a_IC04.wav to /autofs/diamond2/share/corpus/CEJC_16bit16kHz/data/T009/T009_008/T009_008a_IC04.wav
Converting /autofs/diamond2/share/corpus/CEJC/data/T009/T009_008/T009_008a_IC05.wav to /autofs/diamond2/share/corpus/CEJC_16bit16kHz/data/T009/T009_008/T009_008a_IC05.wav
Converting /autofs/diamond2/share/corpus/CEJC/data/T009/T009_008/T009_008a_IC06.wav to /autofs/diamond2/share/corpus/CEJC_16bit16kHz/data/T009/T009_008/T009_008a_IC06.wav
Converting /autofs/diamond2/share/corpus/CEJC/data/T009/T009_008/T009_008a_IC07.wav to /autofs/diamond2/share/corpus/CEJC_16bit16kHz/data/T009/T009_008/T009_008a_IC07.wav
Converting /autofs/diamond2/share/corpus/CEJC/data/T009/T009_008/T009_008a_IC08.wav to /autofs/diamond2/share/corpus/CEJC_16bit16kHz/data/T009/T009_008/T009_008a_IC08.wav
Converting /autofs/diamond2/share/corpus/CEJC/data/T009/T009_008/T009_008a_IC09.wav to /autofs/diamond2/share/corpus/CEJC_16bit16kHz/data/T009/T009_008/T009_008a_IC09.wav
Converting /autofs/diamond2/share/corpus/CEJC/data/T009/T009_008/T009_008a_IC0A.wav to /autofs/diamond2/share/corpus/CEJC_16bit16kHz/data/T009/T009_008/T009_008a_IC0A.wav
Converting /autofs/diamond2/share/corpus/CEJC/data/T009/T009_008/T009_008a_IC0B.wav to /autofs/diamond2/share/corpus/CEJC_16bit16kHz/data/T009/T009_008/T009_008a_IC0B.wav
Converting /autofs/diamond2/share/corpus/CEJC/data/T009/T009_008/T009_008b_IC01.wav to /autofs/diamond2/share/corpus/CEJC_16bit16kHz/data/T009/T009_008/T009_008b_IC01.wav
sox WARN rate: rate clipped 223 samples; decrease volume?
sox WARN dither: dither clipped 197 samples; decrease volume?
Converting /autofs/diamond2/share/corpus/CEJC/data/T009/T009_008/T009_008b_IC02.wav to /autofs/diamond2/share/corpus/CEJC_16bit16kHz/data/T009/T009_008/T009_008b_IC02.wav
sox WARN rate: rate clipped 1177 samples; decrease volume?
sox WARN dither: dither clipped 1028 samples; decrease volume?
Converting /autofs/diamond2/share/corpus/CEJC/data/T009/T009_008/T009_008b_IC03.wav to /autofs/diamond2/share/corpus/CEJC_16bit16kHz/data/T009/T009_008/T009_008b_IC03.wav
sox WARN rate: rate clipped 23 samples; decrease volume?
sox WARN dither: dither clipped 20 samples; decrease volume?
Converting /autofs/diamond2/share/corpus/CEJC/data/T009/T009_008/T009_008b_IC04.wav to /autofs/diamond2/share/corpus/CEJC_16bit16kHz/data/T009/T009_008/T009_008b_IC04.wav
sox WARN rate: rate clipped 14 samples; decrease volume?
sox WARN dither: dither clipped 10 samples; decrease volume?
Converting /autofs/diamond2/share/corpus/CEJC/data/T009/T009_008/T009_008b_IC05.wav to /autofs/diamond2/share/corpus/CEJC_16bit16kHz/data/T009/T009_008/T009_008b_IC05.wav
sox WARN rate: rate clipped 2639 samples; decrease volume?
sox WARN dither: dither clipped 2321 samples; decrease volume?
Converting /autofs/diamond2/share/corpus/CEJC/data/T009/T009_008/T009_008b_IC06.wav to /autofs/diamond2/share/corpus/CEJC_16bit16kHz/data/T009/T009_008/T009_008b_IC06.wav
sox WARN rate: rate clipped 290 samples; decrease volume?
sox WARN dither: dither clipped 247 samples; decrease volume?
Converting /autofs/diamond2/share/corpus/CEJC/data/T009/T009_008/T009_008b_IC07.wav to /autofs/diamond2/share/corpus/CEJC_16bit16kHz/data/T009/T009_008/T009_008b_IC07.wav
sox WARN rate: rate clipped 1 samples; decrease volume?
sox WARN dither: dither clipped 1 samples; decrease volume?
Converting /autofs/diamond2/share/corpus/CEJC/data/T009/T009_008/T009_008b_IC08.wav to /autofs/diamond2/share/corpus/CEJC_16bit16kHz/data/T009/T009_008/T009_008b_IC08.wav
sox WARN rate: rate clipped 10 samples; decrease volume?
sox WARN dither: dither clipped 9 samples; decrease volume?
Converting /autofs/diamond2/share/corpus/CEJC/data/T009/T009_008/T009_008b_IC09.wav to /autofs/diamond2/share/corpus/CEJC_16bit16kHz/data/T009/T009_008/T009_008b_IC09.wav
Converting /autofs/diamond2/share/corpus/CEJC/data/T009/T009_008/T009_008b_IC0A.wav to /autofs/diamond2/share/corpus/CEJC_16bit16kHz/data/T009/T009_008/T009_008b_IC0A.wav
sox WARN rate: rate clipped 40 samples; decrease volume?
sox WARN dither: dither clipped 38 samples; decrease volume?
Converting /autofs/diamond2/share/corpus/CEJC/data/T009/T009_008/T009_008b_IC0B.wav to /autofs/diamond2/share/corpus/CEJC_16bit16kHz/data/T009/T009_008/T009_008b_IC0B.wav
sox WARN rate: rate clipped 5480 samples; decrease volume?
sox WARN dither: dither clipped 4855 samples; decrease volume?
Converting /autofs/diamond2/share/corpus/CEJC/data/T009/T009_010/T009_010_IC01.wav to /autofs/diamond2/share/corpus/CEJC_16bit16kHz/data/T009/T009_010/T009_010_IC01.wav
Converting /autofs/diamond2/share/corpus/CEJC/data/T009/T009_010/T009_010_IC02.wav to /autofs/diamond2/share/corpus/CEJC_16bit16kHz/data/T009/T009_010/T009_010_IC02.wav
Converting /autofs/diamond2/share/corpus/CEJC/data/T009/T009_010/T009_010_IC03.wav to /autofs/diamond2/share/corpus/CEJC_16bit16kHz/data/T009/T009_010/T009_010_IC03.wav
Converting /autofs/diamond2/share/corpus/CEJC/data/T009/T009_010/T009_010_IC04.wav to /autofs/diamond2/share/corpus/CEJC_16bit16kHz/data/T009/T009_010/T009_010_IC04.wav
Converting /autofs/diamond2/share/corpus/CEJC/data/T009/T009_010/T009_010_IC0A.wav to /autofs/diamond2/share/corpus/CEJC_16bit16kHz/data/T009/T009_010/T009_010_IC0A.wav
Converting /autofs/diamond2/share/corpus/CEJC/data/T009/T009_011/T009_011a_IC01.wav to /autofs/diamond2/share/corpus/CEJC_16bit16kHz/data/T009/T009_011/T009_011a_IC01.wav
Converting /autofs/diamond2/share/corpus/CEJC/data/T009/T009_011/T009_011a_IC02.wav to /autofs/diamond2/share/corpus/CEJC_16bit16kHz/data/T009/T009_011/T009_011a_IC02.wav
Converting /autofs/diamond2/share/corpus/CEJC/data/T009/T009_011/T009_011a_IC03.wav to /autofs/diamond2/share/corpus/CEJC_16bit16kHz/data/T009/T009_011/T009_011a_IC03.wav
Converting /autofs/diamond2/share/corpus/CEJC/data/T009/T009_011/T009_011a_IC04.wav to /autofs/diamond2/share/corpus/CEJC_16bit16kHz/data/T009/T009_011/T009_011a_IC04.wav
Converting /autofs/diamond2/share/corpus/CEJC/data/T009/T009_011/T009_011a_IC0A.wav to /autofs/diamond2/share/corpus/CEJC_16bit16kHz/data/T009/T009_011/T009_011a_IC0A.wav
Converting /autofs/diamond2/share/corpus/CEJC/data/T009/T009_011/T009_011b_IC01.wav to /autofs/diamond2/share/corpus/CEJC_16bit16kHz/data/T009/T009_011/T009_011b_IC01.wav
Converting /autofs/diamond2/share/corpus/CEJC/data/T009/T009_011/T009_011b_IC02.wav to /autofs/diamond2/share/corpus/CEJC_16bit16kHz/data/T009/T009_011/T009_011b_IC02.wav
Converting /autofs/diamond2/share/corpus/CEJC/data/T009/T009_011/T009_011b_IC03.wav to /autofs/diamond2/share/corpus/CEJC_16bit16kHz/data/T009/T009_011/T009_011b_IC03.wav
Converting /autofs/diamond2/share/corpus/CEJC/data/T009/T009_011/T009_011b_IC04.wav to /autofs/diamond2/share/corpus/CEJC_16bit16kHz/data/T009/T009_011/T009_011b_IC04.wav
Converting /autofs/diamond2/share/corpus/CEJC/data/T009/T009_011/T009_011b_IC0A.wav to /autofs/diamond2/share/corpus/CEJC_16bit16kHz/data/T009/T009_011/T009_011b_IC0A.wav
Converting /autofs/diamond2/share/corpus/CEJC/data/T009/T009_014/T009_014a_IC01.wav to /autofs/diamond2/share/corpus/CEJC_16bit16kHz/data/T009/T009_014/T009_014a_IC01.wav
Converting /autofs/diamond2/share/corpus/CEJC/data/T009/T009_014/T009_014a_IC02.wav to /autofs/diamond2/share/corpus/CEJC_16bit16kHz/data/T009/T009_014/T009_014a_IC02.wav
Converting /autofs/diamond2/share/corpus/CEJC/data/T009/T009_014/T009_014a_IC03.wav to /autofs/diamond2/share/corpus/CEJC_16bit16kHz/data/T009/T009_014/T009_014a_IC03.wav
Converting /autofs/diamond2/share/corpus/CEJC/data/T009/T009_014/T009_014a_IC04.wav to /autofs/diamond2/share/corpus/CEJC_16bit16kHz/data/T009/T009_014/T009_014a_IC04.wav
Converting /autofs/diamond2/share/corpus/CEJC/data/T009/T009_014/T009_014a_IC0B.wav to /autofs/diamond2/share/corpus/CEJC_16bit16kHz/data/T009/T009_014/T009_014a_IC0B.wav
Converting /autofs/diamond2/share/corpus/CEJC/data/T009/T009_014/T009_014b_IC01.wav to /autofs/diamond2/share/corpus/CEJC_16bit16kHz/data/T009/T009_014/T009_014b_IC01.wav
Converting /autofs/diamond2/share/corpus/CEJC/data/T009/T009_014/T009_014b_IC02.wav to /autofs/diamond2/share/corpus/CEJC_16bit16kHz/data/T009/T009_014/T009_014b_IC02.wav
Converting /autofs/diamond2/share/corpus/CEJC/data/T009/T009_014/T009_014b_IC03.wav to /autofs/diamond2/share/corpus/CEJC_16bit16kHz/data/T009/T009_014/T009_014b_IC03.wav
Converting /autofs/diamond2/share/corpus/CEJC/data/T009/T009_014/T009_014b_IC04.wav to /autofs/diamond2/share/corpus/CEJC_16bit16kHz/data/T009/T009_014/T009_014b_IC04.wav
Converting /autofs/diamond2/share/corpus/CEJC/data/T009/T009_014/T009_014b_IC0B.wav to /autofs/diamond2/share/corpus/CEJC_16bit16kHz/data/T009/T009_014/T009_014b_IC0B.wav
Converting /autofs/diamond2/share/corpus/CEJC/data/T009/T009_015/T009_015_IC01.wav to /autofs/diamond2/share/corpus/CEJC_16bit16kHz/data/T009/T009_015/T009_015_IC01.wav
Converting /autofs/diamond2/share/corpus/CEJC/data/T009/T009_015/T009_015_IC02.wav to /autofs/diamond2/share/corpus/CEJC_16bit16kHz/data/T009/T009_015/T009_015_IC02.wav
Converting /autofs/diamond2/share/corpus/CEJC/data/T009/T009_015/T009_015_IC0B.wav to /autofs/diamond2/share/corpus/CEJC_16bit16kHz/data/T009/T009_015/T009_015_IC0B.wav
Converting /autofs/diamond2/share/corpus/CEJC/data/T009/T009_017/T009_017_IC01.wav to /autofs/diamond2/share/corpus/CEJC_16bit16kHz/data/T009/T009_017/T009_017_IC01.wav
Converting /autofs/diamond2/share/corpus/CEJC/data/T009/T009_017/T009_017_IC02.wav to /autofs/diamond2/share/corpus/CEJC_16bit16kHz/data/T009/T009_017/T009_017_IC02.wav
Converting /autofs/diamond2/share/corpus/CEJC/data/T009/T009_017/T009_017_IC0B.wav to /autofs/diamond2/share/corpus/CEJC_16bit16kHz/data/T009/T009_017/T009_017_IC0B.wav
Converting /autofs/diamond2/share/corpus/CEJC/data/T009/T009_018/T009_018_IC01.wav to /autofs/diamond2/share/corpus/CEJC_16bit16kHz/data/T009/T009_018/T009_018_IC01.wav
Converting /autofs/diamond2/share/corpus/CEJC/data/T009/T009_018/T009_018_IC02.wav to /autofs/diamond2/share/corpus/CEJC_16bit16kHz/data/T009/T009_018/T009_018_IC02.wav
Converting /autofs/diamond2/share/corpus/CEJC/data/T009/T009_018/T009_018_IC0A.wav to /autofs/diamond2/share/corpus/CEJC_16bit16kHz/data/T009/T009_018/T009_018_IC0A.wav
Converting /autofs/diamond2/share/corpus/CEJC/data/T009/T009_020/T009_020_IC01.wav to /autofs/diamond2/share/corpus/CEJC_16bit16kHz/data/T009/T009_020/T009_020_IC01.wav
Converting /autofs/diamond2/share/corpus/CEJC/data/T009/T009_020/T009_020_IC02.wav to /autofs/diamond2/share/corpus/CEJC_16bit16kHz/data/T009/T009_020/T009_020_IC02.wav
Converting /autofs/diamond2/share/corpus/CEJC/data/T009/T009_020/T009_020_IC03.wav to /autofs/diamond2/share/corpus/CEJC_16bit16kHz/data/T009/T009_020/T009_020_IC03.wav
Converting /autofs/diamond2/share/corpus/CEJC/data/T009/T009_020/T009_020_IC04.wav to /autofs/diamond2/share/corpus/CEJC_16bit16kHz/data/T009/T009_020/T009_020_IC04.wav
Converting /autofs/diamond2/share/corpus/CEJC/data/T009/T009_020/T009_020_IC05.wav to /autofs/diamond2/share/corpus/CEJC_16bit16kHz/data/T009/T009_020/T009_020_IC05.wav
Converting /autofs/diamond2/share/corpus/CEJC/data/T009/T009_020/T009_020_IC06.wav to /autofs/diamond2/share/corpus/CEJC_16bit16kHz/data/T009/T009_020/T009_020_IC06.wav
Converting /autofs/diamond2/share/corpus/CEJC/data/T009/T009_020/T009_020_IC0A.wav to /autofs/diamond2/share/corpus/CEJC_16bit16kHz/data/T009/T009_020/T009_020_IC0A.wav
Converting /autofs/diamond2/share/corpus/CEJC/data/T009/T009_021/T009_021a_IC01.wav to /autofs/diamond2/share/corpus/CEJC_16bit16kHz/data/T009/T009_021/T009_021a_IC01.wav
Converting /autofs/diamond2/share/corpus/CEJC/data/T009/T009_021/T009_021a_IC02.wav to /autofs/diamond2/share/corpus/CEJC_16bit16kHz/data/T009/T009_021/T009_021a_IC02.wav
Converting /autofs/diamond2/share/corpus/CEJC/data/T009/T009_021/T009_021a_IC0B.wav to /autofs/diamond2/share/corpus/CEJC_16bit16kHz/data/T009/T009_021/T009_021a_IC0B.wav
Converting /autofs/diamond2/share/corpus/CEJC/data/T009/T009_021/T009_021b_IC01.wav to /autofs/diamond2/share/corpus/CEJC_16bit16kHz/data/T009/T009_021/T009_021b_IC01.wav
Converting /autofs/diamond2/share/corpus/CEJC/data/T009/T009_021/T009_021b_IC02.wav to /autofs/diamond2/share/corpus/CEJC_16bit16kHz/data/T009/T009_021/T009_021b_IC02.wav
Converting /autofs/diamond2/share/corpus/CEJC/data/T009/T009_021/T009_021b_IC0B.wav to /autofs/diamond2/share/corpus/CEJC_16bit16kHz/data/T009/T009_021/T009_021b_IC0B.wav
Converting /autofs/diamond2/share/corpus/CEJC/data/T009/T009_022/T009_022_IC01.wav to /autofs/diamond2/share/corpus/CEJC_16bit16kHz/data/T009/T009_022/T009_022_IC01.wav
Converting /autofs/diamond2/share/corpus/CEJC/data/T009/T009_022/T009_022_IC02.wav to /autofs/diamond2/share/corpus/CEJC_16bit16kHz/data/T009/T009_022/T009_022_IC02.wav
Converting /autofs/diamond2/share/corpus/CEJC/data/T009/T009_022/T009_022_IC0A.wav to /autofs/diamond2/share/corpus/CEJC_16bit16kHz/data/T009/T009_022/T009_022_IC0A.wav
Converting /autofs/diamond2/share/corpus/CEJC/data/T009/T009_022/T009_022_IC0B.wav to /autofs/diamond2/share/corpus/CEJC_16bit16kHz/data/T009/T009_022/T009_022_IC0B.wav
Converting /autofs/diamond2/share/corpus/CEJC/data/T010/T010_002/T010_002a_IC01.wav to /autofs/diamond2/share/corpus/CEJC_16bit16kHz/data/T010/T010_002/T010_002a_IC01.wav
Converting /autofs/diamond2/share/corpus/CEJC/data/T010/T010_002/T010_002a_IC02.wav to /autofs/diamond2/share/corpus/CEJC_16bit16kHz/data/T010/T010_002/T010_002a_IC02.wav
Converting /autofs/diamond2/share/corpus/CEJC/data/T010/T010_002/T010_002a_IC0B.wav to /autofs/diamond2/share/corpus/CEJC_16bit16kHz/data/T010/T010_002/T010_002a_IC0B.wav
Converting /autofs/diamond2/share/corpus/CEJC/data/T010/T010_002/T010_002b_IC01.wav to /autofs/diamond2/share/corpus/CEJC_16bit16kHz/data/T010/T010_002/T010_002b_IC01.wav
Converting /autofs/diamond2/share/corpus/CEJC/data/T010/T010_002/T010_002b_IC02.wav to /autofs/diamond2/share/corpus/CEJC_16bit16kHz/data/T010/T010_002/T010_002b_IC02.wav
Converting /autofs/diamond2/share/corpus/CEJC/data/T010/T010_002/T010_002b_IC0B.wav to /autofs/diamond2/share/corpus/CEJC_16bit16kHz/data/T010/T010_002/T010_002b_IC0B.wav
Converting /autofs/diamond2/share/corpus/CEJC/data/T010/T010_003/T010_003_IC01.wav to /autofs/diamond2/share/corpus/CEJC_16bit16kHz/data/T010/T010_003/T010_003_IC01.wav
Converting /autofs/diamond2/share/corpus/CEJC/data/T010/T010_003/T010_003_IC02.wav to /autofs/diamond2/share/corpus/CEJC_16bit16kHz/data/T010/T010_003/T010_003_IC02.wav
Converting /autofs/diamond2/share/corpus/CEJC/data/T010/T010_003/T010_003_IC03.wav to /autofs/diamond2/share/corpus/CEJC_16bit16kHz/data/T010/T010_003/T010_003_IC03.wav
Converting /autofs/diamond2/share/corpus/CEJC/data/T010/T010_003/T010_003_IC0B.wav to /autofs/diamond2/share/corpus/CEJC_16bit16kHz/data/T010/T010_003/T010_003_IC0B.wav
Converting /autofs/diamond2/share/corpus/CEJC/data/T010/T010_004/T010_004_IC01.wav to /autofs/diamond2/share/corpus/CEJC_16bit16kHz/data/T010/T010_004/T010_004_IC01.wav
Converting /autofs/diamond2/share/corpus/CEJC/data/T010/T010_004/T010_004_IC02.wav to /autofs/diamond2/share/corpus/CEJC_16bit16kHz/data/T010/T010_004/T010_004_IC02.wav
Converting /autofs/diamond2/share/corpus/CEJC/data/T010/T010_004/T010_004_IC03.wav to /autofs/diamond2/share/corpus/CEJC_16bit16kHz/data/T010/T010_004/T010_004_IC03.wav
Converting /autofs/diamond2/share/corpus/CEJC/data/T010/T010_004/T010_004_IC0B.wav to /autofs/diamond2/share/corpus/CEJC_16bit16kHz/data/T010/T010_004/T010_004_IC0B.wav
Converting /autofs/diamond2/share/corpus/CEJC/data/T010/T010_005/T010_005_IC01.wav to /autofs/diamond2/share/corpus/CEJC_16bit16kHz/data/T010/T010_005/T010_005_IC01.wav
Converting /autofs/diamond2/share/corpus/CEJC/data/T010/T010_005/T010_005_IC02.wav to /autofs/diamond2/share/corpus/CEJC_16bit16kHz/data/T010/T010_005/T010_005_IC02.wav
Converting /autofs/diamond2/share/corpus/CEJC/data/T010/T010_005/T010_005_IC0A.wav to /autofs/diamond2/share/corpus/CEJC_16bit16kHz/data/T010/T010_005/T010_005_IC0A.wav
Converting /autofs/diamond2/share/corpus/CEJC/data/T010/T010_005/T010_005_IC0B.wav to /autofs/diamond2/share/corpus/CEJC_16bit16kHz/data/T010/T010_005/T010_005_IC0B.wav
Converting /autofs/diamond2/share/corpus/CEJC/data/T010/T010_006/T010_006a_IC01.wav to /autofs/diamond2/share/corpus/CEJC_16bit16kHz/data/T010/T010_006/T010_006a_IC01.wav
Converting /autofs/diamond2/share/corpus/CEJC/data/T010/T010_006/T010_006a_IC02.wav to /autofs/diamond2/share/corpus/CEJC_16bit16kHz/data/T010/T010_006/T010_006a_IC02.wav
Converting /autofs/diamond2/share/corpus/CEJC/data/T010/T010_006/T010_006a_IC03.wav to /autofs/diamond2/share/corpus/CEJC_16bit16kHz/data/T010/T010_006/T010_006a_IC03.wav
Converting /autofs/diamond2/share/corpus/CEJC/data/T010/T010_006/T010_006a_IC04.wav to /autofs/diamond2/share/corpus/CEJC_16bit16kHz/data/T010/T010_006/T010_006a_IC04.wav
Converting /autofs/diamond2/share/corpus/CEJC/data/T010/T010_006/T010_006a_IC0A.wav to /autofs/diamond2/share/corpus/CEJC_16bit16kHz/data/T010/T010_006/T010_006a_IC0A.wav
Converting /autofs/diamond2/share/corpus/CEJC/data/T010/T010_006/T010_006a_IC0B.wav to /autofs/diamond2/share/corpus/CEJC_16bit16kHz/data/T010/T010_006/T010_006a_IC0B.wav
Converting /autofs/diamond2/share/corpus/CEJC/data/T010/T010_006/T010_006b_IC01.wav to /autofs/diamond2/share/corpus/CEJC_16bit16kHz/data/T010/T010_006/T010_006b_IC01.wav
Converting /autofs/diamond2/share/corpus/CEJC/data/T010/T010_006/T010_006b_IC02.wav to /autofs/diamond2/share/corpus/CEJC_16bit16kHz/data/T010/T010_006/T010_006b_IC02.wav
Converting /autofs/diamond2/share/corpus/CEJC/data/T010/T010_006/T010_006b_IC03.wav to /autofs/diamond2/share/corpus/CEJC_16bit16kHz/data/T010/T010_006/T010_006b_IC03.wav
Converting /autofs/diamond2/share/corpus/CEJC/data/T010/T010_006/T010_006b_IC04.wav to /autofs/diamond2/share/corpus/CEJC_16bit16kHz/data/T010/T010_006/T010_006b_IC04.wav
Converting /autofs/diamond2/share/corpus/CEJC/data/T010/T010_006/T010_006b_IC0A.wav to /autofs/diamond2/share/corpus/CEJC_16bit16kHz/data/T010/T010_006/T010_006b_IC0A.wav
Converting /autofs/diamond2/share/corpus/CEJC/data/T010/T010_006/T010_006b_IC0B.wav to /autofs/diamond2/share/corpus/CEJC_16bit16kHz/data/T010/T010_006/T010_006b_IC0B.wav
Converting /autofs/diamond2/share/corpus/CEJC/data/T010/T010_007/T010_007_IC01.wav to /autofs/diamond2/share/corpus/CEJC_16bit16kHz/data/T010/T010_007/T010_007_IC01.wav
Converting /autofs/diamond2/share/corpus/CEJC/data/T010/T010_007/T010_007_IC02.wav to /autofs/diamond2/share/corpus/CEJC_16bit16kHz/data/T010/T010_007/T010_007_IC02.wav
Converting /autofs/diamond2/share/corpus/CEJC/data/T010/T010_007/T010_007_IC0B.wav to /autofs/diamond2/share/corpus/CEJC_16bit16kHz/data/T010/T010_007/T010_007_IC0B.wav
Converting /autofs/diamond2/share/corpus/CEJC/data/T010/T010_009/T010_009_IC01.wav to /autofs/diamond2/share/corpus/CEJC_16bit16kHz/data/T010/T010_009/T010_009_IC01.wav
Converting /autofs/diamond2/share/corpus/CEJC/data/T010/T010_009/T010_009_IC02.wav to /autofs/diamond2/share/corpus/CEJC_16bit16kHz/data/T010/T010_009/T010_009_IC02.wav
Converting /autofs/diamond2/share/corpus/CEJC/data/T010/T010_009/T010_009_IC0A.wav to /autofs/diamond2/share/corpus/CEJC_16bit16kHz/data/T010/T010_009/T010_009_IC0A.wav
Converting /autofs/diamond2/share/corpus/CEJC/data/T010/T010_013/T010_013_IC01.wav to /autofs/diamond2/share/corpus/CEJC_16bit16kHz/data/T010/T010_013/T010_013_IC01.wav
Converting /autofs/diamond2/share/corpus/CEJC/data/T010/T010_013/T010_013_IC02.wav to /autofs/diamond2/share/corpus/CEJC_16bit16kHz/data/T010/T010_013/T010_013_IC02.wav
Converting /autofs/diamond2/share/corpus/CEJC/data/T010/T010_013/T010_013_IC0B.wav to /autofs/diamond2/share/corpus/CEJC_16bit16kHz/data/T010/T010_013/T010_013_IC0B.wav
Converting /autofs/diamond2/share/corpus/CEJC/data/T011/T011_005/T011_005_IC01.wav to /autofs/diamond2/share/corpus/CEJC_16bit16kHz/data/T011/T011_005/T011_005_IC01.wav
Converting /autofs/diamond2/share/corpus/CEJC/data/T011/T011_005/T011_005_IC02.wav to /autofs/diamond2/share/corpus/CEJC_16bit16kHz/data/T011/T011_005/T011_005_IC02.wav
Converting /autofs/diamond2/share/corpus/CEJC/data/T011/T011_005/T011_005_IC03.wav to /autofs/diamond2/share/corpus/CEJC_16bit16kHz/data/T011/T011_005/T011_005_IC03.wav
Converting /autofs/diamond2/share/corpus/CEJC/data/T011/T011_005/T011_005_IC04.wav to /autofs/diamond2/share/corpus/CEJC_16bit16kHz/data/T011/T011_005/T011_005_IC04.wav
Converting /autofs/diamond2/share/corpus/CEJC/data/T011/T011_005/T011_005_IC0A.wav to /autofs/diamond2/share/corpus/CEJC_16bit16kHz/data/T011/T011_005/T011_005_IC0A.wav
Converting /autofs/diamond2/share/corpus/CEJC/data/T011/T011_007/T011_007_IC01.wav to /autofs/diamond2/share/corpus/CEJC_16bit16kHz/data/T011/T011_007/T011_007_IC01.wav
Converting /autofs/diamond2/share/corpus/CEJC/data/T011/T011_007/T011_007_IC05.wav to /autofs/diamond2/share/corpus/CEJC_16bit16kHz/data/T011/T011_007/T011_007_IC05.wav
Converting /autofs/diamond2/share/corpus/CEJC/data/T011/T011_007/T011_007_IC06.wav to /autofs/diamond2/share/corpus/CEJC_16bit16kHz/data/T011/T011_007/T011_007_IC06.wav
Converting /autofs/diamond2/share/corpus/CEJC/data/T011/T011_007/T011_007_IC0A.wav to /autofs/diamond2/share/corpus/CEJC_16bit16kHz/data/T011/T011_007/T011_007_IC0A.wav
Converting /autofs/diamond2/share/corpus/CEJC/data/T011/T011_008/T011_008_IC01.wav to /autofs/diamond2/share/corpus/CEJC_16bit16kHz/data/T011/T011_008/T011_008_IC01.wav
Converting /autofs/diamond2/share/corpus/CEJC/data/T011/T011_008/T011_008_IC02.wav to /autofs/diamond2/share/corpus/CEJC_16bit16kHz/data/T011/T011_008/T011_008_IC02.wav
Converting /autofs/diamond2/share/corpus/CEJC/data/T011/T011_008/T011_008_IC03.wav to /autofs/diamond2/share/corpus/CEJC_16bit16kHz/data/T011/T011_008/T011_008_IC03.wav
Converting /autofs/diamond2/share/corpus/CEJC/data/T011/T011_008/T011_008_IC04.wav to /autofs/diamond2/share/corpus/CEJC_16bit16kHz/data/T011/T011_008/T011_008_IC04.wav
Converting /autofs/diamond2/share/corpus/CEJC/data/T011/T011_008/T011_008_IC0A.wav to /autofs/diamond2/share/corpus/CEJC_16bit16kHz/data/T011/T011_008/T011_008_IC0A.wav
Converting /autofs/diamond2/share/corpus/CEJC/data/T011/T011_009/T011_009_IC01.wav to /autofs/diamond2/share/corpus/CEJC_16bit16kHz/data/T011/T011_009/T011_009_IC01.wav
Converting /autofs/diamond2/share/corpus/CEJC/data/T011/T011_009/T011_009_IC02.wav to /autofs/diamond2/share/corpus/CEJC_16bit16kHz/data/T011/T011_009/T011_009_IC02.wav
Converting /autofs/diamond2/share/corpus/CEJC/data/T011/T011_009/T011_009_IC04.wav to /autofs/diamond2/share/corpus/CEJC_16bit16kHz/data/T011/T011_009/T011_009_IC04.wav
Converting /autofs/diamond2/share/corpus/CEJC/data/T011/T011_009/T011_009_IC0B.wav to /autofs/diamond2/share/corpus/CEJC_16bit16kHz/data/T011/T011_009/T011_009_IC0B.wav
Converting /autofs/diamond2/share/corpus/CEJC/data/T011/T011_012/T011_012_IC01.wav to /autofs/diamond2/share/corpus/CEJC_16bit16kHz/data/T011/T011_012/T011_012_IC01.wav
Converting /autofs/diamond2/share/corpus/CEJC/data/T011/T011_012/T011_012_IC02.wav to /autofs/diamond2/share/corpus/CEJC_16bit16kHz/data/T011/T011_012/T011_012_IC02.wav
Converting /autofs/diamond2/share/corpus/CEJC/data/T011/T011_012/T011_012_IC03.wav to /autofs/diamond2/share/corpus/CEJC_16bit16kHz/data/T011/T011_012/T011_012_IC03.wav
Converting /autofs/diamond2/share/corpus/CEJC/data/T011/T011_012/T011_012_IC04.wav to /autofs/diamond2/share/corpus/CEJC_16bit16kHz/data/T011/T011_012/T011_012_IC04.wav
Converting /autofs/diamond2/share/corpus/CEJC/data/T011/T011_012/T011_012_IC0A.wav to /autofs/diamond2/share/corpus/CEJC_16bit16kHz/data/T011/T011_012/T011_012_IC0A.wav
Converting /autofs/diamond2/share/corpus/CEJC/data/T011/T011_012/T011_012_IC0B.wav to /autofs/diamond2/share/corpus/CEJC_16bit16kHz/data/T011/T011_012/T011_012_IC0B.wav
Converting /autofs/diamond2/share/corpus/CEJC/data/T011/T011_013/T011_013_IC01.wav to /autofs/diamond2/share/corpus/CEJC_16bit16kHz/data/T011/T011_013/T011_013_IC01.wav
Converting /autofs/diamond2/share/corpus/CEJC/data/T011/T011_013/T011_013_IC02.wav to /autofs/diamond2/share/corpus/CEJC_16bit16kHz/data/T011/T011_013/T011_013_IC02.wav
Converting /autofs/diamond2/share/corpus/CEJC/data/T011/T011_013/T011_013_IC03.wav to /autofs/diamond2/share/corpus/CEJC_16bit16kHz/data/T011/T011_013/T011_013_IC03.wav
Converting /autofs/diamond2/share/corpus/CEJC/data/T011/T011_013/T011_013_IC04.wav to /autofs/diamond2/share/corpus/CEJC_16bit16kHz/data/T011/T011_013/T011_013_IC04.wav
Converting /autofs/diamond2/share/corpus/CEJC/data/T011/T011_013/T011_013_IC0A.wav to /autofs/diamond2/share/corpus/CEJC_16bit16kHz/data/T011/T011_013/T011_013_IC0A.wav
Converting /autofs/diamond2/share/corpus/CEJC/data/T011/T011_014/T011_014_IC01.wav to /autofs/diamond2/share/corpus/CEJC_16bit16kHz/data/T011/T011_014/T011_014_IC01.wav
sox WARN rate: rate clipped 4797 samples; decrease volume?
sox WARN dither: dither clipped 4203 samples; decrease volume?
Converting /autofs/diamond2/share/corpus/CEJC/data/T011/T011_014/T011_014_IC02.wav to /autofs/diamond2/share/corpus/CEJC_16bit16kHz/data/T011/T011_014/T011_014_IC02.wav
sox WARN rate: rate clipped 358 samples; decrease volume?
sox WARN dither: dither clipped 425 samples; decrease volume?
Converting /autofs/diamond2/share/corpus/CEJC/data/T011/T011_014/T011_014_IC03.wav to /autofs/diamond2/share/corpus/CEJC_16bit16kHz/data/T011/T011_014/T011_014_IC03.wav
Converting /autofs/diamond2/share/corpus/CEJC/data/T011/T011_014/T011_014_IC04.wav to /autofs/diamond2/share/corpus/CEJC_16bit16kHz/data/T011/T011_014/T011_014_IC04.wav
sox WARN rate: rate clipped 14 samples; decrease volume?
sox WARN dither: dither clipped 12 samples; decrease volume?
Converting /autofs/diamond2/share/corpus/CEJC/data/T011/T011_014/T011_014_IC05.wav to /autofs/diamond2/share/corpus/CEJC_16bit16kHz/data/T011/T011_014/T011_014_IC05.wav
sox WARN rate: rate clipped 61 samples; decrease volume?
sox WARN dither: dither clipped 56 samples; decrease volume?
Converting /autofs/diamond2/share/corpus/CEJC/data/T011/T011_014/T011_014_IC06.wav to /autofs/diamond2/share/corpus/CEJC_16bit16kHz/data/T011/T011_014/T011_014_IC06.wav
sox WARN rate: rate clipped 17 samples; decrease volume?
sox WARN dither: dither clipped 16 samples; decrease volume?
Converting /autofs/diamond2/share/corpus/CEJC/data/T011/T011_014/T011_014_IC0A.wav to /autofs/diamond2/share/corpus/CEJC_16bit16kHz/data/T011/T011_014/T011_014_IC0A.wav
sox WARN rate: rate clipped 29 samples; decrease volume?
sox WARN dither: dither clipped 26 samples; decrease volume?
Converting /autofs/diamond2/share/corpus/CEJC/data/T011/T011_014/T011_014_IC0B.wav to /autofs/diamond2/share/corpus/CEJC_16bit16kHz/data/T011/T011_014/T011_014_IC0B.wav
sox WARN rate: rate clipped 4145 samples; decrease volume?
sox WARN dither: dither clipped 3629 samples; decrease volume?
Converting /autofs/diamond2/share/corpus/CEJC/data/T011/T011_015/T011_015_IC01.wav to /autofs/diamond2/share/corpus/CEJC_16bit16kHz/data/T011/T011_015/T011_015_IC01.wav
Converting /autofs/diamond2/share/corpus/CEJC/data/T011/T011_015/T011_015_IC02.wav to /autofs/diamond2/share/corpus/CEJC_16bit16kHz/data/T011/T011_015/T011_015_IC02.wav
Converting /autofs/diamond2/share/corpus/CEJC/data/T011/T011_015/T011_015_IC03.wav to /autofs/diamond2/share/corpus/CEJC_16bit16kHz/data/T011/T011_015/T011_015_IC03.wav
Converting /autofs/diamond2/share/corpus/CEJC/data/T011/T011_015/T011_015_IC04.wav to /autofs/diamond2/share/corpus/CEJC_16bit16kHz/data/T011/T011_015/T011_015_IC04.wav
Converting /autofs/diamond2/share/corpus/CEJC/data/T011/T011_015/T011_015_IC0A.wav to /autofs/diamond2/share/corpus/CEJC_16bit16kHz/data/T011/T011_015/T011_015_IC0A.wav
Converting /autofs/diamond2/share/corpus/CEJC/data/T011/T011_017/T011_017_IC01.wav to /autofs/diamond2/share/corpus/CEJC_16bit16kHz/data/T011/T011_017/T011_017_IC01.wav
Converting /autofs/diamond2/share/corpus/CEJC/data/T011/T011_017/T011_017_IC02.wav to /autofs/diamond2/share/corpus/CEJC_16bit16kHz/data/T011/T011_017/T011_017_IC02.wav
Converting /autofs/diamond2/share/corpus/CEJC/data/T011/T011_017/T011_017_IC03.wav to /autofs/diamond2/share/corpus/CEJC_16bit16kHz/data/T011/T011_017/T011_017_IC03.wav
Converting /autofs/diamond2/share/corpus/CEJC/data/T011/T011_017/T011_017_IC04.wav to /autofs/diamond2/share/corpus/CEJC_16bit16kHz/data/T011/T011_017/T011_017_IC04.wav
Converting /autofs/diamond2/share/corpus/CEJC/data/T011/T011_017/T011_017_IC05.wav to /autofs/diamond2/share/corpus/CEJC_16bit16kHz/data/T011/T011_017/T011_017_IC05.wav
Converting /autofs/diamond2/share/corpus/CEJC/data/T011/T011_017/T011_017_IC0A.wav to /autofs/diamond2/share/corpus/CEJC_16bit16kHz/data/T011/T011_017/T011_017_IC0A.wav
Converting /autofs/diamond2/share/corpus/CEJC/data/T011/T011_017/T011_017_IC0B.wav to /autofs/diamond2/share/corpus/CEJC_16bit16kHz/data/T011/T011_017/T011_017_IC0B.wav
Converting /autofs/diamond2/share/corpus/CEJC/data/T011/T011_019/T011_019_IC01.wav to /autofs/diamond2/share/corpus/CEJC_16bit16kHz/data/T011/T011_019/T011_019_IC01.wav
Converting /autofs/diamond2/share/corpus/CEJC/data/T011/T011_019/T011_019_IC02.wav to /autofs/diamond2/share/corpus/CEJC_16bit16kHz/data/T011/T011_019/T011_019_IC02.wav
Converting /autofs/diamond2/share/corpus/CEJC/data/T011/T011_019/T011_019_IC03.wav to /autofs/diamond2/share/corpus/CEJC_16bit16kHz/data/T011/T011_019/T011_019_IC03.wav
Converting /autofs/diamond2/share/corpus/CEJC/data/T011/T011_019/T011_019_IC04.wav to /autofs/diamond2/share/corpus/CEJC_16bit16kHz/data/T011/T011_019/T011_019_IC04.wav
Converting /autofs/diamond2/share/corpus/CEJC/data/T011/T011_019/T011_019_IC0A.wav to /autofs/diamond2/share/corpus/CEJC_16bit16kHz/data/T011/T011_019/T011_019_IC0A.wav
Converting /autofs/diamond2/share/corpus/CEJC/data/T013/T013_001/T013_001_IC01.wav to /autofs/diamond2/share/corpus/CEJC_16bit16kHz/data/T013/T013_001/T013_001_IC01.wav
Converting /autofs/diamond2/share/corpus/CEJC/data/T013/T013_001/T013_001_IC02.wav to /autofs/diamond2/share/corpus/CEJC_16bit16kHz/data/T013/T013_001/T013_001_IC02.wav
Converting /autofs/diamond2/share/corpus/CEJC/data/T013/T013_001/T013_001_IC0A.wav to /autofs/diamond2/share/corpus/CEJC_16bit16kHz/data/T013/T013_001/T013_001_IC0A.wav
Converting /autofs/diamond2/share/corpus/CEJC/data/T013/T013_003/T013_003_IC01.wav to /autofs/diamond2/share/corpus/CEJC_16bit16kHz/data/T013/T013_003/T013_003_IC01.wav
Converting /autofs/diamond2/share/corpus/CEJC/data/T013/T013_003/T013_003_IC02.wav to /autofs/diamond2/share/corpus/CEJC_16bit16kHz/data/T013/T013_003/T013_003_IC02.wav
Converting /autofs/diamond2/share/corpus/CEJC/data/T013/T013_003/T013_003_IC0B.wav to /autofs/diamond2/share/corpus/CEJC_16bit16kHz/data/T013/T013_003/T013_003_IC0B.wav
Converting /autofs/diamond2/share/corpus/CEJC/data/T013/T013_004/T013_004_IC01.wav to /autofs/diamond2/share/corpus/CEJC_16bit16kHz/data/T013/T013_004/T013_004_IC01.wav
Converting /autofs/diamond2/share/corpus/CEJC/data/T013/T013_004/T013_004_IC02.wav to /autofs/diamond2/share/corpus/CEJC_16bit16kHz/data/T013/T013_004/T013_004_IC02.wav
Converting /autofs/diamond2/share/corpus/CEJC/data/T013/T013_004/T013_004_IC03.wav to /autofs/diamond2/share/corpus/CEJC_16bit16kHz/data/T013/T013_004/T013_004_IC03.wav
Converting /autofs/diamond2/share/corpus/CEJC/data/T013/T013_004/T013_004_IC04.wav to /autofs/diamond2/share/corpus/CEJC_16bit16kHz/data/T013/T013_004/T013_004_IC04.wav
Converting /autofs/diamond2/share/corpus/CEJC/data/T013/T013_004/T013_004_IC0A.wav to /autofs/diamond2/share/corpus/CEJC_16bit16kHz/data/T013/T013_004/T013_004_IC0A.wav
Converting /autofs/diamond2/share/corpus/CEJC/data/T013/T013_005/T013_005_IC01.wav to /autofs/diamond2/share/corpus/CEJC_16bit16kHz/data/T013/T013_005/T013_005_IC01.wav
Converting /autofs/diamond2/share/corpus/CEJC/data/T013/T013_005/T013_005_IC02.wav to /autofs/diamond2/share/corpus/CEJC_16bit16kHz/data/T013/T013_005/T013_005_IC02.wav
Converting /autofs/diamond2/share/corpus/CEJC/data/T013/T013_005/T013_005_IC0A.wav to /autofs/diamond2/share/corpus/CEJC_16bit16kHz/data/T013/T013_005/T013_005_IC0A.wav
Converting /autofs/diamond2/share/corpus/CEJC/data/T013/T013_006/T013_006_IC01.wav to /autofs/diamond2/share/corpus/CEJC_16bit16kHz/data/T013/T013_006/T013_006_IC01.wav
Converting /autofs/diamond2/share/corpus/CEJC/data/T013/T013_006/T013_006_IC02.wav to /autofs/diamond2/share/corpus/CEJC_16bit16kHz/data/T013/T013_006/T013_006_IC02.wav
Converting /autofs/diamond2/share/corpus/CEJC/data/T013/T013_006/T013_006_IC03.wav to /autofs/diamond2/share/corpus/CEJC_16bit16kHz/data/T013/T013_006/T013_006_IC03.wav
Converting /autofs/diamond2/share/corpus/CEJC/data/T013/T013_006/T013_006_IC04.wav to /autofs/diamond2/share/corpus/CEJC_16bit16kHz/data/T013/T013_006/T013_006_IC04.wav
Converting /autofs/diamond2/share/corpus/CEJC/data/T013/T013_006/T013_006_IC05.wav to /autofs/diamond2/share/corpus/CEJC_16bit16kHz/data/T013/T013_006/T013_006_IC05.wav
Converting /autofs/diamond2/share/corpus/CEJC/data/T013/T013_006/T013_006_IC06.wav to /autofs/diamond2/share/corpus/CEJC_16bit16kHz/data/T013/T013_006/T013_006_IC06.wav
Converting /autofs/diamond2/share/corpus/CEJC/data/T013/T013_006/T013_006_IC0A.wav to /autofs/diamond2/share/corpus/CEJC_16bit16kHz/data/T013/T013_006/T013_006_IC0A.wav
Converting /autofs/diamond2/share/corpus/CEJC/data/T013/T013_007/T013_007_IC01.wav to /autofs/diamond2/share/corpus/CEJC_16bit16kHz/data/T013/T013_007/T013_007_IC01.wav
Converting /autofs/diamond2/share/corpus/CEJC/data/T013/T013_007/T013_007_IC02.wav to /autofs/diamond2/share/corpus/CEJC_16bit16kHz/data/T013/T013_007/T013_007_IC02.wav
Converting /autofs/diamond2/share/corpus/CEJC/data/T013/T013_007/T013_007_IC0A.wav to /autofs/diamond2/share/corpus/CEJC_16bit16kHz/data/T013/T013_007/T013_007_IC0A.wav
Converting /autofs/diamond2/share/corpus/CEJC/data/T013/T013_008/T013_008_IC01.wav to /autofs/diamond2/share/corpus/CEJC_16bit16kHz/data/T013/T013_008/T013_008_IC01.wav
Converting /autofs/diamond2/share/corpus/CEJC/data/T013/T013_008/T013_008_IC03.wav to /autofs/diamond2/share/corpus/CEJC_16bit16kHz/data/T013/T013_008/T013_008_IC03.wav
sox WARN rate: rate clipped 337 samples; decrease volume?
sox WARN dither: dither clipped 294 samples; decrease volume?
Converting /autofs/diamond2/share/corpus/CEJC/data/T013/T013_008/T013_008_IC05.wav to /autofs/diamond2/share/corpus/CEJC_16bit16kHz/data/T013/T013_008/T013_008_IC05.wav
sox WARN rate: rate clipped 55 samples; decrease volume?
sox WARN dither: dither clipped 46 samples; decrease volume?
Converting /autofs/diamond2/share/corpus/CEJC/data/T013/T013_008/T013_008_IC0A.wav to /autofs/diamond2/share/corpus/CEJC_16bit16kHz/data/T013/T013_008/T013_008_IC0A.wav
sox WARN rate: rate clipped 4 samples; decrease volume?
sox WARN dither: dither clipped 4 samples; decrease volume?
Converting /autofs/diamond2/share/corpus/CEJC/data/T013/T013_009/T013_009_IC01.wav to /autofs/diamond2/share/corpus/CEJC_16bit16kHz/data/T013/T013_009/T013_009_IC01.wav
Converting /autofs/diamond2/share/corpus/CEJC/data/T013/T013_009/T013_009_IC03.wav to /autofs/diamond2/share/corpus/CEJC_16bit16kHz/data/T013/T013_009/T013_009_IC03.wav
sox WARN rate: rate clipped 9 samples; decrease volume?
sox WARN dither: dither clipped 8 samples; decrease volume?
Converting /autofs/diamond2/share/corpus/CEJC/data/T013/T013_009/T013_009_IC05.wav to /autofs/diamond2/share/corpus/CEJC_16bit16kHz/data/T013/T013_009/T013_009_IC05.wav
sox WARN rate: rate clipped 1 samples; decrease volume?
sox WARN dither: dither clipped 1 samples; decrease volume?
Converting /autofs/diamond2/share/corpus/CEJC/data/T013/T013_009/T013_009_IC06.wav to /autofs/diamond2/share/corpus/CEJC_16bit16kHz/data/T013/T013_009/T013_009_IC06.wav
Converting /autofs/diamond2/share/corpus/CEJC/data/T013/T013_009/T013_009_IC0A.wav to /autofs/diamond2/share/corpus/CEJC_16bit16kHz/data/T013/T013_009/T013_009_IC0A.wav
sox WARN rate: rate clipped 7 samples; decrease volume?
sox WARN dither: dither clipped 7 samples; decrease volume?
Converting /autofs/diamond2/share/corpus/CEJC/data/T013/T013_013/T013_013_IC01.wav to /autofs/diamond2/share/corpus/CEJC_16bit16kHz/data/T013/T013_013/T013_013_IC01.wav
Converting /autofs/diamond2/share/corpus/CEJC/data/T013/T013_013/T013_013_IC02.wav to /autofs/diamond2/share/corpus/CEJC_16bit16kHz/data/T013/T013_013/T013_013_IC02.wav
Converting /autofs/diamond2/share/corpus/CEJC/data/T013/T013_013/T013_013_IC03.wav to /autofs/diamond2/share/corpus/CEJC_16bit16kHz/data/T013/T013_013/T013_013_IC03.wav
Converting /autofs/diamond2/share/corpus/CEJC/data/T013/T013_013/T013_013_IC04.wav to /autofs/diamond2/share/corpus/CEJC_16bit16kHz/data/T013/T013_013/T013_013_IC04.wav
Converting /autofs/diamond2/share/corpus/CEJC/data/T013/T013_013/T013_013_IC0B.wav to /autofs/diamond2/share/corpus/CEJC_16bit16kHz/data/T013/T013_013/T013_013_IC0B.wav
Converting /autofs/diamond2/share/corpus/CEJC/data/T013/T013_014/T013_014a_IC01.wav to /autofs/diamond2/share/corpus/CEJC_16bit16kHz/data/T013/T013_014/T013_014a_IC01.wav
Converting /autofs/diamond2/share/corpus/CEJC/data/T013/T013_014/T013_014a_IC02.wav to /autofs/diamond2/share/corpus/CEJC_16bit16kHz/data/T013/T013_014/T013_014a_IC02.wav
Converting /autofs/diamond2/share/corpus/CEJC/data/T013/T013_014/T013_014a_IC03.wav to /autofs/diamond2/share/corpus/CEJC_16bit16kHz/data/T013/T013_014/T013_014a_IC03.wav
Converting /autofs/diamond2/share/corpus/CEJC/data/T013/T013_014/T013_014a_IC04.wav to /autofs/diamond2/share/corpus/CEJC_16bit16kHz/data/T013/T013_014/T013_014a_IC04.wav
Converting /autofs/diamond2/share/corpus/CEJC/data/T013/T013_014/T013_014a_IC0B.wav to /autofs/diamond2/share/corpus/CEJC_16bit16kHz/data/T013/T013_014/T013_014a_IC0B.wav
Converting /autofs/diamond2/share/corpus/CEJC/data/T013/T013_014/T013_014b_IC01.wav to /autofs/diamond2/share/corpus/CEJC_16bit16kHz/data/T013/T013_014/T013_014b_IC01.wav
sox WARN rate: rate clipped 9 samples; decrease volume?
sox WARN dither: dither clipped 7 samples; decrease volume?
Converting /autofs/diamond2/share/corpus/CEJC/data/T013/T013_014/T013_014b_IC02.wav to /autofs/diamond2/share/corpus/CEJC_16bit16kHz/data/T013/T013_014/T013_014b_IC02.wav
sox WARN rate: rate clipped 5 samples; decrease volume?
sox WARN dither: dither clipped 4 samples; decrease volume?
Converting /autofs/diamond2/share/corpus/CEJC/data/T013/T013_014/T013_014b_IC03.wav to /autofs/diamond2/share/corpus/CEJC_16bit16kHz/data/T013/T013_014/T013_014b_IC03.wav
sox WARN rate: rate clipped 4 samples; decrease volume?
sox WARN dither: dither clipped 3 samples; decrease volume?
Converting /autofs/diamond2/share/corpus/CEJC/data/T013/T013_014/T013_014b_IC04.wav to /autofs/diamond2/share/corpus/CEJC_16bit16kHz/data/T013/T013_014/T013_014b_IC04.wav
Converting /autofs/diamond2/share/corpus/CEJC/data/T013/T013_014/T013_014b_IC0B.wav to /autofs/diamond2/share/corpus/CEJC_16bit16kHz/data/T013/T013_014/T013_014b_IC0B.wav
sox WARN rate: rate clipped 104 samples; decrease volume?
sox WARN dither: dither clipped 90 samples; decrease volume?
Converting /autofs/diamond2/share/corpus/CEJC/data/T013/T013_014/T013_014c_IC01.wav to /autofs/diamond2/share/corpus/CEJC_16bit16kHz/data/T013/T013_014/T013_014c_IC01.wav
Converting /autofs/diamond2/share/corpus/CEJC/data/T013/T013_014/T013_014c_IC02.wav to /autofs/diamond2/share/corpus/CEJC_16bit16kHz/data/T013/T013_014/T013_014c_IC02.wav
Converting /autofs/diamond2/share/corpus/CEJC/data/T013/T013_014/T013_014c_IC03.wav to /autofs/diamond2/share/corpus/CEJC_16bit16kHz/data/T013/T013_014/T013_014c_IC03.wav
Converting /autofs/diamond2/share/corpus/CEJC/data/T013/T013_014/T013_014c_IC04.wav to /autofs/diamond2/share/corpus/CEJC_16bit16kHz/data/T013/T013_014/T013_014c_IC04.wav
Converting /autofs/diamond2/share/corpus/CEJC/data/T013/T013_014/T013_014c_IC0B.wav to /autofs/diamond2/share/corpus/CEJC_16bit16kHz/data/T013/T013_014/T013_014c_IC0B.wav
Converting /autofs/diamond2/share/corpus/CEJC/data/T013/T013_015/T013_015_IC01.wav to /autofs/diamond2/share/corpus/CEJC_16bit16kHz/data/T013/T013_015/T013_015_IC01.wav
Converting /autofs/diamond2/share/corpus/CEJC/data/T013/T013_015/T013_015_IC02.wav to /autofs/diamond2/share/corpus/CEJC_16bit16kHz/data/T013/T013_015/T013_015_IC02.wav
Converting /autofs/diamond2/share/corpus/CEJC/data/T013/T013_015/T013_015_IC03.wav to /autofs/diamond2/share/corpus/CEJC_16bit16kHz/data/T013/T013_015/T013_015_IC03.wav
Converting /autofs/diamond2/share/corpus/CEJC/data/T013/T013_015/T013_015_IC0B.wav to /autofs/diamond2/share/corpus/CEJC_16bit16kHz/data/T013/T013_015/T013_015_IC0B.wav
Converting /autofs/diamond2/share/corpus/CEJC/data/T013/T013_017/T013_017_IC01.wav to /autofs/diamond2/share/corpus/CEJC_16bit16kHz/data/T013/T013_017/T013_017_IC01.wav
Converting /autofs/diamond2/share/corpus/CEJC/data/T013/T013_017/T013_017_IC02.wav to /autofs/diamond2/share/corpus/CEJC_16bit16kHz/data/T013/T013_017/T013_017_IC02.wav
Converting /autofs/diamond2/share/corpus/CEJC/data/T013/T013_017/T013_017_IC0A.wav to /autofs/diamond2/share/corpus/CEJC_16bit16kHz/data/T013/T013_017/T013_017_IC0A.wav
Converting /autofs/diamond2/share/corpus/CEJC/data/T013/T013_018/T013_018_IC01.wav to /autofs/diamond2/share/corpus/CEJC_16bit16kHz/data/T013/T013_018/T013_018_IC01.wav
Converting /autofs/diamond2/share/corpus/CEJC/data/T013/T013_018/T013_018_IC02.wav to /autofs/diamond2/share/corpus/CEJC_16bit16kHz/data/T013/T013_018/T013_018_IC02.wav
Converting /autofs/diamond2/share/corpus/CEJC/data/T013/T013_018/T013_018_IC0A.wav to /autofs/diamond2/share/corpus/CEJC_16bit16kHz/data/T013/T013_018/T013_018_IC0A.wav
Converting /autofs/diamond2/share/corpus/CEJC/data/T013/T013_020/T013_020_IC01.wav to /autofs/diamond2/share/corpus/CEJC_16bit16kHz/data/T013/T013_020/T013_020_IC01.wav
Converting /autofs/diamond2/share/corpus/CEJC/data/T013/T013_020/T013_020_IC02.wav to /autofs/diamond2/share/corpus/CEJC_16bit16kHz/data/T013/T013_020/T013_020_IC02.wav
Converting /autofs/diamond2/share/corpus/CEJC/data/T013/T013_020/T013_020_IC0B.wav to /autofs/diamond2/share/corpus/CEJC_16bit16kHz/data/T013/T013_020/T013_020_IC0B.wav
Converting /autofs/diamond2/share/corpus/CEJC/data/T013/T013_021/T013_021_IC01.wav to /autofs/diamond2/share/corpus/CEJC_16bit16kHz/data/T013/T013_021/T013_021_IC01.wav
Converting /autofs/diamond2/share/corpus/CEJC/data/T013/T013_021/T013_021_IC02.wav to /autofs/diamond2/share/corpus/CEJC_16bit16kHz/data/T013/T013_021/T013_021_IC02.wav
Converting /autofs/diamond2/share/corpus/CEJC/data/T013/T013_021/T013_021_IC0A.wav to /autofs/diamond2/share/corpus/CEJC_16bit16kHz/data/T013/T013_021/T013_021_IC0A.wav
Converting /autofs/diamond2/share/corpus/CEJC/data/T014/T014_001/T014_001a_IC01.wav to /autofs/diamond2/share/corpus/CEJC_16bit16kHz/data/T014/T014_001/T014_001a_IC01.wav
Converting /autofs/diamond2/share/corpus/CEJC/data/T014/T014_001/T014_001a_IC02.wav to /autofs/diamond2/share/corpus/CEJC_16bit16kHz/data/T014/T014_001/T014_001a_IC02.wav
Converting /autofs/diamond2/share/corpus/CEJC/data/T014/T014_001/T014_001a_IC0B.wav to /autofs/diamond2/share/corpus/CEJC_16bit16kHz/data/T014/T014_001/T014_001a_IC0B.wav
Converting /autofs/diamond2/share/corpus/CEJC/data/T014/T014_001/T014_001b_IC01.wav to /autofs/diamond2/share/corpus/CEJC_16bit16kHz/data/T014/T014_001/T014_001b_IC01.wav
Converting /autofs/diamond2/share/corpus/CEJC/data/T014/T014_001/T014_001b_IC02.wav to /autofs/diamond2/share/corpus/CEJC_16bit16kHz/data/T014/T014_001/T014_001b_IC02.wav
Converting /autofs/diamond2/share/corpus/CEJC/data/T014/T014_001/T014_001b_IC0B.wav to /autofs/diamond2/share/corpus/CEJC_16bit16kHz/data/T014/T014_001/T014_001b_IC0B.wav
Converting /autofs/diamond2/share/corpus/CEJC/data/T014/T014_005/T014_005a_IC01.wav to /autofs/diamond2/share/corpus/CEJC_16bit16kHz/data/T014/T014_005/T014_005a_IC01.wav
Converting /autofs/diamond2/share/corpus/CEJC/data/T014/T014_005/T014_005a_IC02.wav to /autofs/diamond2/share/corpus/CEJC_16bit16kHz/data/T014/T014_005/T014_005a_IC02.wav
Converting /autofs/diamond2/share/corpus/CEJC/data/T014/T014_005/T014_005a_IC0A.wav to /autofs/diamond2/share/corpus/CEJC_16bit16kHz/data/T014/T014_005/T014_005a_IC0A.wav
Converting /autofs/diamond2/share/corpus/CEJC/data/T014/T014_005/T014_005b_IC01.wav to /autofs/diamond2/share/corpus/CEJC_16bit16kHz/data/T014/T014_005/T014_005b_IC01.wav
Converting /autofs/diamond2/share/corpus/CEJC/data/T014/T014_005/T014_005b_IC02.wav to /autofs/diamond2/share/corpus/CEJC_16bit16kHz/data/T014/T014_005/T014_005b_IC02.wav
Converting /autofs/diamond2/share/corpus/CEJC/data/T014/T014_005/T014_005b_IC0A.wav to /autofs/diamond2/share/corpus/CEJC_16bit16kHz/data/T014/T014_005/T014_005b_IC0A.wav
Converting /autofs/diamond2/share/corpus/CEJC/data/T014/T014_005/T014_005c_IC01.wav to /autofs/diamond2/share/corpus/CEJC_16bit16kHz/data/T014/T014_005/T014_005c_IC01.wav
Converting /autofs/diamond2/share/corpus/CEJC/data/T014/T014_005/T014_005c_IC02.wav to /autofs/diamond2/share/corpus/CEJC_16bit16kHz/data/T014/T014_005/T014_005c_IC02.wav
Converting /autofs/diamond2/share/corpus/CEJC/data/T014/T014_005/T014_005c_IC0A.wav to /autofs/diamond2/share/corpus/CEJC_16bit16kHz/data/T014/T014_005/T014_005c_IC0A.wav
Converting /autofs/diamond2/share/corpus/CEJC/data/T014/T014_006/T014_006_IC01.wav to /autofs/diamond2/share/corpus/CEJC_16bit16kHz/data/T014/T014_006/T014_006_IC01.wav
Converting /autofs/diamond2/share/corpus/CEJC/data/T014/T014_006/T014_006_IC02.wav to /autofs/diamond2/share/corpus/CEJC_16bit16kHz/data/T014/T014_006/T014_006_IC02.wav
Converting /autofs/diamond2/share/corpus/CEJC/data/T014/T014_006/T014_006_IC03.wav to /autofs/diamond2/share/corpus/CEJC_16bit16kHz/data/T014/T014_006/T014_006_IC03.wav
Converting /autofs/diamond2/share/corpus/CEJC/data/T014/T014_006/T014_006_IC0A.wav to /autofs/diamond2/share/corpus/CEJC_16bit16kHz/data/T014/T014_006/T014_006_IC0A.wav
Converting /autofs/diamond2/share/corpus/CEJC/data/T014/T014_008/T014_008_IC03.wav to /autofs/diamond2/share/corpus/CEJC_16bit16kHz/data/T014/T014_008/T014_008_IC03.wav
Converting /autofs/diamond2/share/corpus/CEJC/data/T014/T014_008/T014_008_IC04.wav to /autofs/diamond2/share/corpus/CEJC_16bit16kHz/data/T014/T014_008/T014_008_IC04.wav
Converting /autofs/diamond2/share/corpus/CEJC/data/T014/T014_008/T014_008_IC0A.wav to /autofs/diamond2/share/corpus/CEJC_16bit16kHz/data/T014/T014_008/T014_008_IC0A.wav
Converting /autofs/diamond2/share/corpus/CEJC/data/T014/T014_010/T014_010a_IC03.wav to /autofs/diamond2/share/corpus/CEJC_16bit16kHz/data/T014/T014_010/T014_010a_IC03.wav
Converting /autofs/diamond2/share/corpus/CEJC/data/T014/T014_010/T014_010a_IC04.wav to /autofs/diamond2/share/corpus/CEJC_16bit16kHz/data/T014/T014_010/T014_010a_IC04.wav
Converting /autofs/diamond2/share/corpus/CEJC/data/T014/T014_010/T014_010a_IC0B.wav to /autofs/diamond2/share/corpus/CEJC_16bit16kHz/data/T014/T014_010/T014_010a_IC0B.wav
Converting /autofs/diamond2/share/corpus/CEJC/data/T014/T014_010/T014_010b_IC03.wav to /autofs/diamond2/share/corpus/CEJC_16bit16kHz/data/T014/T014_010/T014_010b_IC03.wav
sox WARN rate: rate clipped 31 samples; decrease volume?
sox WARN dither: dither clipped 25 samples; decrease volume?
Converting /autofs/diamond2/share/corpus/CEJC/data/T014/T014_010/T014_010b_IC04.wav to /autofs/diamond2/share/corpus/CEJC_16bit16kHz/data/T014/T014_010/T014_010b_IC04.wav
Converting /autofs/diamond2/share/corpus/CEJC/data/T014/T014_010/T014_010b_IC0B.wav to /autofs/diamond2/share/corpus/CEJC_16bit16kHz/data/T014/T014_010/T014_010b_IC0B.wav
sox WARN rate: rate clipped 39 samples; decrease volume?
sox WARN dither: dither clipped 34 samples; decrease volume?
Converting /autofs/diamond2/share/corpus/CEJC/data/T014/T014_011/T014_011a_IC03.wav to /autofs/diamond2/share/corpus/CEJC_16bit16kHz/data/T014/T014_011/T014_011a_IC03.wav
Converting /autofs/diamond2/share/corpus/CEJC/data/T014/T014_011/T014_011a_IC04.wav to /autofs/diamond2/share/corpus/CEJC_16bit16kHz/data/T014/T014_011/T014_011a_IC04.wav
Converting /autofs/diamond2/share/corpus/CEJC/data/T014/T014_011/T014_011a_IC0A.wav to /autofs/diamond2/share/corpus/CEJC_16bit16kHz/data/T014/T014_011/T014_011a_IC0A.wav
Converting /autofs/diamond2/share/corpus/CEJC/data/T014/T014_011/T014_011b_IC03.wav to /autofs/diamond2/share/corpus/CEJC_16bit16kHz/data/T014/T014_011/T014_011b_IC03.wav
Converting /autofs/diamond2/share/corpus/CEJC/data/T014/T014_011/T014_011b_IC04.wav to /autofs/diamond2/share/corpus/CEJC_16bit16kHz/data/T014/T014_011/T014_011b_IC04.wav
Converting /autofs/diamond2/share/corpus/CEJC/data/T014/T014_011/T014_011b_IC0A.wav to /autofs/diamond2/share/corpus/CEJC_16bit16kHz/data/T014/T014_011/T014_011b_IC0A.wav
Converting /autofs/diamond2/share/corpus/CEJC/data/T014/T014_012/T014_012_IC03.wav to /autofs/diamond2/share/corpus/CEJC_16bit16kHz/data/T014/T014_012/T014_012_IC03.wav
Converting /autofs/diamond2/share/corpus/CEJC/data/T014/T014_012/T014_012_IC04.wav to /autofs/diamond2/share/corpus/CEJC_16bit16kHz/data/T014/T014_012/T014_012_IC04.wav
Converting /autofs/diamond2/share/corpus/CEJC/data/T014/T014_012/T014_012_IC0A.wav to /autofs/diamond2/share/corpus/CEJC_16bit16kHz/data/T014/T014_012/T014_012_IC0A.wav
Converting /autofs/diamond2/share/corpus/CEJC/data/T014/T014_014/T014_014a_IC01.wav to /autofs/diamond2/share/corpus/CEJC_16bit16kHz/data/T014/T014_014/T014_014a_IC01.wav
Converting /autofs/diamond2/share/corpus/CEJC/data/T014/T014_014/T014_014a_IC03.wav to /autofs/diamond2/share/corpus/CEJC_16bit16kHz/data/T014/T014_014/T014_014a_IC03.wav
Converting /autofs/diamond2/share/corpus/CEJC/data/T014/T014_014/T014_014a_IC04.wav to /autofs/diamond2/share/corpus/CEJC_16bit16kHz/data/T014/T014_014/T014_014a_IC04.wav
Converting /autofs/diamond2/share/corpus/CEJC/data/T014/T014_014/T014_014a_IC0B.wav to /autofs/diamond2/share/corpus/CEJC_16bit16kHz/data/T014/T014_014/T014_014a_IC0B.wav
Converting /autofs/diamond2/share/corpus/CEJC/data/T014/T014_014/T014_014b_IC01.wav to /autofs/diamond2/share/corpus/CEJC_16bit16kHz/data/T014/T014_014/T014_014b_IC01.wav
Converting /autofs/diamond2/share/corpus/CEJC/data/T014/T014_014/T014_014b_IC03.wav to /autofs/diamond2/share/corpus/CEJC_16bit16kHz/data/T014/T014_014/T014_014b_IC03.wav
Converting /autofs/diamond2/share/corpus/CEJC/data/T014/T014_014/T014_014b_IC04.wav to /autofs/diamond2/share/corpus/CEJC_16bit16kHz/data/T014/T014_014/T014_014b_IC04.wav
Converting /autofs/diamond2/share/corpus/CEJC/data/T014/T014_014/T014_014b_IC0B.wav to /autofs/diamond2/share/corpus/CEJC_16bit16kHz/data/T014/T014_014/T014_014b_IC0B.wav
Converting /autofs/diamond2/share/corpus/CEJC/data/T014/T014_016/T014_016_IC01.wav to /autofs/diamond2/share/corpus/CEJC_16bit16kHz/data/T014/T014_016/T014_016_IC01.wav
Converting /autofs/diamond2/share/corpus/CEJC/data/T014/T014_016/T014_016_IC03.wav to /autofs/diamond2/share/corpus/CEJC_16bit16kHz/data/T014/T014_016/T014_016_IC03.wav
Converting /autofs/diamond2/share/corpus/CEJC/data/T014/T014_016/T014_016_IC0A.wav to /autofs/diamond2/share/corpus/CEJC_16bit16kHz/data/T014/T014_016/T014_016_IC0A.wav
Converting /autofs/diamond2/share/corpus/CEJC/data/T014/T014_018/T014_018_IC01.wav to /autofs/diamond2/share/corpus/CEJC_16bit16kHz/data/T014/T014_018/T014_018_IC01.wav
Converting /autofs/diamond2/share/corpus/CEJC/data/T014/T014_018/T014_018_IC02.wav to /autofs/diamond2/share/corpus/CEJC_16bit16kHz/data/T014/T014_018/T014_018_IC02.wav
Converting /autofs/diamond2/share/corpus/CEJC/data/T014/T014_018/T014_018_IC0A.wav to /autofs/diamond2/share/corpus/CEJC_16bit16kHz/data/T014/T014_018/T014_018_IC0A.wav
Converting /autofs/diamond2/share/corpus/CEJC/data/T014/T014_018/T014_018_IC0B.wav to /autofs/diamond2/share/corpus/CEJC_16bit16kHz/data/T014/T014_018/T014_018_IC0B.wav
Converting /autofs/diamond2/share/corpus/CEJC/data/T014/T014_021/T014_021_IC01.wav to /autofs/diamond2/share/corpus/CEJC_16bit16kHz/data/T014/T014_021/T014_021_IC01.wav
Converting /autofs/diamond2/share/corpus/CEJC/data/T014/T014_021/T014_021_IC02.wav to /autofs/diamond2/share/corpus/CEJC_16bit16kHz/data/T014/T014_021/T014_021_IC02.wav
Converting /autofs/diamond2/share/corpus/CEJC/data/T014/T014_021/T014_021_IC03.wav to /autofs/diamond2/share/corpus/CEJC_16bit16kHz/data/T014/T014_021/T014_021_IC03.wav
Converting /autofs/diamond2/share/corpus/CEJC/data/T014/T014_021/T014_021_IC0B.wav to /autofs/diamond2/share/corpus/CEJC_16bit16kHz/data/T014/T014_021/T014_021_IC0B.wav
Converting /autofs/diamond2/share/corpus/CEJC/data/T015/T015_001/T015_001_IC01.wav to /autofs/diamond2/share/corpus/CEJC_16bit16kHz/data/T015/T015_001/T015_001_IC01.wav
sox WARN rate: rate clipped 5 samples; decrease volume?
sox WARN dither: dither clipped 1 samples; decrease volume?
Converting /autofs/diamond2/share/corpus/CEJC/data/T015/T015_001/T015_001_IC02.wav to /autofs/diamond2/share/corpus/CEJC_16bit16kHz/data/T015/T015_001/T015_001_IC02.wav
Converting /autofs/diamond2/share/corpus/CEJC/data/T015/T015_001/T015_001_IC03.wav to /autofs/diamond2/share/corpus/CEJC_16bit16kHz/data/T015/T015_001/T015_001_IC03.wav
sox WARN rate: rate clipped 55 samples; decrease volume?
sox WARN dither: dither clipped 47 samples; decrease volume?
Converting /autofs/diamond2/share/corpus/CEJC/data/T015/T015_001/T015_001_IC04.wav to /autofs/diamond2/share/corpus/CEJC_16bit16kHz/data/T015/T015_001/T015_001_IC04.wav
Converting /autofs/diamond2/share/corpus/CEJC/data/T015/T015_001/T015_001_IC0A.wav to /autofs/diamond2/share/corpus/CEJC_16bit16kHz/data/T015/T015_001/T015_001_IC0A.wav
sox WARN rate: rate clipped 185 samples; decrease volume?
sox WARN dither: dither clipped 156 samples; decrease volume?
Converting /autofs/diamond2/share/corpus/CEJC/data/T015/T015_001/T015_001_IC0B.wav to /autofs/diamond2/share/corpus/CEJC_16bit16kHz/data/T015/T015_001/T015_001_IC0B.wav
sox WARN rate: rate clipped 29 samples; decrease volume?
sox WARN dither: dither clipped 28 samples; decrease volume?
Converting /autofs/diamond2/share/corpus/CEJC/data/T015/T015_003/T015_003_IC01.wav to /autofs/diamond2/share/corpus/CEJC_16bit16kHz/data/T015/T015_003/T015_003_IC01.wav
Converting /autofs/diamond2/share/corpus/CEJC/data/T015/T015_003/T015_003_IC02.wav to /autofs/diamond2/share/corpus/CEJC_16bit16kHz/data/T015/T015_003/T015_003_IC02.wav
Converting /autofs/diamond2/share/corpus/CEJC/data/T015/T015_003/T015_003_IC0A.wav to /autofs/diamond2/share/corpus/CEJC_16bit16kHz/data/T015/T015_003/T015_003_IC0A.wav
Converting /autofs/diamond2/share/corpus/CEJC/data/T015/T015_004/T015_004_IC01.wav to /autofs/diamond2/share/corpus/CEJC_16bit16kHz/data/T015/T015_004/T015_004_IC01.wav
Converting /autofs/diamond2/share/corpus/CEJC/data/T015/T015_004/T015_004_IC02.wav to /autofs/diamond2/share/corpus/CEJC_16bit16kHz/data/T015/T015_004/T015_004_IC02.wav
Converting /autofs/diamond2/share/corpus/CEJC/data/T015/T015_004/T015_004_IC03.wav to /autofs/diamond2/share/corpus/CEJC_16bit16kHz/data/T015/T015_004/T015_004_IC03.wav
Converting /autofs/diamond2/share/corpus/CEJC/data/T015/T015_004/T015_004_IC04.wav to /autofs/diamond2/share/corpus/CEJC_16bit16kHz/data/T015/T015_004/T015_004_IC04.wav
Converting /autofs/diamond2/share/corpus/CEJC/data/T015/T015_004/T015_004_IC0A.wav to /autofs/diamond2/share/corpus/CEJC_16bit16kHz/data/T015/T015_004/T015_004_IC0A.wav
Converting /autofs/diamond2/share/corpus/CEJC/data/T015/T015_004/T015_004_IC0B.wav to /autofs/diamond2/share/corpus/CEJC_16bit16kHz/data/T015/T015_004/T015_004_IC0B.wav
Converting /autofs/diamond2/share/corpus/CEJC/data/T015/T015_005/T015_005_IC01.wav to /autofs/diamond2/share/corpus/CEJC_16bit16kHz/data/T015/T015_005/T015_005_IC01.wav
Converting /autofs/diamond2/share/corpus/CEJC/data/T015/T015_005/T015_005_IC02.wav to /autofs/diamond2/share/corpus/CEJC_16bit16kHz/data/T015/T015_005/T015_005_IC02.wav
Converting /autofs/diamond2/share/corpus/CEJC/data/T015/T015_005/T015_005_IC03.wav to /autofs/diamond2/share/corpus/CEJC_16bit16kHz/data/T015/T015_005/T015_005_IC03.wav
Converting /autofs/diamond2/share/corpus/CEJC/data/T015/T015_005/T015_005_IC0B.wav to /autofs/diamond2/share/corpus/CEJC_16bit16kHz/data/T015/T015_005/T015_005_IC0B.wav
Converting /autofs/diamond2/share/corpus/CEJC/data/T015/T015_006/T015_006_IC01.wav to /autofs/diamond2/share/corpus/CEJC_16bit16kHz/data/T015/T015_006/T015_006_IC01.wav
Converting /autofs/diamond2/share/corpus/CEJC/data/T015/T015_006/T015_006_IC02.wav to /autofs/diamond2/share/corpus/CEJC_16bit16kHz/data/T015/T015_006/T015_006_IC02.wav
Converting /autofs/diamond2/share/corpus/CEJC/data/T015/T015_006/T015_006_IC03.wav to /autofs/diamond2/share/corpus/CEJC_16bit16kHz/data/T015/T015_006/T015_006_IC03.wav
Converting /autofs/diamond2/share/corpus/CEJC/data/T015/T015_006/T015_006_IC04.wav to /autofs/diamond2/share/corpus/CEJC_16bit16kHz/data/T015/T015_006/T015_006_IC04.wav
Converting /autofs/diamond2/share/corpus/CEJC/data/T015/T015_006/T015_006_IC05.wav to /autofs/diamond2/share/corpus/CEJC_16bit16kHz/data/T015/T015_006/T015_006_IC05.wav
Converting /autofs/diamond2/share/corpus/CEJC/data/T015/T015_006/T015_006_IC0B.wav to /autofs/diamond2/share/corpus/CEJC_16bit16kHz/data/T015/T015_006/T015_006_IC0B.wav
Converting /autofs/diamond2/share/corpus/CEJC/data/T015/T015_007/T015_007_IC01.wav to /autofs/diamond2/share/corpus/CEJC_16bit16kHz/data/T015/T015_007/T015_007_IC01.wav
Converting /autofs/diamond2/share/corpus/CEJC/data/T015/T015_007/T015_007_IC02.wav to /autofs/diamond2/share/corpus/CEJC_16bit16kHz/data/T015/T015_007/T015_007_IC02.wav
sox WARN rate: rate clipped 756 samples; decrease volume?
sox WARN dither: dither clipped 667 samples; decrease volume?
Converting /autofs/diamond2/share/corpus/CEJC/data/T015/T015_007/T015_007_IC03.wav to /autofs/diamond2/share/corpus/CEJC_16bit16kHz/data/T015/T015_007/T015_007_IC03.wav
Converting /autofs/diamond2/share/corpus/CEJC/data/T015/T015_007/T015_007_IC0B.wav to /autofs/diamond2/share/corpus/CEJC_16bit16kHz/data/T015/T015_007/T015_007_IC0B.wav
sox WARN rate: rate clipped 681 samples; decrease volume?
sox WARN dither: dither clipped 600 samples; decrease volume?
Converting /autofs/diamond2/share/corpus/CEJC/data/T015/T015_008/T015_008a_IC01.wav to /autofs/diamond2/share/corpus/CEJC_16bit16kHz/data/T015/T015_008/T015_008a_IC01.wav
Converting /autofs/diamond2/share/corpus/CEJC/data/T015/T015_008/T015_008a_IC02.wav to /autofs/diamond2/share/corpus/CEJC_16bit16kHz/data/T015/T015_008/T015_008a_IC02.wav
Converting /autofs/diamond2/share/corpus/CEJC/data/T015/T015_008/T015_008a_IC0B.wav to /autofs/diamond2/share/corpus/CEJC_16bit16kHz/data/T015/T015_008/T015_008a_IC0B.wav
Converting /autofs/diamond2/share/corpus/CEJC/data/T015/T015_008/T015_008b_IC01.wav to /autofs/diamond2/share/corpus/CEJC_16bit16kHz/data/T015/T015_008/T015_008b_IC01.wav
Converting /autofs/diamond2/share/corpus/CEJC/data/T015/T015_008/T015_008b_IC02.wav to /autofs/diamond2/share/corpus/CEJC_16bit16kHz/data/T015/T015_008/T015_008b_IC02.wav
Converting /autofs/diamond2/share/corpus/CEJC/data/T015/T015_008/T015_008b_IC0A.wav to /autofs/diamond2/share/corpus/CEJC_16bit16kHz/data/T015/T015_008/T015_008b_IC0A.wav
Converting /autofs/diamond2/share/corpus/CEJC/data/T015/T015_008/T015_008b_IC0B.wav to /autofs/diamond2/share/corpus/CEJC_16bit16kHz/data/T015/T015_008/T015_008b_IC0B.wav
Converting /autofs/diamond2/share/corpus/CEJC/data/T015/T015_010/T015_010_IC01.wav to /autofs/diamond2/share/corpus/CEJC_16bit16kHz/data/T015/T015_010/T015_010_IC01.wav
Converting /autofs/diamond2/share/corpus/CEJC/data/T015/T015_010/T015_010_IC02.wav to /autofs/diamond2/share/corpus/CEJC_16bit16kHz/data/T015/T015_010/T015_010_IC02.wav
Converting /autofs/diamond2/share/corpus/CEJC/data/T015/T015_010/T015_010_IC0A.wav to /autofs/diamond2/share/corpus/CEJC_16bit16kHz/data/T015/T015_010/T015_010_IC0A.wav
Converting /autofs/diamond2/share/corpus/CEJC/data/T015/T015_011/T015_011_IC01.wav to /autofs/diamond2/share/corpus/CEJC_16bit16kHz/data/T015/T015_011/T015_011_IC01.wav
Converting /autofs/diamond2/share/corpus/CEJC/data/T015/T015_011/T015_011_IC02.wav to /autofs/diamond2/share/corpus/CEJC_16bit16kHz/data/T015/T015_011/T015_011_IC02.wav
Converting /autofs/diamond2/share/corpus/CEJC/data/T015/T015_011/T015_011_IC03.wav to /autofs/diamond2/share/corpus/CEJC_16bit16kHz/data/T015/T015_011/T015_011_IC03.wav
Converting /autofs/diamond2/share/corpus/CEJC/data/T015/T015_011/T015_011_IC0A.wav to /autofs/diamond2/share/corpus/CEJC_16bit16kHz/data/T015/T015_011/T015_011_IC0A.wav
Converting /autofs/diamond2/share/corpus/CEJC/data/T015/T015_012/T015_012a_IC01.wav to /autofs/diamond2/share/corpus/CEJC_16bit16kHz/data/T015/T015_012/T015_012a_IC01.wav
Converting /autofs/diamond2/share/corpus/CEJC/data/T015/T015_012/T015_012a_IC02.wav to /autofs/diamond2/share/corpus/CEJC_16bit16kHz/data/T015/T015_012/T015_012a_IC02.wav
Converting /autofs/diamond2/share/corpus/CEJC/data/T015/T015_012/T015_012a_IC0A.wav to /autofs/diamond2/share/corpus/CEJC_16bit16kHz/data/T015/T015_012/T015_012a_IC0A.wav
Converting /autofs/diamond2/share/corpus/CEJC/data/T015/T015_012/T015_012a_IC0B.wav to /autofs/diamond2/share/corpus/CEJC_16bit16kHz/data/T015/T015_012/T015_012a_IC0B.wav
Converting /autofs/diamond2/share/corpus/CEJC/data/T015/T015_012/T015_012b_IC01.wav to /autofs/diamond2/share/corpus/CEJC_16bit16kHz/data/T015/T015_012/T015_012b_IC01.wav
Converting /autofs/diamond2/share/corpus/CEJC/data/T015/T015_012/T015_012b_IC02.wav to /autofs/diamond2/share/corpus/CEJC_16bit16kHz/data/T015/T015_012/T015_012b_IC02.wav
Converting /autofs/diamond2/share/corpus/CEJC/data/T015/T015_012/T015_012b_IC0A.wav to /autofs/diamond2/share/corpus/CEJC_16bit16kHz/data/T015/T015_012/T015_012b_IC0A.wav
Converting /autofs/diamond2/share/corpus/CEJC/data/T015/T015_012/T015_012b_IC0B.wav to /autofs/diamond2/share/corpus/CEJC_16bit16kHz/data/T015/T015_012/T015_012b_IC0B.wav
Converting /autofs/diamond2/share/corpus/CEJC/data/T015/T015_014/T015_014_IC01.wav to /autofs/diamond2/share/corpus/CEJC_16bit16kHz/data/T015/T015_014/T015_014_IC01.wav
Converting /autofs/diamond2/share/corpus/CEJC/data/T015/T015_014/T015_014_IC02.wav to /autofs/diamond2/share/corpus/CEJC_16bit16kHz/data/T015/T015_014/T015_014_IC02.wav
Converting /autofs/diamond2/share/corpus/CEJC/data/T015/T015_014/T015_014_IC0A.wav to /autofs/diamond2/share/corpus/CEJC_16bit16kHz/data/T015/T015_014/T015_014_IC0A.wav
Converting /autofs/diamond2/share/corpus/CEJC/data/T015/T015_015/T015_015_IC01.wav to /autofs/diamond2/share/corpus/CEJC_16bit16kHz/data/T015/T015_015/T015_015_IC01.wav
Converting /autofs/diamond2/share/corpus/CEJC/data/T015/T015_015/T015_015_IC02.wav to /autofs/diamond2/share/corpus/CEJC_16bit16kHz/data/T015/T015_015/T015_015_IC02.wav
Converting /autofs/diamond2/share/corpus/CEJC/data/T015/T015_015/T015_015_IC03.wav to /autofs/diamond2/share/corpus/CEJC_16bit16kHz/data/T015/T015_015/T015_015_IC03.wav
Converting /autofs/diamond2/share/corpus/CEJC/data/T015/T015_015/T015_015_IC04.wav to /autofs/diamond2/share/corpus/CEJC_16bit16kHz/data/T015/T015_015/T015_015_IC04.wav
Converting /autofs/diamond2/share/corpus/CEJC/data/T015/T015_015/T015_015_IC06.wav to /autofs/diamond2/share/corpus/CEJC_16bit16kHz/data/T015/T015_015/T015_015_IC06.wav
Converting /autofs/diamond2/share/corpus/CEJC/data/T015/T015_015/T015_015_IC07.wav to /autofs/diamond2/share/corpus/CEJC_16bit16kHz/data/T015/T015_015/T015_015_IC07.wav
Converting /autofs/diamond2/share/corpus/CEJC/data/T015/T015_015/T015_015_IC0B.wav to /autofs/diamond2/share/corpus/CEJC_16bit16kHz/data/T015/T015_015/T015_015_IC0B.wav
Converting /autofs/diamond2/share/corpus/CEJC/data/T015/T015_017/T015_017_IC01.wav to /autofs/diamond2/share/corpus/CEJC_16bit16kHz/data/T015/T015_017/T015_017_IC01.wav
Converting /autofs/diamond2/share/corpus/CEJC/data/T015/T015_017/T015_017_IC02.wav to /autofs/diamond2/share/corpus/CEJC_16bit16kHz/data/T015/T015_017/T015_017_IC02.wav
Converting /autofs/diamond2/share/corpus/CEJC/data/T015/T015_017/T015_017_IC03.wav to /autofs/diamond2/share/corpus/CEJC_16bit16kHz/data/T015/T015_017/T015_017_IC03.wav
Converting /autofs/diamond2/share/corpus/CEJC/data/T015/T015_017/T015_017_IC04.wav to /autofs/diamond2/share/corpus/CEJC_16bit16kHz/data/T015/T015_017/T015_017_IC04.wav
Converting /autofs/diamond2/share/corpus/CEJC/data/T015/T015_017/T015_017_IC0A.wav to /autofs/diamond2/share/corpus/CEJC_16bit16kHz/data/T015/T015_017/T015_017_IC0A.wav
Converting /autofs/diamond2/share/corpus/CEJC/data/T015/T015_018/T015_018_IC01.wav to /autofs/diamond2/share/corpus/CEJC_16bit16kHz/data/T015/T015_018/T015_018_IC01.wav
Converting /autofs/diamond2/share/corpus/CEJC/data/T015/T015_018/T015_018_IC02.wav to /autofs/diamond2/share/corpus/CEJC_16bit16kHz/data/T015/T015_018/T015_018_IC02.wav
Converting /autofs/diamond2/share/corpus/CEJC/data/T015/T015_018/T015_018_IC03.wav to /autofs/diamond2/share/corpus/CEJC_16bit16kHz/data/T015/T015_018/T015_018_IC03.wav
Converting /autofs/diamond2/share/corpus/CEJC/data/T015/T015_018/T015_018_IC04.wav to /autofs/diamond2/share/corpus/CEJC_16bit16kHz/data/T015/T015_018/T015_018_IC04.wav
Converting /autofs/diamond2/share/corpus/CEJC/data/T015/T015_018/T015_018_IC0B.wav to /autofs/diamond2/share/corpus/CEJC_16bit16kHz/data/T015/T015_018/T015_018_IC0B.wav
Converting /autofs/diamond2/share/corpus/CEJC/data/T015/T015_019/T015_019_IC01.wav to /autofs/diamond2/share/corpus/CEJC_16bit16kHz/data/T015/T015_019/T015_019_IC01.wav
Converting /autofs/diamond2/share/corpus/CEJC/data/T015/T015_019/T015_019_IC02.wav to /autofs/diamond2/share/corpus/CEJC_16bit16kHz/data/T015/T015_019/T015_019_IC02.wav
Converting /autofs/diamond2/share/corpus/CEJC/data/T015/T015_019/T015_019_IC03.wav to /autofs/diamond2/share/corpus/CEJC_16bit16kHz/data/T015/T015_019/T015_019_IC03.wav
Converting /autofs/diamond2/share/corpus/CEJC/data/T015/T015_019/T015_019_IC0B.wav to /autofs/diamond2/share/corpus/CEJC_16bit16kHz/data/T015/T015_019/T015_019_IC0B.wav
Converting /autofs/diamond2/share/corpus/CEJC/data/T016/T016_001/T016_001_IC01.wav to /autofs/diamond2/share/corpus/CEJC_16bit16kHz/data/T016/T016_001/T016_001_IC01.wav
Converting /autofs/diamond2/share/corpus/CEJC/data/T016/T016_001/T016_001_IC02.wav to /autofs/diamond2/share/corpus/CEJC_16bit16kHz/data/T016/T016_001/T016_001_IC02.wav
Converting /autofs/diamond2/share/corpus/CEJC/data/T016/T016_001/T016_001_IC03.wav to /autofs/diamond2/share/corpus/CEJC_16bit16kHz/data/T016/T016_001/T016_001_IC03.wav
Converting /autofs/diamond2/share/corpus/CEJC/data/T016/T016_001/T016_001_IC04.wav to /autofs/diamond2/share/corpus/CEJC_16bit16kHz/data/T016/T016_001/T016_001_IC04.wav
Converting /autofs/diamond2/share/corpus/CEJC/data/T016/T016_001/T016_001_IC05.wav to /autofs/diamond2/share/corpus/CEJC_16bit16kHz/data/T016/T016_001/T016_001_IC05.wav
Converting /autofs/diamond2/share/corpus/CEJC/data/T016/T016_001/T016_001_IC0A.wav to /autofs/diamond2/share/corpus/CEJC_16bit16kHz/data/T016/T016_001/T016_001_IC0A.wav
Converting /autofs/diamond2/share/corpus/CEJC/data/T016/T016_002/T016_002_IC01.wav to /autofs/diamond2/share/corpus/CEJC_16bit16kHz/data/T016/T016_002/T016_002_IC01.wav
Converting /autofs/diamond2/share/corpus/CEJC/data/T016/T016_002/T016_002_IC02.wav to /autofs/diamond2/share/corpus/CEJC_16bit16kHz/data/T016/T016_002/T016_002_IC02.wav
Converting /autofs/diamond2/share/corpus/CEJC/data/T016/T016_002/T016_002_IC03.wav to /autofs/diamond2/share/corpus/CEJC_16bit16kHz/data/T016/T016_002/T016_002_IC03.wav
Converting /autofs/diamond2/share/corpus/CEJC/data/T016/T016_002/T016_002_IC04.wav to /autofs/diamond2/share/corpus/CEJC_16bit16kHz/data/T016/T016_002/T016_002_IC04.wav
Converting /autofs/diamond2/share/corpus/CEJC/data/T016/T016_002/T016_002_IC0A.wav to /autofs/diamond2/share/corpus/CEJC_16bit16kHz/data/T016/T016_002/T016_002_IC0A.wav
Converting /autofs/diamond2/share/corpus/CEJC/data/T016/T016_003/T016_003_IC01.wav to /autofs/diamond2/share/corpus/CEJC_16bit16kHz/data/T016/T016_003/T016_003_IC01.wav
Converting /autofs/diamond2/share/corpus/CEJC/data/T016/T016_003/T016_003_IC02.wav to /autofs/diamond2/share/corpus/CEJC_16bit16kHz/data/T016/T016_003/T016_003_IC02.wav
Converting /autofs/diamond2/share/corpus/CEJC/data/T016/T016_003/T016_003_IC0A.wav to /autofs/diamond2/share/corpus/CEJC_16bit16kHz/data/T016/T016_003/T016_003_IC0A.wav
Converting /autofs/diamond2/share/corpus/CEJC/data/T016/T016_004/T016_004a_IC01.wav to /autofs/diamond2/share/corpus/CEJC_16bit16kHz/data/T016/T016_004/T016_004a_IC01.wav
Converting /autofs/diamond2/share/corpus/CEJC/data/T016/T016_004/T016_004a_IC02.wav to /autofs/diamond2/share/corpus/CEJC_16bit16kHz/data/T016/T016_004/T016_004a_IC02.wav
Converting /autofs/diamond2/share/corpus/CEJC/data/T016/T016_004/T016_004a_IC03.wav to /autofs/diamond2/share/corpus/CEJC_16bit16kHz/data/T016/T016_004/T016_004a_IC03.wav
Converting /autofs/diamond2/share/corpus/CEJC/data/T016/T016_004/T016_004a_IC04.wav to /autofs/diamond2/share/corpus/CEJC_16bit16kHz/data/T016/T016_004/T016_004a_IC04.wav
Converting /autofs/diamond2/share/corpus/CEJC/data/T016/T016_004/T016_004a_IC05.wav to /autofs/diamond2/share/corpus/CEJC_16bit16kHz/data/T016/T016_004/T016_004a_IC05.wav
Converting /autofs/diamond2/share/corpus/CEJC/data/T016/T016_004/T016_004a_IC0A.wav to /autofs/diamond2/share/corpus/CEJC_16bit16kHz/data/T016/T016_004/T016_004a_IC0A.wav
Converting /autofs/diamond2/share/corpus/CEJC/data/T016/T016_004/T016_004b_IC01.wav to /autofs/diamond2/share/corpus/CEJC_16bit16kHz/data/T016/T016_004/T016_004b_IC01.wav
Converting /autofs/diamond2/share/corpus/CEJC/data/T016/T016_004/T016_004b_IC02.wav to /autofs/diamond2/share/corpus/CEJC_16bit16kHz/data/T016/T016_004/T016_004b_IC02.wav
Converting /autofs/diamond2/share/corpus/CEJC/data/T016/T016_004/T016_004b_IC03.wav to /autofs/diamond2/share/corpus/CEJC_16bit16kHz/data/T016/T016_004/T016_004b_IC03.wav
Converting /autofs/diamond2/share/corpus/CEJC/data/T016/T016_004/T016_004b_IC04.wav to /autofs/diamond2/share/corpus/CEJC_16bit16kHz/data/T016/T016_004/T016_004b_IC04.wav
Converting /autofs/diamond2/share/corpus/CEJC/data/T016/T016_004/T016_004b_IC05.wav to /autofs/diamond2/share/corpus/CEJC_16bit16kHz/data/T016/T016_004/T016_004b_IC05.wav
Converting /autofs/diamond2/share/corpus/CEJC/data/T016/T016_004/T016_004b_IC0A.wav to /autofs/diamond2/share/corpus/CEJC_16bit16kHz/data/T016/T016_004/T016_004b_IC0A.wav
Converting /autofs/diamond2/share/corpus/CEJC/data/T016/T016_005/T016_005_IC01.wav to /autofs/diamond2/share/corpus/CEJC_16bit16kHz/data/T016/T016_005/T016_005_IC01.wav
Converting /autofs/diamond2/share/corpus/CEJC/data/T016/T016_005/T016_005_IC05.wav to /autofs/diamond2/share/corpus/CEJC_16bit16kHz/data/T016/T016_005/T016_005_IC05.wav
Converting /autofs/diamond2/share/corpus/CEJC/data/T016/T016_005/T016_005_IC0A.wav to /autofs/diamond2/share/corpus/CEJC_16bit16kHz/data/T016/T016_005/T016_005_IC0A.wav
Converting /autofs/diamond2/share/corpus/CEJC/data/T016/T016_005/T016_005_IC0B.wav to /autofs/diamond2/share/corpus/CEJC_16bit16kHz/data/T016/T016_005/T016_005_IC0B.wav
Converting /autofs/diamond2/share/corpus/CEJC/data/T016/T016_006/T016_006a_IC01.wav to /autofs/diamond2/share/corpus/CEJC_16bit16kHz/data/T016/T016_006/T016_006a_IC01.wav
Converting /autofs/diamond2/share/corpus/CEJC/data/T016/T016_006/T016_006a_IC02.wav to /autofs/diamond2/share/corpus/CEJC_16bit16kHz/data/T016/T016_006/T016_006a_IC02.wav
Converting /autofs/diamond2/share/corpus/CEJC/data/T016/T016_006/T016_006a_IC0B.wav to /autofs/diamond2/share/corpus/CEJC_16bit16kHz/data/T016/T016_006/T016_006a_IC0B.wav
Converting /autofs/diamond2/share/corpus/CEJC/data/T016/T016_006/T016_006b_IC01.wav to /autofs/diamond2/share/corpus/CEJC_16bit16kHz/data/T016/T016_006/T016_006b_IC01.wav
Converting /autofs/diamond2/share/corpus/CEJC/data/T016/T016_006/T016_006b_IC02.wav to /autofs/diamond2/share/corpus/CEJC_16bit16kHz/data/T016/T016_006/T016_006b_IC02.wav
Converting /autofs/diamond2/share/corpus/CEJC/data/T016/T016_006/T016_006b_IC0A.wav to /autofs/diamond2/share/corpus/CEJC_16bit16kHz/data/T016/T016_006/T016_006b_IC0A.wav
Converting /autofs/diamond2/share/corpus/CEJC/data/T016/T016_006/T016_006b_IC0B.wav to /autofs/diamond2/share/corpus/CEJC_16bit16kHz/data/T016/T016_006/T016_006b_IC0B.wav
Converting /autofs/diamond2/share/corpus/CEJC/data/T016/T016_007/T016_007_IC01.wav to /autofs/diamond2/share/corpus/CEJC_16bit16kHz/data/T016/T016_007/T016_007_IC01.wav
Converting /autofs/diamond2/share/corpus/CEJC/data/T016/T016_007/T016_007_IC02.wav to /autofs/diamond2/share/corpus/CEJC_16bit16kHz/data/T016/T016_007/T016_007_IC02.wav
Converting /autofs/diamond2/share/corpus/CEJC/data/T016/T016_007/T016_007_IC03.wav to /autofs/diamond2/share/corpus/CEJC_16bit16kHz/data/T016/T016_007/T016_007_IC03.wav
Converting /autofs/diamond2/share/corpus/CEJC/data/T016/T016_007/T016_007_IC04.wav to /autofs/diamond2/share/corpus/CEJC_16bit16kHz/data/T016/T016_007/T016_007_IC04.wav
Converting /autofs/diamond2/share/corpus/CEJC/data/T016/T016_007/T016_007_IC05.wav to /autofs/diamond2/share/corpus/CEJC_16bit16kHz/data/T016/T016_007/T016_007_IC05.wav
Converting /autofs/diamond2/share/corpus/CEJC/data/T016/T016_007/T016_007_IC0B.wav to /autofs/diamond2/share/corpus/CEJC_16bit16kHz/data/T016/T016_007/T016_007_IC0B.wav
Converting /autofs/diamond2/share/corpus/CEJC/data/T016/T016_008/T016_008_IC01.wav to /autofs/diamond2/share/corpus/CEJC_16bit16kHz/data/T016/T016_008/T016_008_IC01.wav
Converting /autofs/diamond2/share/corpus/CEJC/data/T016/T016_008/T016_008_IC0A.wav to /autofs/diamond2/share/corpus/CEJC_16bit16kHz/data/T016/T016_008/T016_008_IC0A.wav
Converting /autofs/diamond2/share/corpus/CEJC/data/T017/T017_004/T017_004_IC01.wav to /autofs/diamond2/share/corpus/CEJC_16bit16kHz/data/T017/T017_004/T017_004_IC01.wav
Converting /autofs/diamond2/share/corpus/CEJC/data/T017/T017_004/T017_004_IC0A.wav to /autofs/diamond2/share/corpus/CEJC_16bit16kHz/data/T017/T017_004/T017_004_IC0A.wav
Converting /autofs/diamond2/share/corpus/CEJC/data/T017/T017_004/T017_004_IC0B.wav to /autofs/diamond2/share/corpus/CEJC_16bit16kHz/data/T017/T017_004/T017_004_IC0B.wav
Converting /autofs/diamond2/share/corpus/CEJC/data/T017/T017_005/T017_005a_IC01.wav to /autofs/diamond2/share/corpus/CEJC_16bit16kHz/data/T017/T017_005/T017_005a_IC01.wav
Converting /autofs/diamond2/share/corpus/CEJC/data/T017/T017_005/T017_005a_IC02.wav to /autofs/diamond2/share/corpus/CEJC_16bit16kHz/data/T017/T017_005/T017_005a_IC02.wav
Converting /autofs/diamond2/share/corpus/CEJC/data/T017/T017_005/T017_005a_IC03.wav to /autofs/diamond2/share/corpus/CEJC_16bit16kHz/data/T017/T017_005/T017_005a_IC03.wav
Converting /autofs/diamond2/share/corpus/CEJC/data/T017/T017_005/T017_005a_IC04.wav to /autofs/diamond2/share/corpus/CEJC_16bit16kHz/data/T017/T017_005/T017_005a_IC04.wav
Converting /autofs/diamond2/share/corpus/CEJC/data/T017/T017_005/T017_005a_IC0A.wav to /autofs/diamond2/share/corpus/CEJC_16bit16kHz/data/T017/T017_005/T017_005a_IC0A.wav
Converting /autofs/diamond2/share/corpus/CEJC/data/T017/T017_005/T017_005b_IC01.wav to /autofs/diamond2/share/corpus/CEJC_16bit16kHz/data/T017/T017_005/T017_005b_IC01.wav
Converting /autofs/diamond2/share/corpus/CEJC/data/T017/T017_005/T017_005b_IC02.wav to /autofs/diamond2/share/corpus/CEJC_16bit16kHz/data/T017/T017_005/T017_005b_IC02.wav
Converting /autofs/diamond2/share/corpus/CEJC/data/T017/T017_005/T017_005b_IC03.wav to /autofs/diamond2/share/corpus/CEJC_16bit16kHz/data/T017/T017_005/T017_005b_IC03.wav
Converting /autofs/diamond2/share/corpus/CEJC/data/T017/T017_005/T017_005b_IC04.wav to /autofs/diamond2/share/corpus/CEJC_16bit16kHz/data/T017/T017_005/T017_005b_IC04.wav
Converting /autofs/diamond2/share/corpus/CEJC/data/T017/T017_005/T017_005b_IC0A.wav to /autofs/diamond2/share/corpus/CEJC_16bit16kHz/data/T017/T017_005/T017_005b_IC0A.wav
Converting /autofs/diamond2/share/corpus/CEJC/data/T017/T017_005/T017_005c_IC01.wav to /autofs/diamond2/share/corpus/CEJC_16bit16kHz/data/T017/T017_005/T017_005c_IC01.wav
Converting /autofs/diamond2/share/corpus/CEJC/data/T017/T017_005/T017_005c_IC02.wav to /autofs/diamond2/share/corpus/CEJC_16bit16kHz/data/T017/T017_005/T017_005c_IC02.wav
Converting /autofs/diamond2/share/corpus/CEJC/data/T017/T017_005/T017_005c_IC03.wav to /autofs/diamond2/share/corpus/CEJC_16bit16kHz/data/T017/T017_005/T017_005c_IC03.wav
Converting /autofs/diamond2/share/corpus/CEJC/data/T017/T017_005/T017_005c_IC04.wav to /autofs/diamond2/share/corpus/CEJC_16bit16kHz/data/T017/T017_005/T017_005c_IC04.wav
Converting /autofs/diamond2/share/corpus/CEJC/data/T017/T017_005/T017_005c_IC0A.wav to /autofs/diamond2/share/corpus/CEJC_16bit16kHz/data/T017/T017_005/T017_005c_IC0A.wav
Converting /autofs/diamond2/share/corpus/CEJC/data/T017/T017_006/T017_006_IC03.wav to /autofs/diamond2/share/corpus/CEJC_16bit16kHz/data/T017/T017_006/T017_006_IC03.wav
Converting /autofs/diamond2/share/corpus/CEJC/data/T017/T017_006/T017_006_IC05.wav to /autofs/diamond2/share/corpus/CEJC_16bit16kHz/data/T017/T017_006/T017_006_IC05.wav
Converting /autofs/diamond2/share/corpus/CEJC/data/T017/T017_006/T017_006_IC0A.wav to /autofs/diamond2/share/corpus/CEJC_16bit16kHz/data/T017/T017_006/T017_006_IC0A.wav
Converting /autofs/diamond2/share/corpus/CEJC/data/T017/T017_008/T017_008_IC01.wav to /autofs/diamond2/share/corpus/CEJC_16bit16kHz/data/T017/T017_008/T017_008_IC01.wav
Converting /autofs/diamond2/share/corpus/CEJC/data/T017/T017_008/T017_008_IC02.wav to /autofs/diamond2/share/corpus/CEJC_16bit16kHz/data/T017/T017_008/T017_008_IC02.wav
Converting /autofs/diamond2/share/corpus/CEJC/data/T017/T017_008/T017_008_IC04.wav to /autofs/diamond2/share/corpus/CEJC_16bit16kHz/data/T017/T017_008/T017_008_IC04.wav
Converting /autofs/diamond2/share/corpus/CEJC/data/T017/T017_008/T017_008_IC0B.wav to /autofs/diamond2/share/corpus/CEJC_16bit16kHz/data/T017/T017_008/T017_008_IC0B.wav
Converting /autofs/diamond2/share/corpus/CEJC/data/T017/T017_011/T017_011a_IC02.wav to /autofs/diamond2/share/corpus/CEJC_16bit16kHz/data/T017/T017_011/T017_011a_IC02.wav
Converting /autofs/diamond2/share/corpus/CEJC/data/T017/T017_011/T017_011a_IC0A.wav to /autofs/diamond2/share/corpus/CEJC_16bit16kHz/data/T017/T017_011/T017_011a_IC0A.wav
Converting /autofs/diamond2/share/corpus/CEJC/data/T017/T017_011/T017_011b_IC02.wav to /autofs/diamond2/share/corpus/CEJC_16bit16kHz/data/T017/T017_011/T017_011b_IC02.wav
Converting /autofs/diamond2/share/corpus/CEJC/data/T017/T017_011/T017_011b_IC0A.wav to /autofs/diamond2/share/corpus/CEJC_16bit16kHz/data/T017/T017_011/T017_011b_IC0A.wav
Converting /autofs/diamond2/share/corpus/CEJC/data/T017/T017_012/T017_012_IC01.wav to /autofs/diamond2/share/corpus/CEJC_16bit16kHz/data/T017/T017_012/T017_012_IC01.wav
Converting /autofs/diamond2/share/corpus/CEJC/data/T017/T017_012/T017_012_IC02.wav to /autofs/diamond2/share/corpus/CEJC_16bit16kHz/data/T017/T017_012/T017_012_IC02.wav
Converting /autofs/diamond2/share/corpus/CEJC/data/T017/T017_012/T017_012_IC0A.wav to /autofs/diamond2/share/corpus/CEJC_16bit16kHz/data/T017/T017_012/T017_012_IC0A.wav
Converting /autofs/diamond2/share/corpus/CEJC/data/T017/T017_016/T017_016_IC01.wav to /autofs/diamond2/share/corpus/CEJC_16bit16kHz/data/T017/T017_016/T017_016_IC01.wav
Converting /autofs/diamond2/share/corpus/CEJC/data/T017/T017_016/T017_016_IC02.wav to /autofs/diamond2/share/corpus/CEJC_16bit16kHz/data/T017/T017_016/T017_016_IC02.wav
Converting /autofs/diamond2/share/corpus/CEJC/data/T017/T017_016/T017_016_IC0B.wav to /autofs/diamond2/share/corpus/CEJC_16bit16kHz/data/T017/T017_016/T017_016_IC0B.wav
Converting /autofs/diamond2/share/corpus/CEJC/data/T017/T017_017/T017_017_IC01.wav to /autofs/diamond2/share/corpus/CEJC_16bit16kHz/data/T017/T017_017/T017_017_IC01.wav
Converting /autofs/diamond2/share/corpus/CEJC/data/T017/T017_017/T017_017_IC02.wav to /autofs/diamond2/share/corpus/CEJC_16bit16kHz/data/T017/T017_017/T017_017_IC02.wav
Converting /autofs/diamond2/share/corpus/CEJC/data/T017/T017_017/T017_017_IC0A.wav to /autofs/diamond2/share/corpus/CEJC_16bit16kHz/data/T017/T017_017/T017_017_IC0A.wav
Converting /autofs/diamond2/share/corpus/CEJC/data/T017/T017_017/T017_017_IC0B.wav to /autofs/diamond2/share/corpus/CEJC_16bit16kHz/data/T017/T017_017/T017_017_IC0B.wav
Converting /autofs/diamond2/share/corpus/CEJC/data/T017/T017_018/T017_018_IC05.wav to /autofs/diamond2/share/corpus/CEJC_16bit16kHz/data/T017/T017_018/T017_018_IC05.wav
Converting /autofs/diamond2/share/corpus/CEJC/data/T017/T017_018/T017_018_IC06.wav to /autofs/diamond2/share/corpus/CEJC_16bit16kHz/data/T017/T017_018/T017_018_IC06.wav
Converting /autofs/diamond2/share/corpus/CEJC/data/T017/T017_018/T017_018_IC0A.wav to /autofs/diamond2/share/corpus/CEJC_16bit16kHz/data/T017/T017_018/T017_018_IC0A.wav
Converting /autofs/diamond2/share/corpus/CEJC/data/T017/T017_018/T017_018_IC0B.wav to /autofs/diamond2/share/corpus/CEJC_16bit16kHz/data/T017/T017_018/T017_018_IC0B.wav
Converting /autofs/diamond2/share/corpus/CEJC/data/T018/T018_001/T018_001_IC01.wav to /autofs/diamond2/share/corpus/CEJC_16bit16kHz/data/T018/T018_001/T018_001_IC01.wav
Converting /autofs/diamond2/share/corpus/CEJC/data/T018/T018_001/T018_001_IC02.wav to /autofs/diamond2/share/corpus/CEJC_16bit16kHz/data/T018/T018_001/T018_001_IC02.wav
Converting /autofs/diamond2/share/corpus/CEJC/data/T018/T018_001/T018_001_IC03.wav to /autofs/diamond2/share/corpus/CEJC_16bit16kHz/data/T018/T018_001/T018_001_IC03.wav
Converting /autofs/diamond2/share/corpus/CEJC/data/T018/T018_001/T018_001_IC0A.wav to /autofs/diamond2/share/corpus/CEJC_16bit16kHz/data/T018/T018_001/T018_001_IC0A.wav
Converting /autofs/diamond2/share/corpus/CEJC/data/T018/T018_004/T018_004_IC02.wav to /autofs/diamond2/share/corpus/CEJC_16bit16kHz/data/T018/T018_004/T018_004_IC02.wav
Converting /autofs/diamond2/share/corpus/CEJC/data/T018/T018_004/T018_004_IC0A.wav to /autofs/diamond2/share/corpus/CEJC_16bit16kHz/data/T018/T018_004/T018_004_IC0A.wav
Converting /autofs/diamond2/share/corpus/CEJC/data/T018/T018_005/T018_005_IC01.wav to /autofs/diamond2/share/corpus/CEJC_16bit16kHz/data/T018/T018_005/T018_005_IC01.wav
Converting /autofs/diamond2/share/corpus/CEJC/data/T018/T018_005/T018_005_IC02.wav to /autofs/diamond2/share/corpus/CEJC_16bit16kHz/data/T018/T018_005/T018_005_IC02.wav
Converting /autofs/diamond2/share/corpus/CEJC/data/T018/T018_005/T018_005_IC03.wav to /autofs/diamond2/share/corpus/CEJC_16bit16kHz/data/T018/T018_005/T018_005_IC03.wav
Converting /autofs/diamond2/share/corpus/CEJC/data/T018/T018_005/T018_005_IC0A.wav to /autofs/diamond2/share/corpus/CEJC_16bit16kHz/data/T018/T018_005/T018_005_IC0A.wav
Converting /autofs/diamond2/share/corpus/CEJC/data/T018/T018_006/T018_006a_IC01.wav to /autofs/diamond2/share/corpus/CEJC_16bit16kHz/data/T018/T018_006/T018_006a_IC01.wav
Converting /autofs/diamond2/share/corpus/CEJC/data/T018/T018_006/T018_006a_IC02.wav to /autofs/diamond2/share/corpus/CEJC_16bit16kHz/data/T018/T018_006/T018_006a_IC02.wav
Converting /autofs/diamond2/share/corpus/CEJC/data/T018/T018_006/T018_006a_IC03.wav to /autofs/diamond2/share/corpus/CEJC_16bit16kHz/data/T018/T018_006/T018_006a_IC03.wav
Converting /autofs/diamond2/share/corpus/CEJC/data/T018/T018_006/T018_006a_IC0A.wav to /autofs/diamond2/share/corpus/CEJC_16bit16kHz/data/T018/T018_006/T018_006a_IC0A.wav
Converting /autofs/diamond2/share/corpus/CEJC/data/T018/T018_006/T018_006b_IC01.wav to /autofs/diamond2/share/corpus/CEJC_16bit16kHz/data/T018/T018_006/T018_006b_IC01.wav
Converting /autofs/diamond2/share/corpus/CEJC/data/T018/T018_006/T018_006b_IC02.wav to /autofs/diamond2/share/corpus/CEJC_16bit16kHz/data/T018/T018_006/T018_006b_IC02.wav
Converting /autofs/diamond2/share/corpus/CEJC/data/T018/T018_006/T018_006b_IC03.wav to /autofs/diamond2/share/corpus/CEJC_16bit16kHz/data/T018/T018_006/T018_006b_IC03.wav
Converting /autofs/diamond2/share/corpus/CEJC/data/T018/T018_006/T018_006b_IC0A.wav to /autofs/diamond2/share/corpus/CEJC_16bit16kHz/data/T018/T018_006/T018_006b_IC0A.wav
Converting /autofs/diamond2/share/corpus/CEJC/data/T018/T018_014/T018_014_IC01.wav to /autofs/diamond2/share/corpus/CEJC_16bit16kHz/data/T018/T018_014/T018_014_IC01.wav
Converting /autofs/diamond2/share/corpus/CEJC/data/T018/T018_014/T018_014_IC02.wav to /autofs/diamond2/share/corpus/CEJC_16bit16kHz/data/T018/T018_014/T018_014_IC02.wav
Converting /autofs/diamond2/share/corpus/CEJC/data/T018/T018_014/T018_014_IC03.wav to /autofs/diamond2/share/corpus/CEJC_16bit16kHz/data/T018/T018_014/T018_014_IC03.wav
Converting /autofs/diamond2/share/corpus/CEJC/data/T018/T018_014/T018_014_IC0A.wav to /autofs/diamond2/share/corpus/CEJC_16bit16kHz/data/T018/T018_014/T018_014_IC0A.wav
Converting /autofs/diamond2/share/corpus/CEJC/data/T018/T018_017/T018_017_IC01.wav to /autofs/diamond2/share/corpus/CEJC_16bit16kHz/data/T018/T018_017/T018_017_IC01.wav
Converting /autofs/diamond2/share/corpus/CEJC/data/T018/T018_017/T018_017_IC02.wav to /autofs/diamond2/share/corpus/CEJC_16bit16kHz/data/T018/T018_017/T018_017_IC02.wav
Converting /autofs/diamond2/share/corpus/CEJC/data/T018/T018_017/T018_017_IC0A.wav to /autofs/diamond2/share/corpus/CEJC_16bit16kHz/data/T018/T018_017/T018_017_IC0A.wav
Converting /autofs/diamond2/share/corpus/CEJC/data/T018/T018_021/T018_021_IC01.wav to /autofs/diamond2/share/corpus/CEJC_16bit16kHz/data/T018/T018_021/T018_021_IC01.wav
Converting /autofs/diamond2/share/corpus/CEJC/data/T018/T018_021/T018_021_IC02.wav to /autofs/diamond2/share/corpus/CEJC_16bit16kHz/data/T018/T018_021/T018_021_IC02.wav
Converting /autofs/diamond2/share/corpus/CEJC/data/T018/T018_021/T018_021_IC0A.wav to /autofs/diamond2/share/corpus/CEJC_16bit16kHz/data/T018/T018_021/T018_021_IC0A.wav
Converting /autofs/diamond2/share/corpus/CEJC/data/T018/T018_022/T018_022_IC01.wav to /autofs/diamond2/share/corpus/CEJC_16bit16kHz/data/T018/T018_022/T018_022_IC01.wav
Converting /autofs/diamond2/share/corpus/CEJC/data/T018/T018_022/T018_022_IC02.wav to /autofs/diamond2/share/corpus/CEJC_16bit16kHz/data/T018/T018_022/T018_022_IC02.wav
Converting /autofs/diamond2/share/corpus/CEJC/data/T018/T018_022/T018_022_IC0A.wav to /autofs/diamond2/share/corpus/CEJC_16bit16kHz/data/T018/T018_022/T018_022_IC0A.wav
Converting /autofs/diamond2/share/corpus/CEJC/data/T019/T019_002/T019_002_IC01.wav to /autofs/diamond2/share/corpus/CEJC_16bit16kHz/data/T019/T019_002/T019_002_IC01.wav
Converting /autofs/diamond2/share/corpus/CEJC/data/T019/T019_002/T019_002_IC02.wav to /autofs/diamond2/share/corpus/CEJC_16bit16kHz/data/T019/T019_002/T019_002_IC02.wav
Converting /autofs/diamond2/share/corpus/CEJC/data/T019/T019_002/T019_002_IC03.wav to /autofs/diamond2/share/corpus/CEJC_16bit16kHz/data/T019/T019_002/T019_002_IC03.wav
Converting /autofs/diamond2/share/corpus/CEJC/data/T019/T019_002/T019_002_IC04.wav to /autofs/diamond2/share/corpus/CEJC_16bit16kHz/data/T019/T019_002/T019_002_IC04.wav
Converting /autofs/diamond2/share/corpus/CEJC/data/T019/T019_002/T019_002_IC0B.wav to /autofs/diamond2/share/corpus/CEJC_16bit16kHz/data/T019/T019_002/T019_002_IC0B.wav
Converting /autofs/diamond2/share/corpus/CEJC/data/T019/T019_004/T019_004_IC03.wav to /autofs/diamond2/share/corpus/CEJC_16bit16kHz/data/T019/T019_004/T019_004_IC03.wav
Converting /autofs/diamond2/share/corpus/CEJC/data/T019/T019_004/T019_004_IC04.wav to /autofs/diamond2/share/corpus/CEJC_16bit16kHz/data/T019/T019_004/T019_004_IC04.wav
Converting /autofs/diamond2/share/corpus/CEJC/data/T019/T019_004/T019_004_IC05.wav to /autofs/diamond2/share/corpus/CEJC_16bit16kHz/data/T019/T019_004/T019_004_IC05.wav
Converting /autofs/diamond2/share/corpus/CEJC/data/T019/T019_004/T019_004_IC0A.wav to /autofs/diamond2/share/corpus/CEJC_16bit16kHz/data/T019/T019_004/T019_004_IC0A.wav
Converting /autofs/diamond2/share/corpus/CEJC/data/T019/T019_005/T019_005a_IC01.wav to /autofs/diamond2/share/corpus/CEJC_16bit16kHz/data/T019/T019_005/T019_005a_IC01.wav
Converting /autofs/diamond2/share/corpus/CEJC/data/T019/T019_005/T019_005a_IC02.wav to /autofs/diamond2/share/corpus/CEJC_16bit16kHz/data/T019/T019_005/T019_005a_IC02.wav
Converting /autofs/diamond2/share/corpus/CEJC/data/T019/T019_005/T019_005a_IC03.wav to /autofs/diamond2/share/corpus/CEJC_16bit16kHz/data/T019/T019_005/T019_005a_IC03.wav
Converting /autofs/diamond2/share/corpus/CEJC/data/T019/T019_005/T019_005a_IC04.wav to /autofs/diamond2/share/corpus/CEJC_16bit16kHz/data/T019/T019_005/T019_005a_IC04.wav
Converting /autofs/diamond2/share/corpus/CEJC/data/T019/T019_005/T019_005a_IC05.wav to /autofs/diamond2/share/corpus/CEJC_16bit16kHz/data/T019/T019_005/T019_005a_IC05.wav
Converting /autofs/diamond2/share/corpus/CEJC/data/T019/T019_005/T019_005a_IC0A.wav to /autofs/diamond2/share/corpus/CEJC_16bit16kHz/data/T019/T019_005/T019_005a_IC0A.wav
Converting /autofs/diamond2/share/corpus/CEJC/data/T019/T019_005/T019_005a_IC0B.wav to /autofs/diamond2/share/corpus/CEJC_16bit16kHz/data/T019/T019_005/T019_005a_IC0B.wav
Converting /autofs/diamond2/share/corpus/CEJC/data/T019/T019_005/T019_005b_IC01.wav to /autofs/diamond2/share/corpus/CEJC_16bit16kHz/data/T019/T019_005/T019_005b_IC01.wav
Converting /autofs/diamond2/share/corpus/CEJC/data/T019/T019_005/T019_005b_IC02.wav to /autofs/diamond2/share/corpus/CEJC_16bit16kHz/data/T019/T019_005/T019_005b_IC02.wav
Converting /autofs/diamond2/share/corpus/CEJC/data/T019/T019_005/T019_005b_IC03.wav to /autofs/diamond2/share/corpus/CEJC_16bit16kHz/data/T019/T019_005/T019_005b_IC03.wav
Converting /autofs/diamond2/share/corpus/CEJC/data/T019/T019_005/T019_005b_IC04.wav to /autofs/diamond2/share/corpus/CEJC_16bit16kHz/data/T019/T019_005/T019_005b_IC04.wav
Converting /autofs/diamond2/share/corpus/CEJC/data/T019/T019_005/T019_005b_IC05.wav to /autofs/diamond2/share/corpus/CEJC_16bit16kHz/data/T019/T019_005/T019_005b_IC05.wav
Converting /autofs/diamond2/share/corpus/CEJC/data/T019/T019_005/T019_005b_IC0A.wav to /autofs/diamond2/share/corpus/CEJC_16bit16kHz/data/T019/T019_005/T019_005b_IC0A.wav
Converting /autofs/diamond2/share/corpus/CEJC/data/T019/T019_005/T019_005b_IC0B.wav to /autofs/diamond2/share/corpus/CEJC_16bit16kHz/data/T019/T019_005/T019_005b_IC0B.wav
Converting /autofs/diamond2/share/corpus/CEJC/data/T019/T019_008/T019_008a_IC01.wav to /autofs/diamond2/share/corpus/CEJC_16bit16kHz/data/T019/T019_008/T019_008a_IC01.wav
Converting /autofs/diamond2/share/corpus/CEJC/data/T019/T019_008/T019_008a_IC02.wav to /autofs/diamond2/share/corpus/CEJC_16bit16kHz/data/T019/T019_008/T019_008a_IC02.wav
Converting /autofs/diamond2/share/corpus/CEJC/data/T019/T019_008/T019_008a_IC0A.wav to /autofs/diamond2/share/corpus/CEJC_16bit16kHz/data/T019/T019_008/T019_008a_IC0A.wav
Converting /autofs/diamond2/share/corpus/CEJC/data/T019/T019_008/T019_008a_IC0B.wav to /autofs/diamond2/share/corpus/CEJC_16bit16kHz/data/T019/T019_008/T019_008a_IC0B.wav
Converting /autofs/diamond2/share/corpus/CEJC/data/T019/T019_008/T019_008b_IC01.wav to /autofs/diamond2/share/corpus/CEJC_16bit16kHz/data/T019/T019_008/T019_008b_IC01.wav
Converting /autofs/diamond2/share/corpus/CEJC/data/T019/T019_008/T019_008b_IC02.wav to /autofs/diamond2/share/corpus/CEJC_16bit16kHz/data/T019/T019_008/T019_008b_IC02.wav
Converting /autofs/diamond2/share/corpus/CEJC/data/T019/T019_008/T019_008b_IC0A.wav to /autofs/diamond2/share/corpus/CEJC_16bit16kHz/data/T019/T019_008/T019_008b_IC0A.wav
Converting /autofs/diamond2/share/corpus/CEJC/data/T019/T019_008/T019_008b_IC0B.wav to /autofs/diamond2/share/corpus/CEJC_16bit16kHz/data/T019/T019_008/T019_008b_IC0B.wav
Converting /autofs/diamond2/share/corpus/CEJC/data/T019/T019_010/T019_010_IC01.wav to /autofs/diamond2/share/corpus/CEJC_16bit16kHz/data/T019/T019_010/T019_010_IC01.wav
Converting /autofs/diamond2/share/corpus/CEJC/data/T019/T019_010/T019_010_IC02.wav to /autofs/diamond2/share/corpus/CEJC_16bit16kHz/data/T019/T019_010/T019_010_IC02.wav
Converting /autofs/diamond2/share/corpus/CEJC/data/T019/T019_010/T019_010_IC03.wav to /autofs/diamond2/share/corpus/CEJC_16bit16kHz/data/T019/T019_010/T019_010_IC03.wav
Converting /autofs/diamond2/share/corpus/CEJC/data/T019/T019_010/T019_010_IC04.wav to /autofs/diamond2/share/corpus/CEJC_16bit16kHz/data/T019/T019_010/T019_010_IC04.wav
Converting /autofs/diamond2/share/corpus/CEJC/data/T019/T019_010/T019_010_IC0B.wav to /autofs/diamond2/share/corpus/CEJC_16bit16kHz/data/T019/T019_010/T019_010_IC0B.wav
Converting /autofs/diamond2/share/corpus/CEJC/data/T019/T019_011/T019_011a_IC01.wav to /autofs/diamond2/share/corpus/CEJC_16bit16kHz/data/T019/T019_011/T019_011a_IC01.wav
Converting /autofs/diamond2/share/corpus/CEJC/data/T019/T019_011/T019_011a_IC02.wav to /autofs/diamond2/share/corpus/CEJC_16bit16kHz/data/T019/T019_011/T019_011a_IC02.wav
Converting /autofs/diamond2/share/corpus/CEJC/data/T019/T019_011/T019_011a_IC0B.wav to /autofs/diamond2/share/corpus/CEJC_16bit16kHz/data/T019/T019_011/T019_011a_IC0B.wav
Converting /autofs/diamond2/share/corpus/CEJC/data/T019/T019_011/T019_011b_IC01.wav to /autofs/diamond2/share/corpus/CEJC_16bit16kHz/data/T019/T019_011/T019_011b_IC01.wav
Converting /autofs/diamond2/share/corpus/CEJC/data/T019/T019_011/T019_011b_IC02.wav to /autofs/diamond2/share/corpus/CEJC_16bit16kHz/data/T019/T019_011/T019_011b_IC02.wav
Converting /autofs/diamond2/share/corpus/CEJC/data/T019/T019_011/T019_011b_IC0B.wav to /autofs/diamond2/share/corpus/CEJC_16bit16kHz/data/T019/T019_011/T019_011b_IC0B.wav
Converting /autofs/diamond2/share/corpus/CEJC/data/T019/T019_015/T019_015_IC01.wav to /autofs/diamond2/share/corpus/CEJC_16bit16kHz/data/T019/T019_015/T019_015_IC01.wav
Converting /autofs/diamond2/share/corpus/CEJC/data/T019/T019_015/T019_015_IC02.wav to /autofs/diamond2/share/corpus/CEJC_16bit16kHz/data/T019/T019_015/T019_015_IC02.wav
Converting /autofs/diamond2/share/corpus/CEJC/data/T019/T019_015/T019_015_IC03.wav to /autofs/diamond2/share/corpus/CEJC_16bit16kHz/data/T019/T019_015/T019_015_IC03.wav
Converting /autofs/diamond2/share/corpus/CEJC/data/T019/T019_015/T019_015_IC04.wav to /autofs/diamond2/share/corpus/CEJC_16bit16kHz/data/T019/T019_015/T019_015_IC04.wav
Converting /autofs/diamond2/share/corpus/CEJC/data/T019/T019_015/T019_015_IC0A.wav to /autofs/diamond2/share/corpus/CEJC_16bit16kHz/data/T019/T019_015/T019_015_IC0A.wav
Converting /autofs/diamond2/share/corpus/CEJC/data/T019/T019_016/T019_016_IC01.wav to /autofs/diamond2/share/corpus/CEJC_16bit16kHz/data/T019/T019_016/T019_016_IC01.wav
Converting /autofs/diamond2/share/corpus/CEJC/data/T019/T019_016/T019_016_IC02.wav to /autofs/diamond2/share/corpus/CEJC_16bit16kHz/data/T019/T019_016/T019_016_IC02.wav
Converting /autofs/diamond2/share/corpus/CEJC/data/T019/T019_016/T019_016_IC0A.wav to /autofs/diamond2/share/corpus/CEJC_16bit16kHz/data/T019/T019_016/T019_016_IC0A.wav
Converting /autofs/diamond2/share/corpus/CEJC/data/T020/T020_001/T020_001_IC01.wav to /autofs/diamond2/share/corpus/CEJC_16bit16kHz/data/T020/T020_001/T020_001_IC01.wav
Converting /autofs/diamond2/share/corpus/CEJC/data/T020/T020_001/T020_001_IC02.wav to /autofs/diamond2/share/corpus/CEJC_16bit16kHz/data/T020/T020_001/T020_001_IC02.wav
Converting /autofs/diamond2/share/corpus/CEJC/data/T020/T020_001/T020_001_IC03.wav to /autofs/diamond2/share/corpus/CEJC_16bit16kHz/data/T020/T020_001/T020_001_IC03.wav
Converting /autofs/diamond2/share/corpus/CEJC/data/T020/T020_001/T020_001_IC04.wav to /autofs/diamond2/share/corpus/CEJC_16bit16kHz/data/T020/T020_001/T020_001_IC04.wav
Converting /autofs/diamond2/share/corpus/CEJC/data/T020/T020_001/T020_001_IC0B.wav to /autofs/diamond2/share/corpus/CEJC_16bit16kHz/data/T020/T020_001/T020_001_IC0B.wav
Converting /autofs/diamond2/share/corpus/CEJC/data/T020/T020_003/T020_003_IC01.wav to /autofs/diamond2/share/corpus/CEJC_16bit16kHz/data/T020/T020_003/T020_003_IC01.wav
Converting /autofs/diamond2/share/corpus/CEJC/data/T020/T020_003/T020_003_IC03.wav to /autofs/diamond2/share/corpus/CEJC_16bit16kHz/data/T020/T020_003/T020_003_IC03.wav
Converting /autofs/diamond2/share/corpus/CEJC/data/T020/T020_003/T020_003_IC0B.wav to /autofs/diamond2/share/corpus/CEJC_16bit16kHz/data/T020/T020_003/T020_003_IC0B.wav
Converting /autofs/diamond2/share/corpus/CEJC/data/T020/T020_004/T020_004_IC01.wav to /autofs/diamond2/share/corpus/CEJC_16bit16kHz/data/T020/T020_004/T020_004_IC01.wav
Converting /autofs/diamond2/share/corpus/CEJC/data/T020/T020_004/T020_004_IC03.wav to /autofs/diamond2/share/corpus/CEJC_16bit16kHz/data/T020/T020_004/T020_004_IC03.wav
Converting /autofs/diamond2/share/corpus/CEJC/data/T020/T020_004/T020_004_IC04.wav to /autofs/diamond2/share/corpus/CEJC_16bit16kHz/data/T020/T020_004/T020_004_IC04.wav
Converting /autofs/diamond2/share/corpus/CEJC/data/T020/T020_004/T020_004_IC0B.wav to /autofs/diamond2/share/corpus/CEJC_16bit16kHz/data/T020/T020_004/T020_004_IC0B.wav
Converting /autofs/diamond2/share/corpus/CEJC/data/T020/T020_006/T020_006_IC01.wav to /autofs/diamond2/share/corpus/CEJC_16bit16kHz/data/T020/T020_006/T020_006_IC01.wav
Converting /autofs/diamond2/share/corpus/CEJC/data/T020/T020_006/T020_006_IC02.wav to /autofs/diamond2/share/corpus/CEJC_16bit16kHz/data/T020/T020_006/T020_006_IC02.wav
Converting /autofs/diamond2/share/corpus/CEJC/data/T020/T020_006/T020_006_IC0A.wav to /autofs/diamond2/share/corpus/CEJC_16bit16kHz/data/T020/T020_006/T020_006_IC0A.wav
Converting /autofs/diamond2/share/corpus/CEJC/data/T020/T020_007/T020_007_IC01.wav to /autofs/diamond2/share/corpus/CEJC_16bit16kHz/data/T020/T020_007/T020_007_IC01.wav
Converting /autofs/diamond2/share/corpus/CEJC/data/T020/T020_007/T020_007_IC02.wav to /autofs/diamond2/share/corpus/CEJC_16bit16kHz/data/T020/T020_007/T020_007_IC02.wav
Converting /autofs/diamond2/share/corpus/CEJC/data/T020/T020_007/T020_007_IC0A.wav to /autofs/diamond2/share/corpus/CEJC_16bit16kHz/data/T020/T020_007/T020_007_IC0A.wav
Converting /autofs/diamond2/share/corpus/CEJC/data/T020/T020_008/T020_008_IC01.wav to /autofs/diamond2/share/corpus/CEJC_16bit16kHz/data/T020/T020_008/T020_008_IC01.wav
Converting /autofs/diamond2/share/corpus/CEJC/data/T020/T020_008/T020_008_IC02.wav to /autofs/diamond2/share/corpus/CEJC_16bit16kHz/data/T020/T020_008/T020_008_IC02.wav
Converting /autofs/diamond2/share/corpus/CEJC/data/T020/T020_008/T020_008_IC0A.wav to /autofs/diamond2/share/corpus/CEJC_16bit16kHz/data/T020/T020_008/T020_008_IC0A.wav
Converting /autofs/diamond2/share/corpus/CEJC/data/T020/T020_009/T020_009_IC01.wav to /autofs/diamond2/share/corpus/CEJC_16bit16kHz/data/T020/T020_009/T020_009_IC01.wav
Converting /autofs/diamond2/share/corpus/CEJC/data/T020/T020_009/T020_009_IC02.wav to /autofs/diamond2/share/corpus/CEJC_16bit16kHz/data/T020/T020_009/T020_009_IC02.wav
Converting /autofs/diamond2/share/corpus/CEJC/data/T020/T020_009/T020_009_IC0A.wav to /autofs/diamond2/share/corpus/CEJC_16bit16kHz/data/T020/T020_009/T020_009_IC0A.wav
Converting /autofs/diamond2/share/corpus/CEJC/data/T020/T020_010/T020_010a_IC01.wav to /autofs/diamond2/share/corpus/CEJC_16bit16kHz/data/T020/T020_010/T020_010a_IC01.wav
Converting /autofs/diamond2/share/corpus/CEJC/data/T020/T020_010/T020_010a_IC02.wav to /autofs/diamond2/share/corpus/CEJC_16bit16kHz/data/T020/T020_010/T020_010a_IC02.wav
Converting /autofs/diamond2/share/corpus/CEJC/data/T020/T020_010/T020_010a_IC0A.wav to /autofs/diamond2/share/corpus/CEJC_16bit16kHz/data/T020/T020_010/T020_010a_IC0A.wav
Converting /autofs/diamond2/share/corpus/CEJC/data/T020/T020_010/T020_010b_IC01.wav to /autofs/diamond2/share/corpus/CEJC_16bit16kHz/data/T020/T020_010/T020_010b_IC01.wav
Converting /autofs/diamond2/share/corpus/CEJC/data/T020/T020_010/T020_010b_IC02.wav to /autofs/diamond2/share/corpus/CEJC_16bit16kHz/data/T020/T020_010/T020_010b_IC02.wav
Converting /autofs/diamond2/share/corpus/CEJC/data/T020/T020_010/T020_010b_IC0A.wav to /autofs/diamond2/share/corpus/CEJC_16bit16kHz/data/T020/T020_010/T020_010b_IC0A.wav
Converting /autofs/diamond2/share/corpus/CEJC/data/T020/T020_010/T020_010c_IC01.wav to /autofs/diamond2/share/corpus/CEJC_16bit16kHz/data/T020/T020_010/T020_010c_IC01.wav
Converting /autofs/diamond2/share/corpus/CEJC/data/T020/T020_010/T020_010c_IC02.wav to /autofs/diamond2/share/corpus/CEJC_16bit16kHz/data/T020/T020_010/T020_010c_IC02.wav
Converting /autofs/diamond2/share/corpus/CEJC/data/T020/T020_010/T020_010c_IC0A.wav to /autofs/diamond2/share/corpus/CEJC_16bit16kHz/data/T020/T020_010/T020_010c_IC0A.wav
Converting /autofs/diamond2/share/corpus/CEJC/data/T020/T020_010/T020_010d_IC01.wav to /autofs/diamond2/share/corpus/CEJC_16bit16kHz/data/T020/T020_010/T020_010d_IC01.wav
Converting /autofs/diamond2/share/corpus/CEJC/data/T020/T020_010/T020_010d_IC02.wav to /autofs/diamond2/share/corpus/CEJC_16bit16kHz/data/T020/T020_010/T020_010d_IC02.wav
Converting /autofs/diamond2/share/corpus/CEJC/data/T020/T020_010/T020_010d_IC0A.wav to /autofs/diamond2/share/corpus/CEJC_16bit16kHz/data/T020/T020_010/T020_010d_IC0A.wav
Converting /autofs/diamond2/share/corpus/CEJC/data/T020/T020_011/T020_011_IC01.wav to /autofs/diamond2/share/corpus/CEJC_16bit16kHz/data/T020/T020_011/T020_011_IC01.wav
Converting /autofs/diamond2/share/corpus/CEJC/data/T020/T020_011/T020_011_IC02.wav to /autofs/diamond2/share/corpus/CEJC_16bit16kHz/data/T020/T020_011/T020_011_IC02.wav
Converting /autofs/diamond2/share/corpus/CEJC/data/T020/T020_011/T020_011_IC03.wav to /autofs/diamond2/share/corpus/CEJC_16bit16kHz/data/T020/T020_011/T020_011_IC03.wav
Converting /autofs/diamond2/share/corpus/CEJC/data/T020/T020_011/T020_011_IC04.wav to /autofs/diamond2/share/corpus/CEJC_16bit16kHz/data/T020/T020_011/T020_011_IC04.wav
Converting /autofs/diamond2/share/corpus/CEJC/data/T020/T020_011/T020_011_IC05.wav to /autofs/diamond2/share/corpus/CEJC_16bit16kHz/data/T020/T020_011/T020_011_IC05.wav
Converting /autofs/diamond2/share/corpus/CEJC/data/T020/T020_011/T020_011_IC0A.wav to /autofs/diamond2/share/corpus/CEJC_16bit16kHz/data/T020/T020_011/T020_011_IC0A.wav
Converting /autofs/diamond2/share/corpus/CEJC/data/T020/T020_012/T020_012_IC01.wav to /autofs/diamond2/share/corpus/CEJC_16bit16kHz/data/T020/T020_012/T020_012_IC01.wav
Converting /autofs/diamond2/share/corpus/CEJC/data/T020/T020_012/T020_012_IC02.wav to /autofs/diamond2/share/corpus/CEJC_16bit16kHz/data/T020/T020_012/T020_012_IC02.wav
Converting /autofs/diamond2/share/corpus/CEJC/data/T020/T020_012/T020_012_IC03.wav to /autofs/diamond2/share/corpus/CEJC_16bit16kHz/data/T020/T020_012/T020_012_IC03.wav
Converting /autofs/diamond2/share/corpus/CEJC/data/T020/T020_012/T020_012_IC0A.wav to /autofs/diamond2/share/corpus/CEJC_16bit16kHz/data/T020/T020_012/T020_012_IC0A.wav
Converting /autofs/diamond2/share/corpus/CEJC/data/T020/T020_013/T020_013a_IC01.wav to /autofs/diamond2/share/corpus/CEJC_16bit16kHz/data/T020/T020_013/T020_013a_IC01.wav
Converting /autofs/diamond2/share/corpus/CEJC/data/T020/T020_013/T020_013a_IC02.wav to /autofs/diamond2/share/corpus/CEJC_16bit16kHz/data/T020/T020_013/T020_013a_IC02.wav
Converting /autofs/diamond2/share/corpus/CEJC/data/T020/T020_013/T020_013a_IC0A.wav to /autofs/diamond2/share/corpus/CEJC_16bit16kHz/data/T020/T020_013/T020_013a_IC0A.wav
Converting /autofs/diamond2/share/corpus/CEJC/data/T020/T020_013/T020_013b_IC01.wav to /autofs/diamond2/share/corpus/CEJC_16bit16kHz/data/T020/T020_013/T020_013b_IC01.wav
Converting /autofs/diamond2/share/corpus/CEJC/data/T020/T020_013/T020_013b_IC02.wav to /autofs/diamond2/share/corpus/CEJC_16bit16kHz/data/T020/T020_013/T020_013b_IC02.wav
Converting /autofs/diamond2/share/corpus/CEJC/data/T020/T020_013/T020_013b_IC0A.wav to /autofs/diamond2/share/corpus/CEJC_16bit16kHz/data/T020/T020_013/T020_013b_IC0A.wav
Converting /autofs/diamond2/share/corpus/CEJC/data/T020/T020_020/T020_020a_IC01.wav to /autofs/diamond2/share/corpus/CEJC_16bit16kHz/data/T020/T020_020/T020_020a_IC01.wav
Converting /autofs/diamond2/share/corpus/CEJC/data/T020/T020_020/T020_020a_IC03.wav to /autofs/diamond2/share/corpus/CEJC_16bit16kHz/data/T020/T020_020/T020_020a_IC03.wav
Converting /autofs/diamond2/share/corpus/CEJC/data/T020/T020_020/T020_020a_IC04.wav to /autofs/diamond2/share/corpus/CEJC_16bit16kHz/data/T020/T020_020/T020_020a_IC04.wav
Converting /autofs/diamond2/share/corpus/CEJC/data/T020/T020_020/T020_020a_IC0A.wav to /autofs/diamond2/share/corpus/CEJC_16bit16kHz/data/T020/T020_020/T020_020a_IC0A.wav
Converting /autofs/diamond2/share/corpus/CEJC/data/T020/T020_020/T020_020b_IC01.wav to /autofs/diamond2/share/corpus/CEJC_16bit16kHz/data/T020/T020_020/T020_020b_IC01.wav
Converting /autofs/diamond2/share/corpus/CEJC/data/T020/T020_020/T020_020b_IC03.wav to /autofs/diamond2/share/corpus/CEJC_16bit16kHz/data/T020/T020_020/T020_020b_IC03.wav
Converting /autofs/diamond2/share/corpus/CEJC/data/T020/T020_020/T020_020b_IC04.wav to /autofs/diamond2/share/corpus/CEJC_16bit16kHz/data/T020/T020_020/T020_020b_IC04.wav
Converting /autofs/diamond2/share/corpus/CEJC/data/T020/T020_020/T020_020b_IC0A.wav to /autofs/diamond2/share/corpus/CEJC_16bit16kHz/data/T020/T020_020/T020_020b_IC0A.wav
Converting /autofs/diamond2/share/corpus/CEJC/data/T020/T020_021/T020_021_IC01.wav to /autofs/diamond2/share/corpus/CEJC_16bit16kHz/data/T020/T020_021/T020_021_IC01.wav
Converting /autofs/diamond2/share/corpus/CEJC/data/T020/T020_021/T020_021_IC03.wav to /autofs/diamond2/share/corpus/CEJC_16bit16kHz/data/T020/T020_021/T020_021_IC03.wav
Converting /autofs/diamond2/share/corpus/CEJC/data/T020/T020_021/T020_021_IC04.wav to /autofs/diamond2/share/corpus/CEJC_16bit16kHz/data/T020/T020_021/T020_021_IC04.wav
Converting /autofs/diamond2/share/corpus/CEJC/data/T020/T020_021/T020_021_IC05.wav to /autofs/diamond2/share/corpus/CEJC_16bit16kHz/data/T020/T020_021/T020_021_IC05.wav
Converting /autofs/diamond2/share/corpus/CEJC/data/T020/T020_021/T020_021_IC0A.wav to /autofs/diamond2/share/corpus/CEJC_16bit16kHz/data/T020/T020_021/T020_021_IC0A.wav
Converting /autofs/diamond2/share/corpus/CEJC/data/T020/T020_022/T020_022a_IC01.wav to /autofs/diamond2/share/corpus/CEJC_16bit16kHz/data/T020/T020_022/T020_022a_IC01.wav
Converting /autofs/diamond2/share/corpus/CEJC/data/T020/T020_022/T020_022a_IC02.wav to /autofs/diamond2/share/corpus/CEJC_16bit16kHz/data/T020/T020_022/T020_022a_IC02.wav
Converting /autofs/diamond2/share/corpus/CEJC/data/T020/T020_022/T020_022a_IC0A.wav to /autofs/diamond2/share/corpus/CEJC_16bit16kHz/data/T020/T020_022/T020_022a_IC0A.wav
Converting /autofs/diamond2/share/corpus/CEJC/data/T020/T020_022/T020_022a_IC0B.wav to /autofs/diamond2/share/corpus/CEJC_16bit16kHz/data/T020/T020_022/T020_022a_IC0B.wav
Converting /autofs/diamond2/share/corpus/CEJC/data/T020/T020_022/T020_022b_IC01.wav to /autofs/diamond2/share/corpus/CEJC_16bit16kHz/data/T020/T020_022/T020_022b_IC01.wav
Converting /autofs/diamond2/share/corpus/CEJC/data/T020/T020_022/T020_022b_IC02.wav to /autofs/diamond2/share/corpus/CEJC_16bit16kHz/data/T020/T020_022/T020_022b_IC02.wav
Converting /autofs/diamond2/share/corpus/CEJC/data/T020/T020_022/T020_022b_IC0A.wav to /autofs/diamond2/share/corpus/CEJC_16bit16kHz/data/T020/T020_022/T020_022b_IC0A.wav
Converting /autofs/diamond2/share/corpus/CEJC/data/T020/T020_022/T020_022b_IC0B.wav to /autofs/diamond2/share/corpus/CEJC_16bit16kHz/data/T020/T020_022/T020_022b_IC0B.wav
Converting /autofs/diamond2/share/corpus/CEJC/data/T020/T020_022/T020_022c_IC01.wav to /autofs/diamond2/share/corpus/CEJC_16bit16kHz/data/T020/T020_022/T020_022c_IC01.wav
Converting /autofs/diamond2/share/corpus/CEJC/data/T020/T020_022/T020_022c_IC02.wav to /autofs/diamond2/share/corpus/CEJC_16bit16kHz/data/T020/T020_022/T020_022c_IC02.wav
Converting /autofs/diamond2/share/corpus/CEJC/data/T020/T020_022/T020_022c_IC0A.wav to /autofs/diamond2/share/corpus/CEJC_16bit16kHz/data/T020/T020_022/T020_022c_IC0A.wav
Converting /autofs/diamond2/share/corpus/CEJC/data/T020/T020_022/T020_022c_IC0B.wav to /autofs/diamond2/share/corpus/CEJC_16bit16kHz/data/T020/T020_022/T020_022c_IC0B.wav
Converting /autofs/diamond2/share/corpus/CEJC/data/T020/T020_022/T020_022d_IC01.wav to /autofs/diamond2/share/corpus/CEJC_16bit16kHz/data/T020/T020_022/T020_022d_IC01.wav
Converting /autofs/diamond2/share/corpus/CEJC/data/T020/T020_022/T020_022d_IC02.wav to /autofs/diamond2/share/corpus/CEJC_16bit16kHz/data/T020/T020_022/T020_022d_IC02.wav
Converting /autofs/diamond2/share/corpus/CEJC/data/T020/T020_022/T020_022d_IC0A.wav to /autofs/diamond2/share/corpus/CEJC_16bit16kHz/data/T020/T020_022/T020_022d_IC0A.wav
Converting /autofs/diamond2/share/corpus/CEJC/data/T020/T020_022/T020_022d_IC0B.wav to /autofs/diamond2/share/corpus/CEJC_16bit16kHz/data/T020/T020_022/T020_022d_IC0B.wav
Converting /autofs/diamond2/share/corpus/CEJC/data/T020/T020_025/T020_025_IC01.wav to /autofs/diamond2/share/corpus/CEJC_16bit16kHz/data/T020/T020_025/T020_025_IC01.wav
Converting /autofs/diamond2/share/corpus/CEJC/data/T020/T020_025/T020_025_IC02.wav to /autofs/diamond2/share/corpus/CEJC_16bit16kHz/data/T020/T020_025/T020_025_IC02.wav
Converting /autofs/diamond2/share/corpus/CEJC/data/T020/T020_025/T020_025_IC04.wav to /autofs/diamond2/share/corpus/CEJC_16bit16kHz/data/T020/T020_025/T020_025_IC04.wav
Converting /autofs/diamond2/share/corpus/CEJC/data/T020/T020_025/T020_025_IC05.wav to /autofs/diamond2/share/corpus/CEJC_16bit16kHz/data/T020/T020_025/T020_025_IC05.wav
Converting /autofs/diamond2/share/corpus/CEJC/data/T020/T020_025/T020_025_IC0A.wav to /autofs/diamond2/share/corpus/CEJC_16bit16kHz/data/T020/T020_025/T020_025_IC0A.wav
Converting /autofs/diamond2/share/corpus/CEJC/data/T021/T021_002/T021_002_IC01.wav to /autofs/diamond2/share/corpus/CEJC_16bit16kHz/data/T021/T021_002/T021_002_IC01.wav
Converting /autofs/diamond2/share/corpus/CEJC/data/T021/T021_002/T021_002_IC02.wav to /autofs/diamond2/share/corpus/CEJC_16bit16kHz/data/T021/T021_002/T021_002_IC02.wav
Converting /autofs/diamond2/share/corpus/CEJC/data/T021/T021_002/T021_002_IC0A.wav to /autofs/diamond2/share/corpus/CEJC_16bit16kHz/data/T021/T021_002/T021_002_IC0A.wav
Converting /autofs/diamond2/share/corpus/CEJC/data/T021/T021_002/T021_002_IC0B.wav to /autofs/diamond2/share/corpus/CEJC_16bit16kHz/data/T021/T021_002/T021_002_IC0B.wav
Converting /autofs/diamond2/share/corpus/CEJC/data/T021/T021_003/T021_003_IC01.wav to /autofs/diamond2/share/corpus/CEJC_16bit16kHz/data/T021/T021_003/T021_003_IC01.wav
Converting /autofs/diamond2/share/corpus/CEJC/data/T021/T021_003/T021_003_IC02.wav to /autofs/diamond2/share/corpus/CEJC_16bit16kHz/data/T021/T021_003/T021_003_IC02.wav
Converting /autofs/diamond2/share/corpus/CEJC/data/T021/T021_003/T021_003_IC0A.wav to /autofs/diamond2/share/corpus/CEJC_16bit16kHz/data/T021/T021_003/T021_003_IC0A.wav
Converting /autofs/diamond2/share/corpus/CEJC/data/T021/T021_003/T021_003_IC0B.wav to /autofs/diamond2/share/corpus/CEJC_16bit16kHz/data/T021/T021_003/T021_003_IC0B.wav
Converting /autofs/diamond2/share/corpus/CEJC/data/T021/T021_005/T021_005_IC01.wav to /autofs/diamond2/share/corpus/CEJC_16bit16kHz/data/T021/T021_005/T021_005_IC01.wav
Converting /autofs/diamond2/share/corpus/CEJC/data/T021/T021_005/T021_005_IC02.wav to /autofs/diamond2/share/corpus/CEJC_16bit16kHz/data/T021/T021_005/T021_005_IC02.wav
Converting /autofs/diamond2/share/corpus/CEJC/data/T021/T021_005/T021_005_IC0A.wav to /autofs/diamond2/share/corpus/CEJC_16bit16kHz/data/T021/T021_005/T021_005_IC0A.wav
Converting /autofs/diamond2/share/corpus/CEJC/data/T021/T021_006/T021_006_IC01.wav to /autofs/diamond2/share/corpus/CEJC_16bit16kHz/data/T021/T021_006/T021_006_IC01.wav
Converting /autofs/diamond2/share/corpus/CEJC/data/T021/T021_006/T021_006_IC02.wav to /autofs/diamond2/share/corpus/CEJC_16bit16kHz/data/T021/T021_006/T021_006_IC02.wav
Converting /autofs/diamond2/share/corpus/CEJC/data/T021/T021_006/T021_006_IC0A.wav to /autofs/diamond2/share/corpus/CEJC_16bit16kHz/data/T021/T021_006/T021_006_IC0A.wav
Converting /autofs/diamond2/share/corpus/CEJC/data/T021/T021_006/T021_006_IC0B.wav to /autofs/diamond2/share/corpus/CEJC_16bit16kHz/data/T021/T021_006/T021_006_IC0B.wav
Converting /autofs/diamond2/share/corpus/CEJC/data/T021/T021_007/T021_007_IC01.wav to /autofs/diamond2/share/corpus/CEJC_16bit16kHz/data/T021/T021_007/T021_007_IC01.wav
Converting /autofs/diamond2/share/corpus/CEJC/data/T021/T021_007/T021_007_IC02.wav to /autofs/diamond2/share/corpus/CEJC_16bit16kHz/data/T021/T021_007/T021_007_IC02.wav
Converting /autofs/diamond2/share/corpus/CEJC/data/T021/T021_007/T021_007_IC0A.wav to /autofs/diamond2/share/corpus/CEJC_16bit16kHz/data/T021/T021_007/T021_007_IC0A.wav
Converting /autofs/diamond2/share/corpus/CEJC/data/T021/T021_008/T021_008_IC01.wav to /autofs/diamond2/share/corpus/CEJC_16bit16kHz/data/T021/T021_008/T021_008_IC01.wav
Converting /autofs/diamond2/share/corpus/CEJC/data/T021/T021_008/T021_008_IC02.wav to /autofs/diamond2/share/corpus/CEJC_16bit16kHz/data/T021/T021_008/T021_008_IC02.wav
Converting /autofs/diamond2/share/corpus/CEJC/data/T021/T021_008/T021_008_IC03.wav to /autofs/diamond2/share/corpus/CEJC_16bit16kHz/data/T021/T021_008/T021_008_IC03.wav
Converting /autofs/diamond2/share/corpus/CEJC/data/T021/T021_008/T021_008_IC0A.wav to /autofs/diamond2/share/corpus/CEJC_16bit16kHz/data/T021/T021_008/T021_008_IC0A.wav
Converting /autofs/diamond2/share/corpus/CEJC/data/T021/T021_010/T021_010a_IC02.wav to /autofs/diamond2/share/corpus/CEJC_16bit16kHz/data/T021/T021_010/T021_010a_IC02.wav
Converting /autofs/diamond2/share/corpus/CEJC/data/T021/T021_010/T021_010a_IC03.wav to /autofs/diamond2/share/corpus/CEJC_16bit16kHz/data/T021/T021_010/T021_010a_IC03.wav
Converting /autofs/diamond2/share/corpus/CEJC/data/T021/T021_010/T021_010a_IC04.wav to /autofs/diamond2/share/corpus/CEJC_16bit16kHz/data/T021/T021_010/T021_010a_IC04.wav
Converting /autofs/diamond2/share/corpus/CEJC/data/T021/T021_010/T021_010a_IC05.wav to /autofs/diamond2/share/corpus/CEJC_16bit16kHz/data/T021/T021_010/T021_010a_IC05.wav
Converting /autofs/diamond2/share/corpus/CEJC/data/T021/T021_010/T021_010a_IC06.wav to /autofs/diamond2/share/corpus/CEJC_16bit16kHz/data/T021/T021_010/T021_010a_IC06.wav
Converting /autofs/diamond2/share/corpus/CEJC/data/T021/T021_010/T021_010a_IC0A.wav to /autofs/diamond2/share/corpus/CEJC_16bit16kHz/data/T021/T021_010/T021_010a_IC0A.wav
Converting /autofs/diamond2/share/corpus/CEJC/data/T021/T021_010/T021_010b_IC02.wav to /autofs/diamond2/share/corpus/CEJC_16bit16kHz/data/T021/T021_010/T021_010b_IC02.wav
Converting /autofs/diamond2/share/corpus/CEJC/data/T021/T021_010/T021_010b_IC03.wav to /autofs/diamond2/share/corpus/CEJC_16bit16kHz/data/T021/T021_010/T021_010b_IC03.wav
Converting /autofs/diamond2/share/corpus/CEJC/data/T021/T021_010/T021_010b_IC04.wav to /autofs/diamond2/share/corpus/CEJC_16bit16kHz/data/T021/T021_010/T021_010b_IC04.wav
Converting /autofs/diamond2/share/corpus/CEJC/data/T021/T021_010/T021_010b_IC05.wav to /autofs/diamond2/share/corpus/CEJC_16bit16kHz/data/T021/T021_010/T021_010b_IC05.wav
Converting /autofs/diamond2/share/corpus/CEJC/data/T021/T021_010/T021_010b_IC06.wav to /autofs/diamond2/share/corpus/CEJC_16bit16kHz/data/T021/T021_010/T021_010b_IC06.wav
Converting /autofs/diamond2/share/corpus/CEJC/data/T021/T021_010/T021_010b_IC0A.wav to /autofs/diamond2/share/corpus/CEJC_16bit16kHz/data/T021/T021_010/T021_010b_IC0A.wav
Converting /autofs/diamond2/share/corpus/CEJC/data/T021/T021_011/T021_011a_IC01.wav to /autofs/diamond2/share/corpus/CEJC_16bit16kHz/data/T021/T021_011/T021_011a_IC01.wav
Converting /autofs/diamond2/share/corpus/CEJC/data/T021/T021_011/T021_011a_IC02.wav to /autofs/diamond2/share/corpus/CEJC_16bit16kHz/data/T021/T021_011/T021_011a_IC02.wav
Converting /autofs/diamond2/share/corpus/CEJC/data/T021/T021_011/T021_011a_IC0A.wav to /autofs/diamond2/share/corpus/CEJC_16bit16kHz/data/T021/T021_011/T021_011a_IC0A.wav
Converting /autofs/diamond2/share/corpus/CEJC/data/T021/T021_011/T021_011a_IC0B.wav to /autofs/diamond2/share/corpus/CEJC_16bit16kHz/data/T021/T021_011/T021_011a_IC0B.wav
Converting /autofs/diamond2/share/corpus/CEJC/data/T021/T021_011/T021_011b_IC01.wav to /autofs/diamond2/share/corpus/CEJC_16bit16kHz/data/T021/T021_011/T021_011b_IC01.wav
Converting /autofs/diamond2/share/corpus/CEJC/data/T021/T021_011/T021_011b_IC02.wav to /autofs/diamond2/share/corpus/CEJC_16bit16kHz/data/T021/T021_011/T021_011b_IC02.wav
Converting /autofs/diamond2/share/corpus/CEJC/data/T021/T021_011/T021_011b_IC0A.wav to /autofs/diamond2/share/corpus/CEJC_16bit16kHz/data/T021/T021_011/T021_011b_IC0A.wav
Converting /autofs/diamond2/share/corpus/CEJC/data/T021/T021_011/T021_011b_IC0B.wav to /autofs/diamond2/share/corpus/CEJC_16bit16kHz/data/T021/T021_011/T021_011b_IC0B.wav
Converting /autofs/diamond2/share/corpus/CEJC/data/T021/T021_014/T021_014_IC01.wav to /autofs/diamond2/share/corpus/CEJC_16bit16kHz/data/T021/T021_014/T021_014_IC01.wav
Converting /autofs/diamond2/share/corpus/CEJC/data/T021/T021_014/T021_014_IC02.wav to /autofs/diamond2/share/corpus/CEJC_16bit16kHz/data/T021/T021_014/T021_014_IC02.wav
sox WARN rate: rate clipped 9 samples; decrease volume?
sox WARN dither: dither clipped 8 samples; decrease volume?
Converting /autofs/diamond2/share/corpus/CEJC/data/T021/T021_014/T021_014_IC0A.wav to /autofs/diamond2/share/corpus/CEJC_16bit16kHz/data/T021/T021_014/T021_014_IC0A.wav
sox WARN rate: rate clipped 4 samples; decrease volume?
sox WARN dither: dither clipped 2 samples; decrease volume?
Converting /autofs/diamond2/share/corpus/CEJC/data/T021/T021_014/T021_014_IC0B.wav to /autofs/diamond2/share/corpus/CEJC_16bit16kHz/data/T021/T021_014/T021_014_IC0B.wav
Converting /autofs/diamond2/share/corpus/CEJC/data/T021/T021_015/T021_015_IC0A.wav to /autofs/diamond2/share/corpus/CEJC_16bit16kHz/data/T021/T021_015/T021_015_IC0A.wav
sox WARN rate: rate clipped 181 samples; decrease volume?
sox WARN dither: dither clipped 164 samples; decrease volume?
Converting /autofs/diamond2/share/corpus/CEJC/data/T021/T021_016/T021_016_IC01.wav to /autofs/diamond2/share/corpus/CEJC_16bit16kHz/data/T021/T021_016/T021_016_IC01.wav
Converting /autofs/diamond2/share/corpus/CEJC/data/T021/T021_016/T021_016_IC02.wav to /autofs/diamond2/share/corpus/CEJC_16bit16kHz/data/T021/T021_016/T021_016_IC02.wav
Converting /autofs/diamond2/share/corpus/CEJC/data/T021/T021_016/T021_016_IC0A.wav to /autofs/diamond2/share/corpus/CEJC_16bit16kHz/data/T021/T021_016/T021_016_IC0A.wav
Converting /autofs/diamond2/share/corpus/CEJC/data/T022/T022_003/T022_003_IC01.wav to /autofs/diamond2/share/corpus/CEJC_16bit16kHz/data/T022/T022_003/T022_003_IC01.wav
Converting /autofs/diamond2/share/corpus/CEJC/data/T022/T022_003/T022_003_IC02.wav to /autofs/diamond2/share/corpus/CEJC_16bit16kHz/data/T022/T022_003/T022_003_IC02.wav
Converting /autofs/diamond2/share/corpus/CEJC/data/T022/T022_003/T022_003_IC0B.wav to /autofs/diamond2/share/corpus/CEJC_16bit16kHz/data/T022/T022_003/T022_003_IC0B.wav
Converting /autofs/diamond2/share/corpus/CEJC/data/T022/T022_005/T022_005_IC01.wav to /autofs/diamond2/share/corpus/CEJC_16bit16kHz/data/T022/T022_005/T022_005_IC01.wav
Converting /autofs/diamond2/share/corpus/CEJC/data/T022/T022_005/T022_005_IC02.wav to /autofs/diamond2/share/corpus/CEJC_16bit16kHz/data/T022/T022_005/T022_005_IC02.wav
Converting /autofs/diamond2/share/corpus/CEJC/data/T022/T022_005/T022_005_IC0A.wav to /autofs/diamond2/share/corpus/CEJC_16bit16kHz/data/T022/T022_005/T022_005_IC0A.wav
Converting /autofs/diamond2/share/corpus/CEJC/data/T022/T022_005/T022_005_IC0B.wav to /autofs/diamond2/share/corpus/CEJC_16bit16kHz/data/T022/T022_005/T022_005_IC0B.wav
Converting /autofs/diamond2/share/corpus/CEJC/data/T022/T022_007/T022_007a_IC01.wav to /autofs/diamond2/share/corpus/CEJC_16bit16kHz/data/T022/T022_007/T022_007a_IC01.wav
Converting /autofs/diamond2/share/corpus/CEJC/data/T022/T022_007/T022_007a_IC02.wav to /autofs/diamond2/share/corpus/CEJC_16bit16kHz/data/T022/T022_007/T022_007a_IC02.wav
Converting /autofs/diamond2/share/corpus/CEJC/data/T022/T022_007/T022_007a_IC0A.wav to /autofs/diamond2/share/corpus/CEJC_16bit16kHz/data/T022/T022_007/T022_007a_IC0A.wav
Converting /autofs/diamond2/share/corpus/CEJC/data/T022/T022_007/T022_007b_IC01.wav to /autofs/diamond2/share/corpus/CEJC_16bit16kHz/data/T022/T022_007/T022_007b_IC01.wav
Converting /autofs/diamond2/share/corpus/CEJC/data/T022/T022_007/T022_007b_IC02.wav to /autofs/diamond2/share/corpus/CEJC_16bit16kHz/data/T022/T022_007/T022_007b_IC02.wav
Converting /autofs/diamond2/share/corpus/CEJC/data/T022/T022_007/T022_007b_IC0A.wav to /autofs/diamond2/share/corpus/CEJC_16bit16kHz/data/T022/T022_007/T022_007b_IC0A.wav
Converting /autofs/diamond2/share/corpus/CEJC/data/T022/T022_008/T022_008a_IC01.wav to /autofs/diamond2/share/corpus/CEJC_16bit16kHz/data/T022/T022_008/T022_008a_IC01.wav
Converting /autofs/diamond2/share/corpus/CEJC/data/T022/T022_008/T022_008a_IC02.wav to /autofs/diamond2/share/corpus/CEJC_16bit16kHz/data/T022/T022_008/T022_008a_IC02.wav
Converting /autofs/diamond2/share/corpus/CEJC/data/T022/T022_008/T022_008a_IC03.wav to /autofs/diamond2/share/corpus/CEJC_16bit16kHz/data/T022/T022_008/T022_008a_IC03.wav
Converting /autofs/diamond2/share/corpus/CEJC/data/T022/T022_008/T022_008a_IC0B.wav to /autofs/diamond2/share/corpus/CEJC_16bit16kHz/data/T022/T022_008/T022_008a_IC0B.wav
Converting /autofs/diamond2/share/corpus/CEJC/data/T022/T022_008/T022_008b_IC01.wav to /autofs/diamond2/share/corpus/CEJC_16bit16kHz/data/T022/T022_008/T022_008b_IC01.wav
Converting /autofs/diamond2/share/corpus/CEJC/data/T022/T022_008/T022_008b_IC02.wav to /autofs/diamond2/share/corpus/CEJC_16bit16kHz/data/T022/T022_008/T022_008b_IC02.wav
Converting /autofs/diamond2/share/corpus/CEJC/data/T022/T022_008/T022_008b_IC03.wav to /autofs/diamond2/share/corpus/CEJC_16bit16kHz/data/T022/T022_008/T022_008b_IC03.wav
Converting /autofs/diamond2/share/corpus/CEJC/data/T022/T022_008/T022_008b_IC0B.wav to /autofs/diamond2/share/corpus/CEJC_16bit16kHz/data/T022/T022_008/T022_008b_IC0B.wav
Converting /autofs/diamond2/share/corpus/CEJC/data/T022/T022_008/T022_008c_IC01.wav to /autofs/diamond2/share/corpus/CEJC_16bit16kHz/data/T022/T022_008/T022_008c_IC01.wav
Converting /autofs/diamond2/share/corpus/CEJC/data/T022/T022_008/T022_008c_IC02.wav to /autofs/diamond2/share/corpus/CEJC_16bit16kHz/data/T022/T022_008/T022_008c_IC02.wav
Converting /autofs/diamond2/share/corpus/CEJC/data/T022/T022_008/T022_008c_IC03.wav to /autofs/diamond2/share/corpus/CEJC_16bit16kHz/data/T022/T022_008/T022_008c_IC03.wav
Converting /autofs/diamond2/share/corpus/CEJC/data/T022/T022_008/T022_008c_IC0B.wav to /autofs/diamond2/share/corpus/CEJC_16bit16kHz/data/T022/T022_008/T022_008c_IC0B.wav
Converting /autofs/diamond2/share/corpus/CEJC/data/T022/T022_009/T022_009_IC01.wav to /autofs/diamond2/share/corpus/CEJC_16bit16kHz/data/T022/T022_009/T022_009_IC01.wav
Converting /autofs/diamond2/share/corpus/CEJC/data/T022/T022_009/T022_009_IC02.wav to /autofs/diamond2/share/corpus/CEJC_16bit16kHz/data/T022/T022_009/T022_009_IC02.wav
Converting /autofs/diamond2/share/corpus/CEJC/data/T022/T022_009/T022_009_IC0B.wav to /autofs/diamond2/share/corpus/CEJC_16bit16kHz/data/T022/T022_009/T022_009_IC0B.wav
Converting /autofs/diamond2/share/corpus/CEJC/data/T022/T022_011/T022_011_IC01.wav to /autofs/diamond2/share/corpus/CEJC_16bit16kHz/data/T022/T022_011/T022_011_IC01.wav
Converting /autofs/diamond2/share/corpus/CEJC/data/T022/T022_011/T022_011_IC02.wav to /autofs/diamond2/share/corpus/CEJC_16bit16kHz/data/T022/T022_011/T022_011_IC02.wav
Converting /autofs/diamond2/share/corpus/CEJC/data/T022/T022_011/T022_011_IC03.wav to /autofs/diamond2/share/corpus/CEJC_16bit16kHz/data/T022/T022_011/T022_011_IC03.wav
Converting /autofs/diamond2/share/corpus/CEJC/data/T022/T022_011/T022_011_IC0B.wav to /autofs/diamond2/share/corpus/CEJC_16bit16kHz/data/T022/T022_011/T022_011_IC0B.wav
Converting /autofs/diamond2/share/corpus/CEJC/data/T022/T022_012/T022_012_IC01.wav to /autofs/diamond2/share/corpus/CEJC_16bit16kHz/data/T022/T022_012/T022_012_IC01.wav
Converting /autofs/diamond2/share/corpus/CEJC/data/T022/T022_012/T022_012_IC0A.wav to /autofs/diamond2/share/corpus/CEJC_16bit16kHz/data/T022/T022_012/T022_012_IC0A.wav
Converting /autofs/diamond2/share/corpus/CEJC/data/T022/T022_013/T022_013a_IC01.wav to /autofs/diamond2/share/corpus/CEJC_16bit16kHz/data/T022/T022_013/T022_013a_IC01.wav
Converting /autofs/diamond2/share/corpus/CEJC/data/T022/T022_013/T022_013a_IC02.wav to /autofs/diamond2/share/corpus/CEJC_16bit16kHz/data/T022/T022_013/T022_013a_IC02.wav
Converting /autofs/diamond2/share/corpus/CEJC/data/T022/T022_013/T022_013a_IC03.wav to /autofs/diamond2/share/corpus/CEJC_16bit16kHz/data/T022/T022_013/T022_013a_IC03.wav
Converting /autofs/diamond2/share/corpus/CEJC/data/T022/T022_013/T022_013a_IC04.wav to /autofs/diamond2/share/corpus/CEJC_16bit16kHz/data/T022/T022_013/T022_013a_IC04.wav
Converting /autofs/diamond2/share/corpus/CEJC/data/T022/T022_013/T022_013a_IC0A.wav to /autofs/diamond2/share/corpus/CEJC_16bit16kHz/data/T022/T022_013/T022_013a_IC0A.wav
Converting /autofs/diamond2/share/corpus/CEJC/data/T022/T022_013/T022_013b_IC01.wav to /autofs/diamond2/share/corpus/CEJC_16bit16kHz/data/T022/T022_013/T022_013b_IC01.wav
Converting /autofs/diamond2/share/corpus/CEJC/data/T022/T022_013/T022_013b_IC02.wav to /autofs/diamond2/share/corpus/CEJC_16bit16kHz/data/T022/T022_013/T022_013b_IC02.wav
Converting /autofs/diamond2/share/corpus/CEJC/data/T022/T022_013/T022_013b_IC03.wav to /autofs/diamond2/share/corpus/CEJC_16bit16kHz/data/T022/T022_013/T022_013b_IC03.wav
Converting /autofs/diamond2/share/corpus/CEJC/data/T022/T022_013/T022_013b_IC04.wav to /autofs/diamond2/share/corpus/CEJC_16bit16kHz/data/T022/T022_013/T022_013b_IC04.wav
Converting /autofs/diamond2/share/corpus/CEJC/data/T022/T022_013/T022_013b_IC0A.wav to /autofs/diamond2/share/corpus/CEJC_16bit16kHz/data/T022/T022_013/T022_013b_IC0A.wav
Converting /autofs/diamond2/share/corpus/CEJC/data/T022/T022_013/T022_013c_IC01.wav to /autofs/diamond2/share/corpus/CEJC_16bit16kHz/data/T022/T022_013/T022_013c_IC01.wav
Converting /autofs/diamond2/share/corpus/CEJC/data/T022/T022_013/T022_013c_IC02.wav to /autofs/diamond2/share/corpus/CEJC_16bit16kHz/data/T022/T022_013/T022_013c_IC02.wav
Converting /autofs/diamond2/share/corpus/CEJC/data/T022/T022_013/T022_013c_IC03.wav to /autofs/diamond2/share/corpus/CEJC_16bit16kHz/data/T022/T022_013/T022_013c_IC03.wav
Converting /autofs/diamond2/share/corpus/CEJC/data/T022/T022_013/T022_013c_IC04.wav to /autofs/diamond2/share/corpus/CEJC_16bit16kHz/data/T022/T022_013/T022_013c_IC04.wav
Converting /autofs/diamond2/share/corpus/CEJC/data/T022/T022_013/T022_013c_IC0A.wav to /autofs/diamond2/share/corpus/CEJC_16bit16kHz/data/T022/T022_013/T022_013c_IC0A.wav
Converting /autofs/diamond2/share/corpus/CEJC/data/T022/T022_013/T022_013d_IC01.wav to /autofs/diamond2/share/corpus/CEJC_16bit16kHz/data/T022/T022_013/T022_013d_IC01.wav
Converting /autofs/diamond2/share/corpus/CEJC/data/T022/T022_013/T022_013d_IC02.wav to /autofs/diamond2/share/corpus/CEJC_16bit16kHz/data/T022/T022_013/T022_013d_IC02.wav
Converting /autofs/diamond2/share/corpus/CEJC/data/T022/T022_013/T022_013d_IC03.wav to /autofs/diamond2/share/corpus/CEJC_16bit16kHz/data/T022/T022_013/T022_013d_IC03.wav
Converting /autofs/diamond2/share/corpus/CEJC/data/T022/T022_013/T022_013d_IC04.wav to /autofs/diamond2/share/corpus/CEJC_16bit16kHz/data/T022/T022_013/T022_013d_IC04.wav
Converting /autofs/diamond2/share/corpus/CEJC/data/T022/T022_013/T022_013d_IC0A.wav to /autofs/diamond2/share/corpus/CEJC_16bit16kHz/data/T022/T022_013/T022_013d_IC0A.wav
Converting /autofs/diamond2/share/corpus/CEJC/data/T022/T022_015/T022_015_IC01.wav to /autofs/diamond2/share/corpus/CEJC_16bit16kHz/data/T022/T022_015/T022_015_IC01.wav
Converting /autofs/diamond2/share/corpus/CEJC/data/T022/T022_015/T022_015_IC02.wav to /autofs/diamond2/share/corpus/CEJC_16bit16kHz/data/T022/T022_015/T022_015_IC02.wav
Converting /autofs/diamond2/share/corpus/CEJC/data/T022/T022_015/T022_015_IC0B.wav to /autofs/diamond2/share/corpus/CEJC_16bit16kHz/data/T022/T022_015/T022_015_IC0B.wav
Converting /autofs/diamond2/share/corpus/CEJC/data/T022/T022_017/T022_017a_IC01.wav to /autofs/diamond2/share/corpus/CEJC_16bit16kHz/data/T022/T022_017/T022_017a_IC01.wav
Converting /autofs/diamond2/share/corpus/CEJC/data/T022/T022_017/T022_017a_IC02.wav to /autofs/diamond2/share/corpus/CEJC_16bit16kHz/data/T022/T022_017/T022_017a_IC02.wav
Converting /autofs/diamond2/share/corpus/CEJC/data/T022/T022_017/T022_017a_IC0B.wav to /autofs/diamond2/share/corpus/CEJC_16bit16kHz/data/T022/T022_017/T022_017a_IC0B.wav
Converting /autofs/diamond2/share/corpus/CEJC/data/T022/T022_017/T022_017b_IC01.wav to /autofs/diamond2/share/corpus/CEJC_16bit16kHz/data/T022/T022_017/T022_017b_IC01.wav
Converting /autofs/diamond2/share/corpus/CEJC/data/T022/T022_017/T022_017b_IC02.wav to /autofs/diamond2/share/corpus/CEJC_16bit16kHz/data/T022/T022_017/T022_017b_IC02.wav
Converting /autofs/diamond2/share/corpus/CEJC/data/T022/T022_017/T022_017b_IC0B.wav to /autofs/diamond2/share/corpus/CEJC_16bit16kHz/data/T022/T022_017/T022_017b_IC0B.wav
Converting /autofs/diamond2/share/corpus/CEJC/data/T023/T023_001/T023_001_IC01.wav to /autofs/diamond2/share/corpus/CEJC_16bit16kHz/data/T023/T023_001/T023_001_IC01.wav
Converting /autofs/diamond2/share/corpus/CEJC/data/T023/T023_001/T023_001_IC02.wav to /autofs/diamond2/share/corpus/CEJC_16bit16kHz/data/T023/T023_001/T023_001_IC02.wav
Converting /autofs/diamond2/share/corpus/CEJC/data/T023/T023_001/T023_001_IC0A.wav to /autofs/diamond2/share/corpus/CEJC_16bit16kHz/data/T023/T023_001/T023_001_IC0A.wav
Converting /autofs/diamond2/share/corpus/CEJC/data/T023/T023_002/T023_002_IC01.wav to /autofs/diamond2/share/corpus/CEJC_16bit16kHz/data/T023/T023_002/T023_002_IC01.wav
Converting /autofs/diamond2/share/corpus/CEJC/data/T023/T023_002/T023_002_IC02.wav to /autofs/diamond2/share/corpus/CEJC_16bit16kHz/data/T023/T023_002/T023_002_IC02.wav
Converting /autofs/diamond2/share/corpus/CEJC/data/T023/T023_002/T023_002_IC03.wav to /autofs/diamond2/share/corpus/CEJC_16bit16kHz/data/T023/T023_002/T023_002_IC03.wav
Converting /autofs/diamond2/share/corpus/CEJC/data/T023/T023_002/T023_002_IC04.wav to /autofs/diamond2/share/corpus/CEJC_16bit16kHz/data/T023/T023_002/T023_002_IC04.wav
Converting /autofs/diamond2/share/corpus/CEJC/data/T023/T023_002/T023_002_IC0A.wav to /autofs/diamond2/share/corpus/CEJC_16bit16kHz/data/T023/T023_002/T023_002_IC0A.wav
Converting /autofs/diamond2/share/corpus/CEJC/data/T023/T023_004/T023_004_IC01.wav to /autofs/diamond2/share/corpus/CEJC_16bit16kHz/data/T023/T023_004/T023_004_IC01.wav
Converting /autofs/diamond2/share/corpus/CEJC/data/T023/T023_004/T023_004_IC02.wav to /autofs/diamond2/share/corpus/CEJC_16bit16kHz/data/T023/T023_004/T023_004_IC02.wav
Converting /autofs/diamond2/share/corpus/CEJC/data/T023/T023_004/T023_004_IC03.wav to /autofs/diamond2/share/corpus/CEJC_16bit16kHz/data/T023/T023_004/T023_004_IC03.wav
Converting /autofs/diamond2/share/corpus/CEJC/data/T023/T023_004/T023_004_IC04.wav to /autofs/diamond2/share/corpus/CEJC_16bit16kHz/data/T023/T023_004/T023_004_IC04.wav
Converting /autofs/diamond2/share/corpus/CEJC/data/T023/T023_004/T023_004_IC05.wav to /autofs/diamond2/share/corpus/CEJC_16bit16kHz/data/T023/T023_004/T023_004_IC05.wav
Converting /autofs/diamond2/share/corpus/CEJC/data/T023/T023_004/T023_004_IC06.wav to /autofs/diamond2/share/corpus/CEJC_16bit16kHz/data/T023/T023_004/T023_004_IC06.wav
Converting /autofs/diamond2/share/corpus/CEJC/data/T023/T023_004/T023_004_IC0A.wav to /autofs/diamond2/share/corpus/CEJC_16bit16kHz/data/T023/T023_004/T023_004_IC0A.wav
Converting /autofs/diamond2/share/corpus/CEJC/data/T023/T023_005/T023_005_IC01.wav to /autofs/diamond2/share/corpus/CEJC_16bit16kHz/data/T023/T023_005/T023_005_IC01.wav
Converting /autofs/diamond2/share/corpus/CEJC/data/T023/T023_005/T023_005_IC04.wav to /autofs/diamond2/share/corpus/CEJC_16bit16kHz/data/T023/T023_005/T023_005_IC04.wav
Converting /autofs/diamond2/share/corpus/CEJC/data/T023/T023_005/T023_005_IC06.wav to /autofs/diamond2/share/corpus/CEJC_16bit16kHz/data/T023/T023_005/T023_005_IC06.wav
Converting /autofs/diamond2/share/corpus/CEJC/data/T023/T023_005/T023_005_IC0A.wav to /autofs/diamond2/share/corpus/CEJC_16bit16kHz/data/T023/T023_005/T023_005_IC0A.wav
Converting /autofs/diamond2/share/corpus/CEJC/data/T023/T023_007/T023_007_IC01.wav to /autofs/diamond2/share/corpus/CEJC_16bit16kHz/data/T023/T023_007/T023_007_IC01.wav
Converting /autofs/diamond2/share/corpus/CEJC/data/T023/T023_007/T023_007_IC04.wav to /autofs/diamond2/share/corpus/CEJC_16bit16kHz/data/T023/T023_007/T023_007_IC04.wav
Converting /autofs/diamond2/share/corpus/CEJC/data/T023/T023_007/T023_007_IC0A.wav to /autofs/diamond2/share/corpus/CEJC_16bit16kHz/data/T023/T023_007/T023_007_IC0A.wav
Converting /autofs/diamond2/share/corpus/CEJC/data/T023/T023_008/T023_008a_IC01.wav to /autofs/diamond2/share/corpus/CEJC_16bit16kHz/data/T023/T023_008/T023_008a_IC01.wav
Converting /autofs/diamond2/share/corpus/CEJC/data/T023/T023_008/T023_008a_IC02.wav to /autofs/diamond2/share/corpus/CEJC_16bit16kHz/data/T023/T023_008/T023_008a_IC02.wav
Converting /autofs/diamond2/share/corpus/CEJC/data/T023/T023_008/T023_008a_IC03.wav to /autofs/diamond2/share/corpus/CEJC_16bit16kHz/data/T023/T023_008/T023_008a_IC03.wav
Converting /autofs/diamond2/share/corpus/CEJC/data/T023/T023_008/T023_008a_IC04.wav to /autofs/diamond2/share/corpus/CEJC_16bit16kHz/data/T023/T023_008/T023_008a_IC04.wav
Converting /autofs/diamond2/share/corpus/CEJC/data/T023/T023_008/T023_008a_IC0A.wav to /autofs/diamond2/share/corpus/CEJC_16bit16kHz/data/T023/T023_008/T023_008a_IC0A.wav
Converting /autofs/diamond2/share/corpus/CEJC/data/T023/T023_008/T023_008b_IC01.wav to /autofs/diamond2/share/corpus/CEJC_16bit16kHz/data/T023/T023_008/T023_008b_IC01.wav
Converting /autofs/diamond2/share/corpus/CEJC/data/T023/T023_008/T023_008b_IC02.wav to /autofs/diamond2/share/corpus/CEJC_16bit16kHz/data/T023/T023_008/T023_008b_IC02.wav
Converting /autofs/diamond2/share/corpus/CEJC/data/T023/T023_008/T023_008b_IC03.wav to /autofs/diamond2/share/corpus/CEJC_16bit16kHz/data/T023/T023_008/T023_008b_IC03.wav
Converting /autofs/diamond2/share/corpus/CEJC/data/T023/T023_008/T023_008b_IC04.wav to /autofs/diamond2/share/corpus/CEJC_16bit16kHz/data/T023/T023_008/T023_008b_IC04.wav
Converting /autofs/diamond2/share/corpus/CEJC/data/T023/T023_008/T023_008b_IC0A.wav to /autofs/diamond2/share/corpus/CEJC_16bit16kHz/data/T023/T023_008/T023_008b_IC0A.wav
Converting /autofs/diamond2/share/corpus/CEJC/data/T023/T023_009/T023_009_IC01.wav to /autofs/diamond2/share/corpus/CEJC_16bit16kHz/data/T023/T023_009/T023_009_IC01.wav
Converting /autofs/diamond2/share/corpus/CEJC/data/T023/T023_009/T023_009_IC02.wav to /autofs/diamond2/share/corpus/CEJC_16bit16kHz/data/T023/T023_009/T023_009_IC02.wav
Converting /autofs/diamond2/share/corpus/CEJC/data/T023/T023_009/T023_009_IC03.wav to /autofs/diamond2/share/corpus/CEJC_16bit16kHz/data/T023/T023_009/T023_009_IC03.wav
Converting /autofs/diamond2/share/corpus/CEJC/data/T023/T023_009/T023_009_IC04.wav to /autofs/diamond2/share/corpus/CEJC_16bit16kHz/data/T023/T023_009/T023_009_IC04.wav
Converting /autofs/diamond2/share/corpus/CEJC/data/T023/T023_009/T023_009_IC05.wav to /autofs/diamond2/share/corpus/CEJC_16bit16kHz/data/T023/T023_009/T023_009_IC05.wav
Converting /autofs/diamond2/share/corpus/CEJC/data/T023/T023_009/T023_009_IC0A.wav to /autofs/diamond2/share/corpus/CEJC_16bit16kHz/data/T023/T023_009/T023_009_IC0A.wav
Converting /autofs/diamond2/share/corpus/CEJC/data/T023/T023_009/T023_009_IC0B.wav to /autofs/diamond2/share/corpus/CEJC_16bit16kHz/data/T023/T023_009/T023_009_IC0B.wav
Converting /autofs/diamond2/share/corpus/CEJC/data/T023/T023_011/T023_011_IC01.wav to /autofs/diamond2/share/corpus/CEJC_16bit16kHz/data/T023/T023_011/T023_011_IC01.wav
Converting /autofs/diamond2/share/corpus/CEJC/data/T023/T023_011/T023_011_IC02.wav to /autofs/diamond2/share/corpus/CEJC_16bit16kHz/data/T023/T023_011/T023_011_IC02.wav
Converting /autofs/diamond2/share/corpus/CEJC/data/T023/T023_011/T023_011_IC03.wav to /autofs/diamond2/share/corpus/CEJC_16bit16kHz/data/T023/T023_011/T023_011_IC03.wav
Converting /autofs/diamond2/share/corpus/CEJC/data/T023/T023_011/T023_011_IC04.wav to /autofs/diamond2/share/corpus/CEJC_16bit16kHz/data/T023/T023_011/T023_011_IC04.wav
Converting /autofs/diamond2/share/corpus/CEJC/data/T023/T023_011/T023_011_IC0A.wav to /autofs/diamond2/share/corpus/CEJC_16bit16kHz/data/T023/T023_011/T023_011_IC0A.wav
Converting /autofs/diamond2/share/corpus/CEJC/data/T023/T023_012/T023_012_IC01.wav to /autofs/diamond2/share/corpus/CEJC_16bit16kHz/data/T023/T023_012/T023_012_IC01.wav
Converting /autofs/diamond2/share/corpus/CEJC/data/T023/T023_012/T023_012_IC02.wav to /autofs/diamond2/share/corpus/CEJC_16bit16kHz/data/T023/T023_012/T023_012_IC02.wav
Converting /autofs/diamond2/share/corpus/CEJC/data/T023/T023_012/T023_012_IC04.wav to /autofs/diamond2/share/corpus/CEJC_16bit16kHz/data/T023/T023_012/T023_012_IC04.wav
Converting /autofs/diamond2/share/corpus/CEJC/data/T023/T023_012/T023_012_IC0A.wav to /autofs/diamond2/share/corpus/CEJC_16bit16kHz/data/T023/T023_012/T023_012_IC0A.wav
Converting /autofs/diamond2/share/corpus/CEJC/data/T023/T023_013/T023_013_IC01.wav to /autofs/diamond2/share/corpus/CEJC_16bit16kHz/data/T023/T023_013/T023_013_IC01.wav
Converting /autofs/diamond2/share/corpus/CEJC/data/T023/T023_013/T023_013_IC02.wav to /autofs/diamond2/share/corpus/CEJC_16bit16kHz/data/T023/T023_013/T023_013_IC02.wav
Converting /autofs/diamond2/share/corpus/CEJC/data/T023/T023_013/T023_013_IC0A.wav to /autofs/diamond2/share/corpus/CEJC_16bit16kHz/data/T023/T023_013/T023_013_IC0A.wav
Converting /autofs/diamond2/share/corpus/CEJC/data/T023/T023_013/T023_013_IC0B.wav to /autofs/diamond2/share/corpus/CEJC_16bit16kHz/data/T023/T023_013/T023_013_IC0B.wav
Converting /autofs/diamond2/share/corpus/CEJC/data/T023/T023_017/T023_017_IC01.wav to /autofs/diamond2/share/corpus/CEJC_16bit16kHz/data/T023/T023_017/T023_017_IC01.wav
Converting /autofs/diamond2/share/corpus/CEJC/data/T023/T023_017/T023_017_IC04.wav to /autofs/diamond2/share/corpus/CEJC_16bit16kHz/data/T023/T023_017/T023_017_IC04.wav
Converting /autofs/diamond2/share/corpus/CEJC/data/T023/T023_017/T023_017_IC0B.wav to /autofs/diamond2/share/corpus/CEJC_16bit16kHz/data/T023/T023_017/T023_017_IC0B.wav
Converting /autofs/diamond2/share/corpus/CEJC/data/T023/T023_020/T023_020_IC01.wav to /autofs/diamond2/share/corpus/CEJC_16bit16kHz/data/T023/T023_020/T023_020_IC01.wav
Converting /autofs/diamond2/share/corpus/CEJC/data/T023/T023_020/T023_020_IC04.wav to /autofs/diamond2/share/corpus/CEJC_16bit16kHz/data/T023/T023_020/T023_020_IC04.wav
Converting /autofs/diamond2/share/corpus/CEJC/data/T023/T023_020/T023_020_IC0A.wav to /autofs/diamond2/share/corpus/CEJC_16bit16kHz/data/T023/T023_020/T023_020_IC0A.wav
Converting /autofs/diamond2/share/corpus/CEJC/data/T023/T023_020/T023_020_IC0B.wav to /autofs/diamond2/share/corpus/CEJC_16bit16kHz/data/T023/T023_020/T023_020_IC0B.wav
Converting /autofs/diamond2/share/corpus/CEJC/data/T024/T024_001/T024_001_IC01.wav to /autofs/diamond2/share/corpus/CEJC_16bit16kHz/data/T024/T024_001/T024_001_IC01.wav
Converting /autofs/diamond2/share/corpus/CEJC/data/T024/T024_001/T024_001_IC02.wav to /autofs/diamond2/share/corpus/CEJC_16bit16kHz/data/T024/T024_001/T024_001_IC02.wav
Converting /autofs/diamond2/share/corpus/CEJC/data/T024/T024_001/T024_001_IC03.wav to /autofs/diamond2/share/corpus/CEJC_16bit16kHz/data/T024/T024_001/T024_001_IC03.wav
Converting /autofs/diamond2/share/corpus/CEJC/data/T024/T024_001/T024_001_IC0B.wav to /autofs/diamond2/share/corpus/CEJC_16bit16kHz/data/T024/T024_001/T024_001_IC0B.wav
Converting /autofs/diamond2/share/corpus/CEJC/data/T024/T024_003/T024_003a_IC01.wav to /autofs/diamond2/share/corpus/CEJC_16bit16kHz/data/T024/T024_003/T024_003a_IC01.wav
Converting /autofs/diamond2/share/corpus/CEJC/data/T024/T024_003/T024_003a_IC02.wav to /autofs/diamond2/share/corpus/CEJC_16bit16kHz/data/T024/T024_003/T024_003a_IC02.wav
Converting /autofs/diamond2/share/corpus/CEJC/data/T024/T024_003/T024_003a_IC03.wav to /autofs/diamond2/share/corpus/CEJC_16bit16kHz/data/T024/T024_003/T024_003a_IC03.wav
Converting /autofs/diamond2/share/corpus/CEJC/data/T024/T024_003/T024_003a_IC04.wav to /autofs/diamond2/share/corpus/CEJC_16bit16kHz/data/T024/T024_003/T024_003a_IC04.wav
Converting /autofs/diamond2/share/corpus/CEJC/data/T024/T024_003/T024_003a_IC05.wav to /autofs/diamond2/share/corpus/CEJC_16bit16kHz/data/T024/T024_003/T024_003a_IC05.wav
Converting /autofs/diamond2/share/corpus/CEJC/data/T024/T024_003/T024_003a_IC06.wav to /autofs/diamond2/share/corpus/CEJC_16bit16kHz/data/T024/T024_003/T024_003a_IC06.wav
Converting /autofs/diamond2/share/corpus/CEJC/data/T024/T024_003/T024_003a_IC0A.wav to /autofs/diamond2/share/corpus/CEJC_16bit16kHz/data/T024/T024_003/T024_003a_IC0A.wav
Converting /autofs/diamond2/share/corpus/CEJC/data/T024/T024_003/T024_003b_IC01.wav to /autofs/diamond2/share/corpus/CEJC_16bit16kHz/data/T024/T024_003/T024_003b_IC01.wav
Converting /autofs/diamond2/share/corpus/CEJC/data/T024/T024_003/T024_003b_IC02.wav to /autofs/diamond2/share/corpus/CEJC_16bit16kHz/data/T024/T024_003/T024_003b_IC02.wav
Converting /autofs/diamond2/share/corpus/CEJC/data/T024/T024_003/T024_003b_IC03.wav to /autofs/diamond2/share/corpus/CEJC_16bit16kHz/data/T024/T024_003/T024_003b_IC03.wav
Converting /autofs/diamond2/share/corpus/CEJC/data/T024/T024_003/T024_003b_IC04.wav to /autofs/diamond2/share/corpus/CEJC_16bit16kHz/data/T024/T024_003/T024_003b_IC04.wav
Converting /autofs/diamond2/share/corpus/CEJC/data/T024/T024_003/T024_003b_IC05.wav to /autofs/diamond2/share/corpus/CEJC_16bit16kHz/data/T024/T024_003/T024_003b_IC05.wav
Converting /autofs/diamond2/share/corpus/CEJC/data/T024/T024_003/T024_003b_IC06.wav to /autofs/diamond2/share/corpus/CEJC_16bit16kHz/data/T024/T024_003/T024_003b_IC06.wav
Converting /autofs/diamond2/share/corpus/CEJC/data/T024/T024_003/T024_003b_IC0A.wav to /autofs/diamond2/share/corpus/CEJC_16bit16kHz/data/T024/T024_003/T024_003b_IC0A.wav
Converting /autofs/diamond2/share/corpus/CEJC/data/T024/T024_004/T024_004_IC01.wav to /autofs/diamond2/share/corpus/CEJC_16bit16kHz/data/T024/T024_004/T024_004_IC01.wav
Converting /autofs/diamond2/share/corpus/CEJC/data/T024/T024_004/T024_004_IC02.wav to /autofs/diamond2/share/corpus/CEJC_16bit16kHz/data/T024/T024_004/T024_004_IC02.wav
Converting /autofs/diamond2/share/corpus/CEJC/data/T024/T024_004/T024_004_IC03.wav to /autofs/diamond2/share/corpus/CEJC_16bit16kHz/data/T024/T024_004/T024_004_IC03.wav
Converting /autofs/diamond2/share/corpus/CEJC/data/T024/T024_004/T024_004_IC04.wav to /autofs/diamond2/share/corpus/CEJC_16bit16kHz/data/T024/T024_004/T024_004_IC04.wav
Converting /autofs/diamond2/share/corpus/CEJC/data/T024/T024_004/T024_004_IC0B.wav to /autofs/diamond2/share/corpus/CEJC_16bit16kHz/data/T024/T024_004/T024_004_IC0B.wav
Converting /autofs/diamond2/share/corpus/CEJC/data/T024/T024_005/T024_005_IC01.wav to /autofs/diamond2/share/corpus/CEJC_16bit16kHz/data/T024/T024_005/T024_005_IC01.wav
Converting /autofs/diamond2/share/corpus/CEJC/data/T024/T024_005/T024_005_IC02.wav to /autofs/diamond2/share/corpus/CEJC_16bit16kHz/data/T024/T024_005/T024_005_IC02.wav
Converting /autofs/diamond2/share/corpus/CEJC/data/T024/T024_005/T024_005_IC03.wav to /autofs/diamond2/share/corpus/CEJC_16bit16kHz/data/T024/T024_005/T024_005_IC03.wav
Converting /autofs/diamond2/share/corpus/CEJC/data/T024/T024_005/T024_005_IC04.wav to /autofs/diamond2/share/corpus/CEJC_16bit16kHz/data/T024/T024_005/T024_005_IC04.wav
Converting /autofs/diamond2/share/corpus/CEJC/data/T024/T024_005/T024_005_IC0B.wav to /autofs/diamond2/share/corpus/CEJC_16bit16kHz/data/T024/T024_005/T024_005_IC0B.wav
Converting /autofs/diamond2/share/corpus/CEJC/data/T024/T024_006/T024_006_IC01.wav to /autofs/diamond2/share/corpus/CEJC_16bit16kHz/data/T024/T024_006/T024_006_IC01.wav
Converting /autofs/diamond2/share/corpus/CEJC/data/T024/T024_006/T024_006_IC02.wav to /autofs/diamond2/share/corpus/CEJC_16bit16kHz/data/T024/T024_006/T024_006_IC02.wav
Converting /autofs/diamond2/share/corpus/CEJC/data/T024/T024_006/T024_006_IC03.wav to /autofs/diamond2/share/corpus/CEJC_16bit16kHz/data/T024/T024_006/T024_006_IC03.wav
Converting /autofs/diamond2/share/corpus/CEJC/data/T024/T024_006/T024_006_IC04.wav to /autofs/diamond2/share/corpus/CEJC_16bit16kHz/data/T024/T024_006/T024_006_IC04.wav
Converting /autofs/diamond2/share/corpus/CEJC/data/T024/T024_006/T024_006_IC0A.wav to /autofs/diamond2/share/corpus/CEJC_16bit16kHz/data/T024/T024_006/T024_006_IC0A.wav
Converting /autofs/diamond2/share/corpus/CEJC/data/T024/T024_007/T024_007_IC01.wav to /autofs/diamond2/share/corpus/CEJC_16bit16kHz/data/T024/T024_007/T024_007_IC01.wav
Converting /autofs/diamond2/share/corpus/CEJC/data/T024/T024_007/T024_007_IC02.wav to /autofs/diamond2/share/corpus/CEJC_16bit16kHz/data/T024/T024_007/T024_007_IC02.wav
Converting /autofs/diamond2/share/corpus/CEJC/data/T024/T024_007/T024_007_IC03.wav to /autofs/diamond2/share/corpus/CEJC_16bit16kHz/data/T024/T024_007/T024_007_IC03.wav
Converting /autofs/diamond2/share/corpus/CEJC/data/T024/T024_007/T024_007_IC04.wav to /autofs/diamond2/share/corpus/CEJC_16bit16kHz/data/T024/T024_007/T024_007_IC04.wav
Converting /autofs/diamond2/share/corpus/CEJC/data/T024/T024_007/T024_007_IC0A.wav to /autofs/diamond2/share/corpus/CEJC_16bit16kHz/data/T024/T024_007/T024_007_IC0A.wav
Converting /autofs/diamond2/share/corpus/CEJC/data/T024/T024_008/T024_008_IC01.wav to /autofs/diamond2/share/corpus/CEJC_16bit16kHz/data/T024/T024_008/T024_008_IC01.wav
Converting /autofs/diamond2/share/corpus/CEJC/data/T024/T024_008/T024_008_IC02.wav to /autofs/diamond2/share/corpus/CEJC_16bit16kHz/data/T024/T024_008/T024_008_IC02.wav
Converting /autofs/diamond2/share/corpus/CEJC/data/T024/T024_008/T024_008_IC0A.wav to /autofs/diamond2/share/corpus/CEJC_16bit16kHz/data/T024/T024_008/T024_008_IC0A.wav
Converting /autofs/diamond2/share/corpus/CEJC/data/T024/T024_008/T024_008_IC0B.wav to /autofs/diamond2/share/corpus/CEJC_16bit16kHz/data/T024/T024_008/T024_008_IC0B.wav
Converting /autofs/diamond2/share/corpus/CEJC/data/T024/T024_009/T024_009_IC01.wav to /autofs/diamond2/share/corpus/CEJC_16bit16kHz/data/T024/T024_009/T024_009_IC01.wav
Converting /autofs/diamond2/share/corpus/CEJC/data/T024/T024_009/T024_009_IC02.wav to /autofs/diamond2/share/corpus/CEJC_16bit16kHz/data/T024/T024_009/T024_009_IC02.wav
Converting /autofs/diamond2/share/corpus/CEJC/data/T024/T024_009/T024_009_IC03.wav to /autofs/diamond2/share/corpus/CEJC_16bit16kHz/data/T024/T024_009/T024_009_IC03.wav
Converting /autofs/diamond2/share/corpus/CEJC/data/T024/T024_009/T024_009_IC04.wav to /autofs/diamond2/share/corpus/CEJC_16bit16kHz/data/T024/T024_009/T024_009_IC04.wav
Converting /autofs/diamond2/share/corpus/CEJC/data/T024/T024_009/T024_009_IC05.wav to /autofs/diamond2/share/corpus/CEJC_16bit16kHz/data/T024/T024_009/T024_009_IC05.wav
Converting /autofs/diamond2/share/corpus/CEJC/data/T024/T024_009/T024_009_IC06.wav to /autofs/diamond2/share/corpus/CEJC_16bit16kHz/data/T024/T024_009/T024_009_IC06.wav
Converting /autofs/diamond2/share/corpus/CEJC/data/T024/T024_009/T024_009_IC0A.wav to /autofs/diamond2/share/corpus/CEJC_16bit16kHz/data/T024/T024_009/T024_009_IC0A.wav
Converting /autofs/diamond2/share/corpus/CEJC/data/T024/T024_010/T024_010_IC01.wav to /autofs/diamond2/share/corpus/CEJC_16bit16kHz/data/T024/T024_010/T024_010_IC01.wav
Converting /autofs/diamond2/share/corpus/CEJC/data/T024/T024_010/T024_010_IC02.wav to /autofs/diamond2/share/corpus/CEJC_16bit16kHz/data/T024/T024_010/T024_010_IC02.wav
Converting /autofs/diamond2/share/corpus/CEJC/data/T024/T024_010/T024_010_IC03.wav to /autofs/diamond2/share/corpus/CEJC_16bit16kHz/data/T024/T024_010/T024_010_IC03.wav
Converting /autofs/diamond2/share/corpus/CEJC/data/T024/T024_010/T024_010_IC04.wav to /autofs/diamond2/share/corpus/CEJC_16bit16kHz/data/T024/T024_010/T024_010_IC04.wav
Converting /autofs/diamond2/share/corpus/CEJC/data/T024/T024_010/T024_010_IC0B.wav to /autofs/diamond2/share/corpus/CEJC_16bit16kHz/data/T024/T024_010/T024_010_IC0B.wav
Converting /autofs/diamond2/share/corpus/CEJC/data/W001/W001_001/W001_001a_IC01.wav to /autofs/diamond2/share/corpus/CEJC_16bit16kHz/data/W001/W001_001/W001_001a_IC01.wav
Converting /autofs/diamond2/share/corpus/CEJC/data/W001/W001_001/W001_001a_IC02.wav to /autofs/diamond2/share/corpus/CEJC_16bit16kHz/data/W001/W001_001/W001_001a_IC02.wav
Converting /autofs/diamond2/share/corpus/CEJC/data/W001/W001_001/W001_001a_IC04.wav to /autofs/diamond2/share/corpus/CEJC_16bit16kHz/data/W001/W001_001/W001_001a_IC04.wav
Converting /autofs/diamond2/share/corpus/CEJC/data/W001/W001_001/W001_001a_IC06.wav to /autofs/diamond2/share/corpus/CEJC_16bit16kHz/data/W001/W001_001/W001_001a_IC06.wav
Converting /autofs/diamond2/share/corpus/CEJC/data/W001/W001_001/W001_001a_IC07.wav to /autofs/diamond2/share/corpus/CEJC_16bit16kHz/data/W001/W001_001/W001_001a_IC07.wav
Converting /autofs/diamond2/share/corpus/CEJC/data/W001/W001_001/W001_001a_IC08.wav to /autofs/diamond2/share/corpus/CEJC_16bit16kHz/data/W001/W001_001/W001_001a_IC08.wav
Converting /autofs/diamond2/share/corpus/CEJC/data/W001/W001_001/W001_001a_IC0A.wav to /autofs/diamond2/share/corpus/CEJC_16bit16kHz/data/W001/W001_001/W001_001a_IC0A.wav
Converting /autofs/diamond2/share/corpus/CEJC/data/W001/W001_001/W001_001b_IC01.wav to /autofs/diamond2/share/corpus/CEJC_16bit16kHz/data/W001/W001_001/W001_001b_IC01.wav
sox WARN rate: rate clipped 1 samples; decrease volume?
sox WARN dither: dither clipped 1 samples; decrease volume?
Converting /autofs/diamond2/share/corpus/CEJC/data/W001/W001_001/W001_001b_IC02.wav to /autofs/diamond2/share/corpus/CEJC_16bit16kHz/data/W001/W001_001/W001_001b_IC02.wav
Converting /autofs/diamond2/share/corpus/CEJC/data/W001/W001_001/W001_001b_IC04.wav to /autofs/diamond2/share/corpus/CEJC_16bit16kHz/data/W001/W001_001/W001_001b_IC04.wav
Converting /autofs/diamond2/share/corpus/CEJC/data/W001/W001_001/W001_001b_IC06.wav to /autofs/diamond2/share/corpus/CEJC_16bit16kHz/data/W001/W001_001/W001_001b_IC06.wav
Converting /autofs/diamond2/share/corpus/CEJC/data/W001/W001_001/W001_001b_IC07.wav to /autofs/diamond2/share/corpus/CEJC_16bit16kHz/data/W001/W001_001/W001_001b_IC07.wav
Converting /autofs/diamond2/share/corpus/CEJC/data/W001/W001_001/W001_001b_IC08.wav to /autofs/diamond2/share/corpus/CEJC_16bit16kHz/data/W001/W001_001/W001_001b_IC08.wav
Converting /autofs/diamond2/share/corpus/CEJC/data/W001/W001_001/W001_001b_IC0A.wav to /autofs/diamond2/share/corpus/CEJC_16bit16kHz/data/W001/W001_001/W001_001b_IC0A.wav
sox WARN rate: rate clipped 12 samples; decrease volume?
sox WARN dither: dither clipped 9 samples; decrease volume?
Converting /autofs/diamond2/share/corpus/CEJC/data/W001/W001_001/W001_001c_IC01.wav to /autofs/diamond2/share/corpus/CEJC_16bit16kHz/data/W001/W001_001/W001_001c_IC01.wav
Converting /autofs/diamond2/share/corpus/CEJC/data/W001/W001_001/W001_001c_IC02.wav to /autofs/diamond2/share/corpus/CEJC_16bit16kHz/data/W001/W001_001/W001_001c_IC02.wav
Converting /autofs/diamond2/share/corpus/CEJC/data/W001/W001_001/W001_001c_IC04.wav to /autofs/diamond2/share/corpus/CEJC_16bit16kHz/data/W001/W001_001/W001_001c_IC04.wav
Converting /autofs/diamond2/share/corpus/CEJC/data/W001/W001_001/W001_001c_IC06.wav to /autofs/diamond2/share/corpus/CEJC_16bit16kHz/data/W001/W001_001/W001_001c_IC06.wav
Converting /autofs/diamond2/share/corpus/CEJC/data/W001/W001_001/W001_001c_IC07.wav to /autofs/diamond2/share/corpus/CEJC_16bit16kHz/data/W001/W001_001/W001_001c_IC07.wav
Converting /autofs/diamond2/share/corpus/CEJC/data/W001/W001_001/W001_001c_IC08.wav to /autofs/diamond2/share/corpus/CEJC_16bit16kHz/data/W001/W001_001/W001_001c_IC08.wav
Converting /autofs/diamond2/share/corpus/CEJC/data/W001/W001_001/W001_001c_IC0A.wav to /autofs/diamond2/share/corpus/CEJC_16bit16kHz/data/W001/W001_001/W001_001c_IC0A.wav
Converting /autofs/diamond2/share/corpus/CEJC/data/W001/W001_002/W001_002_IC01.wav to /autofs/diamond2/share/corpus/CEJC_16bit16kHz/data/W001/W001_002/W001_002_IC01.wav
Converting /autofs/diamond2/share/corpus/CEJC/data/W001/W001_002/W001_002_IC02.wav to /autofs/diamond2/share/corpus/CEJC_16bit16kHz/data/W001/W001_002/W001_002_IC02.wav
Converting /autofs/diamond2/share/corpus/CEJC/data/W001/W001_002/W001_002_IC03.wav to /autofs/diamond2/share/corpus/CEJC_16bit16kHz/data/W001/W001_002/W001_002_IC03.wav
Converting /autofs/diamond2/share/corpus/CEJC/data/W001/W001_002/W001_002_IC05.wav to /autofs/diamond2/share/corpus/CEJC_16bit16kHz/data/W001/W001_002/W001_002_IC05.wav
Converting /autofs/diamond2/share/corpus/CEJC/data/W001/W001_002/W001_002_IC07.wav to /autofs/diamond2/share/corpus/CEJC_16bit16kHz/data/W001/W001_002/W001_002_IC07.wav
Converting /autofs/diamond2/share/corpus/CEJC/data/W001/W001_002/W001_002_IC09.wav to /autofs/diamond2/share/corpus/CEJC_16bit16kHz/data/W001/W001_002/W001_002_IC09.wav
Converting /autofs/diamond2/share/corpus/CEJC/data/W001/W001_002/W001_002_IC0A.wav to /autofs/diamond2/share/corpus/CEJC_16bit16kHz/data/W001/W001_002/W001_002_IC0A.wav
sox WARN rate: rate clipped 26 samples; decrease volume?
sox WARN dither: dither clipped 22 samples; decrease volume?
Converting /autofs/diamond2/share/corpus/CEJC/data/W001/W001_002/W001_002_IC10.wav to /autofs/diamond2/share/corpus/CEJC_16bit16kHz/data/W001/W001_002/W001_002_IC10.wav
Converting /autofs/diamond2/share/corpus/CEJC/data/W001/W001_003/W001_003a_IC01.wav to /autofs/diamond2/share/corpus/CEJC_16bit16kHz/data/W001/W001_003/W001_003a_IC01.wav
Converting /autofs/diamond2/share/corpus/CEJC/data/W001/W001_003/W001_003a_IC03.wav to /autofs/diamond2/share/corpus/CEJC_16bit16kHz/data/W001/W001_003/W001_003a_IC03.wav
Converting /autofs/diamond2/share/corpus/CEJC/data/W001/W001_003/W001_003a_IC07.wav to /autofs/diamond2/share/corpus/CEJC_16bit16kHz/data/W001/W001_003/W001_003a_IC07.wav
Converting /autofs/diamond2/share/corpus/CEJC/data/W001/W001_003/W001_003a_IC0A.wav to /autofs/diamond2/share/corpus/CEJC_16bit16kHz/data/W001/W001_003/W001_003a_IC0A.wav
Converting /autofs/diamond2/share/corpus/CEJC/data/W001/W001_003/W001_003a_IC13.wav to /autofs/diamond2/share/corpus/CEJC_16bit16kHz/data/W001/W001_003/W001_003a_IC13.wav
Converting /autofs/diamond2/share/corpus/CEJC/data/W001/W001_003/W001_003b_IC01.wav to /autofs/diamond2/share/corpus/CEJC_16bit16kHz/data/W001/W001_003/W001_003b_IC01.wav
Converting /autofs/diamond2/share/corpus/CEJC/data/W001/W001_003/W001_003b_IC02.wav to /autofs/diamond2/share/corpus/CEJC_16bit16kHz/data/W001/W001_003/W001_003b_IC02.wav
Converting /autofs/diamond2/share/corpus/CEJC/data/W001/W001_003/W001_003b_IC03.wav to /autofs/diamond2/share/corpus/CEJC_16bit16kHz/data/W001/W001_003/W001_003b_IC03.wav
Converting /autofs/diamond2/share/corpus/CEJC/data/W001/W001_003/W001_003b_IC06.wav to /autofs/diamond2/share/corpus/CEJC_16bit16kHz/data/W001/W001_003/W001_003b_IC06.wav
Converting /autofs/diamond2/share/corpus/CEJC/data/W001/W001_003/W001_003b_IC07.wav to /autofs/diamond2/share/corpus/CEJC_16bit16kHz/data/W001/W001_003/W001_003b_IC07.wav
Converting /autofs/diamond2/share/corpus/CEJC/data/W001/W001_003/W001_003b_IC0A.wav to /autofs/diamond2/share/corpus/CEJC_16bit16kHz/data/W001/W001_003/W001_003b_IC0A.wav
Converting /autofs/diamond2/share/corpus/CEJC/data/W001/W001_003/W001_003b_IC14.wav to /autofs/diamond2/share/corpus/CEJC_16bit16kHz/data/W001/W001_003/W001_003b_IC14.wav
Converting /autofs/diamond2/share/corpus/CEJC/data/W001/W001_003/W001_003b_IC15.wav to /autofs/diamond2/share/corpus/CEJC_16bit16kHz/data/W001/W001_003/W001_003b_IC15.wav
Converting /autofs/diamond2/share/corpus/CEJC/data/W001/W001_003/W001_003c_IC01.wav to /autofs/diamond2/share/corpus/CEJC_16bit16kHz/data/W001/W001_003/W001_003c_IC01.wav
Converting /autofs/diamond2/share/corpus/CEJC/data/W001/W001_003/W001_003c_IC03.wav to /autofs/diamond2/share/corpus/CEJC_16bit16kHz/data/W001/W001_003/W001_003c_IC03.wav
Converting /autofs/diamond2/share/corpus/CEJC/data/W001/W001_003/W001_003c_IC06.wav to /autofs/diamond2/share/corpus/CEJC_16bit16kHz/data/W001/W001_003/W001_003c_IC06.wav
Converting /autofs/diamond2/share/corpus/CEJC/data/W001/W001_003/W001_003c_IC07.wav to /autofs/diamond2/share/corpus/CEJC_16bit16kHz/data/W001/W001_003/W001_003c_IC07.wav
Converting /autofs/diamond2/share/corpus/CEJC/data/W001/W001_003/W001_003c_IC0A.wav to /autofs/diamond2/share/corpus/CEJC_16bit16kHz/data/W001/W001_003/W001_003c_IC0A.wav
sox WARN rate: rate clipped 2 samples; decrease volume?
sox WARN dither: dither clipped 1 samples; decrease volume?
Converting /autofs/diamond2/share/corpus/CEJC/data/W001/W001_003/W001_003c_IC12.wav to /autofs/diamond2/share/corpus/CEJC_16bit16kHz/data/W001/W001_003/W001_003c_IC12.wav
Converting /autofs/diamond2/share/corpus/CEJC/data/W001/W001_003/W001_003c_IC14.wav to /autofs/diamond2/share/corpus/CEJC_16bit16kHz/data/W001/W001_003/W001_003c_IC14.wav
Converting /autofs/diamond2/share/corpus/CEJC/data/W001/W001_003/W001_003c_IC15.wav to /autofs/diamond2/share/corpus/CEJC_16bit16kHz/data/W001/W001_003/W001_003c_IC15.wav
Converting /autofs/diamond2/share/corpus/CEJC/data/W001/W001_003/W001_003d_IC01.wav to /autofs/diamond2/share/corpus/CEJC_16bit16kHz/data/W001/W001_003/W001_003d_IC01.wav
Converting /autofs/diamond2/share/corpus/CEJC/data/W001/W001_003/W001_003d_IC02.wav to /autofs/diamond2/share/corpus/CEJC_16bit16kHz/data/W001/W001_003/W001_003d_IC02.wav
Converting /autofs/diamond2/share/corpus/CEJC/data/W001/W001_003/W001_003d_IC03.wav to /autofs/diamond2/share/corpus/CEJC_16bit16kHz/data/W001/W001_003/W001_003d_IC03.wav
Converting /autofs/diamond2/share/corpus/CEJC/data/W001/W001_003/W001_003d_IC06.wav to /autofs/diamond2/share/corpus/CEJC_16bit16kHz/data/W001/W001_003/W001_003d_IC06.wav
Converting /autofs/diamond2/share/corpus/CEJC/data/W001/W001_003/W001_003d_IC07.wav to /autofs/diamond2/share/corpus/CEJC_16bit16kHz/data/W001/W001_003/W001_003d_IC07.wav
Converting /autofs/diamond2/share/corpus/CEJC/data/W001/W001_003/W001_003d_IC0A.wav to /autofs/diamond2/share/corpus/CEJC_16bit16kHz/data/W001/W001_003/W001_003d_IC0A.wav
sox WARN rate: rate clipped 13 samples; decrease volume?
sox WARN dither: dither clipped 11 samples; decrease volume?
Converting /autofs/diamond2/share/corpus/CEJC/data/W001/W001_003/W001_003d_IC12.wav to /autofs/diamond2/share/corpus/CEJC_16bit16kHz/data/W001/W001_003/W001_003d_IC12.wav
sox WARN rate: rate clipped 1 samples; decrease volume?
sox WARN dither: dither clipped 1 samples; decrease volume?
Converting /autofs/diamond2/share/corpus/CEJC/data/W001/W001_003/W001_003d_IC14.wav to /autofs/diamond2/share/corpus/CEJC_16bit16kHz/data/W001/W001_003/W001_003d_IC14.wav
sox WARN rate: rate clipped 2 samples; decrease volume?
sox WARN dither: dither clipped 2 samples; decrease volume?
Converting /autofs/diamond2/share/corpus/CEJC/data/W001/W001_003/W001_003d_IC15.wav to /autofs/diamond2/share/corpus/CEJC_16bit16kHz/data/W001/W001_003/W001_003d_IC15.wav
Converting /autofs/diamond2/share/corpus/CEJC/data/W001/W001_004/W001_004_IC01.wav to /autofs/diamond2/share/corpus/CEJC_16bit16kHz/data/W001/W001_004/W001_004_IC01.wav
Converting /autofs/diamond2/share/corpus/CEJC/data/W001/W001_004/W001_004_IC02.wav to /autofs/diamond2/share/corpus/CEJC_16bit16kHz/data/W001/W001_004/W001_004_IC02.wav
Converting /autofs/diamond2/share/corpus/CEJC/data/W001/W001_004/W001_004_IC04.wav to /autofs/diamond2/share/corpus/CEJC_16bit16kHz/data/W001/W001_004/W001_004_IC04.wav
Converting /autofs/diamond2/share/corpus/CEJC/data/W001/W001_004/W001_004_IC05.wav to /autofs/diamond2/share/corpus/CEJC_16bit16kHz/data/W001/W001_004/W001_004_IC05.wav
Converting /autofs/diamond2/share/corpus/CEJC/data/W001/W001_004/W001_004_IC08.wav to /autofs/diamond2/share/corpus/CEJC_16bit16kHz/data/W001/W001_004/W001_004_IC08.wav
Converting /autofs/diamond2/share/corpus/CEJC/data/W001/W001_004/W001_004_IC0A.wav to /autofs/diamond2/share/corpus/CEJC_16bit16kHz/data/W001/W001_004/W001_004_IC0A.wav
Converting /autofs/diamond2/share/corpus/CEJC/data/W001/W001_004/W001_004_IC10.wav to /autofs/diamond2/share/corpus/CEJC_16bit16kHz/data/W001/W001_004/W001_004_IC10.wav
Converting /autofs/diamond2/share/corpus/CEJC/data/W002/W002_001/W002_001_IC01.wav to /autofs/diamond2/share/corpus/CEJC_16bit16kHz/data/W002/W002_001/W002_001_IC01.wav
Converting /autofs/diamond2/share/corpus/CEJC/data/W002/W002_001/W002_001_IC02.wav to /autofs/diamond2/share/corpus/CEJC_16bit16kHz/data/W002/W002_001/W002_001_IC02.wav
Converting /autofs/diamond2/share/corpus/CEJC/data/W002/W002_001/W002_001_IC03.wav to /autofs/diamond2/share/corpus/CEJC_16bit16kHz/data/W002/W002_001/W002_001_IC03.wav
Converting /autofs/diamond2/share/corpus/CEJC/data/W002/W002_001/W002_001_IC04.wav to /autofs/diamond2/share/corpus/CEJC_16bit16kHz/data/W002/W002_001/W002_001_IC04.wav
Converting /autofs/diamond2/share/corpus/CEJC/data/W002/W002_001/W002_001_IC05.wav to /autofs/diamond2/share/corpus/CEJC_16bit16kHz/data/W002/W002_001/W002_001_IC05.wav
Converting /autofs/diamond2/share/corpus/CEJC/data/W002/W002_001/W002_001_IC06.wav to /autofs/diamond2/share/corpus/CEJC_16bit16kHz/data/W002/W002_001/W002_001_IC06.wav
Converting /autofs/diamond2/share/corpus/CEJC/data/W002/W002_001/W002_001_IC07.wav to /autofs/diamond2/share/corpus/CEJC_16bit16kHz/data/W002/W002_001/W002_001_IC07.wav
Converting /autofs/diamond2/share/corpus/CEJC/data/W002/W002_001/W002_001_IC08.wav to /autofs/diamond2/share/corpus/CEJC_16bit16kHz/data/W002/W002_001/W002_001_IC08.wav
Converting /autofs/diamond2/share/corpus/CEJC/data/W002/W002_001/W002_001_IC09.wav to /autofs/diamond2/share/corpus/CEJC_16bit16kHz/data/W002/W002_001/W002_001_IC09.wav
Converting /autofs/diamond2/share/corpus/CEJC/data/W002/W002_001/W002_001_IC0A.wav to /autofs/diamond2/share/corpus/CEJC_16bit16kHz/data/W002/W002_001/W002_001_IC0A.wav
Converting /autofs/diamond2/share/corpus/CEJC/data/W002/W002_001/W002_001_IC0B.wav to /autofs/diamond2/share/corpus/CEJC_16bit16kHz/data/W002/W002_001/W002_001_IC0B.wav
Converting /autofs/diamond2/share/corpus/CEJC/data/W002/W002_001/W002_001_IC10.wav to /autofs/diamond2/share/corpus/CEJC_16bit16kHz/data/W002/W002_001/W002_001_IC10.wav
Converting /autofs/diamond2/share/corpus/CEJC/data/W002/W002_001/W002_001_IC11.wav to /autofs/diamond2/share/corpus/CEJC_16bit16kHz/data/W002/W002_001/W002_001_IC11.wav
Converting /autofs/diamond2/share/corpus/CEJC/data/W002/W002_001/W002_001_IC12.wav to /autofs/diamond2/share/corpus/CEJC_16bit16kHz/data/W002/W002_001/W002_001_IC12.wav
Converting /autofs/diamond2/share/corpus/CEJC/data/W002/W002_001/W002_001_IC13.wav to /autofs/diamond2/share/corpus/CEJC_16bit16kHz/data/W002/W002_001/W002_001_IC13.wav
Converting /autofs/diamond2/share/corpus/CEJC/data/W002/W002_001/W002_001_IC14.wav to /autofs/diamond2/share/corpus/CEJC_16bit16kHz/data/W002/W002_001/W002_001_IC14.wav
Converting /autofs/diamond2/share/corpus/CEJC/data/W003/W003_001/W003_001_IC01.wav to /autofs/diamond2/share/corpus/CEJC_16bit16kHz/data/W003/W003_001/W003_001_IC01.wav
Converting /autofs/diamond2/share/corpus/CEJC/data/W003/W003_001/W003_001_IC02.wav to /autofs/diamond2/share/corpus/CEJC_16bit16kHz/data/W003/W003_001/W003_001_IC02.wav
Converting /autofs/diamond2/share/corpus/CEJC/data/W003/W003_001/W003_001_IC03.wav to /autofs/diamond2/share/corpus/CEJC_16bit16kHz/data/W003/W003_001/W003_001_IC03.wav
Converting /autofs/diamond2/share/corpus/CEJC/data/W003/W003_001/W003_001_IC0A.wav to /autofs/diamond2/share/corpus/CEJC_16bit16kHz/data/W003/W003_001/W003_001_IC0A.wav
Converting /autofs/diamond2/share/corpus/CEJC/data/W003/W003_002/W003_002_IC02.wav to /autofs/diamond2/share/corpus/CEJC_16bit16kHz/data/W003/W003_002/W003_002_IC02.wav
Converting /autofs/diamond2/share/corpus/CEJC/data/W003/W003_002/W003_002_IC03.wav to /autofs/diamond2/share/corpus/CEJC_16bit16kHz/data/W003/W003_002/W003_002_IC03.wav
Converting /autofs/diamond2/share/corpus/CEJC/data/W003/W003_002/W003_002_IC0A.wav to /autofs/diamond2/share/corpus/CEJC_16bit16kHz/data/W003/W003_002/W003_002_IC0A.wav
Converting /autofs/diamond2/share/corpus/CEJC/data/W004/W004_001/W004_001a_IC01.wav to /autofs/diamond2/share/corpus/CEJC_16bit16kHz/data/W004/W004_001/W004_001a_IC01.wav
Converting /autofs/diamond2/share/corpus/CEJC/data/W004/W004_001/W004_001a_IC02.wav to /autofs/diamond2/share/corpus/CEJC_16bit16kHz/data/W004/W004_001/W004_001a_IC02.wav
Converting /autofs/diamond2/share/corpus/CEJC/data/W004/W004_001/W004_001a_IC03.wav to /autofs/diamond2/share/corpus/CEJC_16bit16kHz/data/W004/W004_001/W004_001a_IC03.wav
Converting /autofs/diamond2/share/corpus/CEJC/data/W004/W004_001/W004_001a_IC04.wav to /autofs/diamond2/share/corpus/CEJC_16bit16kHz/data/W004/W004_001/W004_001a_IC04.wav
Converting /autofs/diamond2/share/corpus/CEJC/data/W004/W004_001/W004_001a_IC05.wav to /autofs/diamond2/share/corpus/CEJC_16bit16kHz/data/W004/W004_001/W004_001a_IC05.wav
Converting /autofs/diamond2/share/corpus/CEJC/data/W004/W004_001/W004_001a_IC06.wav to /autofs/diamond2/share/corpus/CEJC_16bit16kHz/data/W004/W004_001/W004_001a_IC06.wav
Converting /autofs/diamond2/share/corpus/CEJC/data/W004/W004_001/W004_001a_IC0A.wav to /autofs/diamond2/share/corpus/CEJC_16bit16kHz/data/W004/W004_001/W004_001a_IC0A.wav
Converting /autofs/diamond2/share/corpus/CEJC/data/W004/W004_001/W004_001b_IC01.wav to /autofs/diamond2/share/corpus/CEJC_16bit16kHz/data/W004/W004_001/W004_001b_IC01.wav
Converting /autofs/diamond2/share/corpus/CEJC/data/W004/W004_001/W004_001b_IC02.wav to /autofs/diamond2/share/corpus/CEJC_16bit16kHz/data/W004/W004_001/W004_001b_IC02.wav
Converting /autofs/diamond2/share/corpus/CEJC/data/W004/W004_001/W004_001b_IC03.wav to /autofs/diamond2/share/corpus/CEJC_16bit16kHz/data/W004/W004_001/W004_001b_IC03.wav
Converting /autofs/diamond2/share/corpus/CEJC/data/W004/W004_001/W004_001b_IC04.wav to /autofs/diamond2/share/corpus/CEJC_16bit16kHz/data/W004/W004_001/W004_001b_IC04.wav
Converting /autofs/diamond2/share/corpus/CEJC/data/W004/W004_001/W004_001b_IC05.wav to /autofs/diamond2/share/corpus/CEJC_16bit16kHz/data/W004/W004_001/W004_001b_IC05.wav
Converting /autofs/diamond2/share/corpus/CEJC/data/W004/W004_001/W004_001b_IC06.wav to /autofs/diamond2/share/corpus/CEJC_16bit16kHz/data/W004/W004_001/W004_001b_IC06.wav
Converting /autofs/diamond2/share/corpus/CEJC/data/W004/W004_001/W004_001b_IC0A.wav to /autofs/diamond2/share/corpus/CEJC_16bit16kHz/data/W004/W004_001/W004_001b_IC0A.wav
Converting /autofs/diamond2/share/corpus/CEJC/data/W004/W004_002/W004_002_IC01.wav to /autofs/diamond2/share/corpus/CEJC_16bit16kHz/data/W004/W004_002/W004_002_IC01.wav
Converting /autofs/diamond2/share/corpus/CEJC/data/W004/W004_002/W004_002_IC02.wav to /autofs/diamond2/share/corpus/CEJC_16bit16kHz/data/W004/W004_002/W004_002_IC02.wav
Converting /autofs/diamond2/share/corpus/CEJC/data/W004/W004_002/W004_002_IC03.wav to /autofs/diamond2/share/corpus/CEJC_16bit16kHz/data/W004/W004_002/W004_002_IC03.wav
Converting /autofs/diamond2/share/corpus/CEJC/data/W004/W004_002/W004_002_IC04.wav to /autofs/diamond2/share/corpus/CEJC_16bit16kHz/data/W004/W004_002/W004_002_IC04.wav
Converting /autofs/diamond2/share/corpus/CEJC/data/W004/W004_002/W004_002_IC05.wav to /autofs/diamond2/share/corpus/CEJC_16bit16kHz/data/W004/W004_002/W004_002_IC05.wav
Converting /autofs/diamond2/share/corpus/CEJC/data/W004/W004_002/W004_002_IC06.wav to /autofs/diamond2/share/corpus/CEJC_16bit16kHz/data/W004/W004_002/W004_002_IC06.wav
Converting /autofs/diamond2/share/corpus/CEJC/data/W004/W004_002/W004_002_IC0A.wav to /autofs/diamond2/share/corpus/CEJC_16bit16kHz/data/W004/W004_002/W004_002_IC0A.wav
Converting /autofs/diamond2/share/corpus/CEJC/data/W004/W004_003/W004_003_IC01.wav to /autofs/diamond2/share/corpus/CEJC_16bit16kHz/data/W004/W004_003/W004_003_IC01.wav
Converting /autofs/diamond2/share/corpus/CEJC/data/W004/W004_003/W004_003_IC02.wav to /autofs/diamond2/share/corpus/CEJC_16bit16kHz/data/W004/W004_003/W004_003_IC02.wav
Converting /autofs/diamond2/share/corpus/CEJC/data/W004/W004_003/W004_003_IC03.wav to /autofs/diamond2/share/corpus/CEJC_16bit16kHz/data/W004/W004_003/W004_003_IC03.wav
Converting /autofs/diamond2/share/corpus/CEJC/data/W004/W004_003/W004_003_IC04.wav to /autofs/diamond2/share/corpus/CEJC_16bit16kHz/data/W004/W004_003/W004_003_IC04.wav
Converting /autofs/diamond2/share/corpus/CEJC/data/W004/W004_003/W004_003_IC05.wav to /autofs/diamond2/share/corpus/CEJC_16bit16kHz/data/W004/W004_003/W004_003_IC05.wav
Converting /autofs/diamond2/share/corpus/CEJC/data/W004/W004_003/W004_003_IC06.wav to /autofs/diamond2/share/corpus/CEJC_16bit16kHz/data/W004/W004_003/W004_003_IC06.wav
Converting /autofs/diamond2/share/corpus/CEJC/data/W004/W004_003/W004_003_IC0A.wav to /autofs/diamond2/share/corpus/CEJC_16bit16kHz/data/W004/W004_003/W004_003_IC0A.wav
Converting /autofs/diamond2/share/corpus/CEJC/data/W004/W004_004/W004_004a_IC01.wav to /autofs/diamond2/share/corpus/CEJC_16bit16kHz/data/W004/W004_004/W004_004a_IC01.wav
Converting /autofs/diamond2/share/corpus/CEJC/data/W004/W004_004/W004_004a_IC02.wav to /autofs/diamond2/share/corpus/CEJC_16bit16kHz/data/W004/W004_004/W004_004a_IC02.wav
Converting /autofs/diamond2/share/corpus/CEJC/data/W004/W004_004/W004_004a_IC03.wav to /autofs/diamond2/share/corpus/CEJC_16bit16kHz/data/W004/W004_004/W004_004a_IC03.wav
Converting /autofs/diamond2/share/corpus/CEJC/data/W004/W004_004/W004_004a_IC04.wav to /autofs/diamond2/share/corpus/CEJC_16bit16kHz/data/W004/W004_004/W004_004a_IC04.wav
Converting /autofs/diamond2/share/corpus/CEJC/data/W004/W004_004/W004_004a_IC05.wav to /autofs/diamond2/share/corpus/CEJC_16bit16kHz/data/W004/W004_004/W004_004a_IC05.wav
Converting /autofs/diamond2/share/corpus/CEJC/data/W004/W004_004/W004_004a_IC06.wav to /autofs/diamond2/share/corpus/CEJC_16bit16kHz/data/W004/W004_004/W004_004a_IC06.wav
Converting /autofs/diamond2/share/corpus/CEJC/data/W004/W004_004/W004_004a_IC0A.wav to /autofs/diamond2/share/corpus/CEJC_16bit16kHz/data/W004/W004_004/W004_004a_IC0A.wav
Converting /autofs/diamond2/share/corpus/CEJC/data/W004/W004_004/W004_004b_IC01.wav to /autofs/diamond2/share/corpus/CEJC_16bit16kHz/data/W004/W004_004/W004_004b_IC01.wav
Converting /autofs/diamond2/share/corpus/CEJC/data/W004/W004_004/W004_004b_IC02.wav to /autofs/diamond2/share/corpus/CEJC_16bit16kHz/data/W004/W004_004/W004_004b_IC02.wav
Converting /autofs/diamond2/share/corpus/CEJC/data/W004/W004_004/W004_004b_IC03.wav to /autofs/diamond2/share/corpus/CEJC_16bit16kHz/data/W004/W004_004/W004_004b_IC03.wav
Converting /autofs/diamond2/share/corpus/CEJC/data/W004/W004_004/W004_004b_IC04.wav to /autofs/diamond2/share/corpus/CEJC_16bit16kHz/data/W004/W004_004/W004_004b_IC04.wav
Converting /autofs/diamond2/share/corpus/CEJC/data/W004/W004_004/W004_004b_IC05.wav to /autofs/diamond2/share/corpus/CEJC_16bit16kHz/data/W004/W004_004/W004_004b_IC05.wav
Converting /autofs/diamond2/share/corpus/CEJC/data/W004/W004_004/W004_004b_IC06.wav to /autofs/diamond2/share/corpus/CEJC_16bit16kHz/data/W004/W004_004/W004_004b_IC06.wav
Converting /autofs/diamond2/share/corpus/CEJC/data/W004/W004_004/W004_004b_IC0A.wav to /autofs/diamond2/share/corpus/CEJC_16bit16kHz/data/W004/W004_004/W004_004b_IC0A.wav
Converting /autofs/diamond2/share/corpus/CEJC/data/W004/W004_005/W004_005a_IC01.wav to /autofs/diamond2/share/corpus/CEJC_16bit16kHz/data/W004/W004_005/W004_005a_IC01.wav
Converting /autofs/diamond2/share/corpus/CEJC/data/W004/W004_005/W004_005a_IC02.wav to /autofs/diamond2/share/corpus/CEJC_16bit16kHz/data/W004/W004_005/W004_005a_IC02.wav
Converting /autofs/diamond2/share/corpus/CEJC/data/W004/W004_005/W004_005a_IC03.wav to /autofs/diamond2/share/corpus/CEJC_16bit16kHz/data/W004/W004_005/W004_005a_IC03.wav
Converting /autofs/diamond2/share/corpus/CEJC/data/W004/W004_005/W004_005a_IC04.wav to /autofs/diamond2/share/corpus/CEJC_16bit16kHz/data/W004/W004_005/W004_005a_IC04.wav
Converting /autofs/diamond2/share/corpus/CEJC/data/W004/W004_005/W004_005a_IC05.wav to /autofs/diamond2/share/corpus/CEJC_16bit16kHz/data/W004/W004_005/W004_005a_IC05.wav
Converting /autofs/diamond2/share/corpus/CEJC/data/W004/W004_005/W004_005a_IC06.wav to /autofs/diamond2/share/corpus/CEJC_16bit16kHz/data/W004/W004_005/W004_005a_IC06.wav
Converting /autofs/diamond2/share/corpus/CEJC/data/W004/W004_005/W004_005a_IC0A.wav to /autofs/diamond2/share/corpus/CEJC_16bit16kHz/data/W004/W004_005/W004_005a_IC0A.wav
Converting /autofs/diamond2/share/corpus/CEJC/data/W004/W004_005/W004_005b_IC01.wav to /autofs/diamond2/share/corpus/CEJC_16bit16kHz/data/W004/W004_005/W004_005b_IC01.wav
Converting /autofs/diamond2/share/corpus/CEJC/data/W004/W004_005/W004_005b_IC02.wav to /autofs/diamond2/share/corpus/CEJC_16bit16kHz/data/W004/W004_005/W004_005b_IC02.wav
Converting /autofs/diamond2/share/corpus/CEJC/data/W004/W004_005/W004_005b_IC03.wav to /autofs/diamond2/share/corpus/CEJC_16bit16kHz/data/W004/W004_005/W004_005b_IC03.wav
Converting /autofs/diamond2/share/corpus/CEJC/data/W004/W004_005/W004_005b_IC04.wav to /autofs/diamond2/share/corpus/CEJC_16bit16kHz/data/W004/W004_005/W004_005b_IC04.wav
Converting /autofs/diamond2/share/corpus/CEJC/data/W004/W004_005/W004_005b_IC05.wav to /autofs/diamond2/share/corpus/CEJC_16bit16kHz/data/W004/W004_005/W004_005b_IC05.wav
Converting /autofs/diamond2/share/corpus/CEJC/data/W004/W004_005/W004_005b_IC06.wav to /autofs/diamond2/share/corpus/CEJC_16bit16kHz/data/W004/W004_005/W004_005b_IC06.wav
Converting /autofs/diamond2/share/corpus/CEJC/data/W004/W004_005/W004_005b_IC0A.wav to /autofs/diamond2/share/corpus/CEJC_16bit16kHz/data/W004/W004_005/W004_005b_IC0A.wav
Converting /autofs/diamond2/share/corpus/CEJC/data/W004/W004_006/W004_006_IC01.wav to /autofs/diamond2/share/corpus/CEJC_16bit16kHz/data/W004/W004_006/W004_006_IC01.wav
Converting /autofs/diamond2/share/corpus/CEJC/data/W004/W004_006/W004_006_IC02.wav to /autofs/diamond2/share/corpus/CEJC_16bit16kHz/data/W004/W004_006/W004_006_IC02.wav
Converting /autofs/diamond2/share/corpus/CEJC/data/W004/W004_006/W004_006_IC03.wav to /autofs/diamond2/share/corpus/CEJC_16bit16kHz/data/W004/W004_006/W004_006_IC03.wav
Converting /autofs/diamond2/share/corpus/CEJC/data/W004/W004_006/W004_006_IC04.wav to /autofs/diamond2/share/corpus/CEJC_16bit16kHz/data/W004/W004_006/W004_006_IC04.wav
Converting /autofs/diamond2/share/corpus/CEJC/data/W004/W004_006/W004_006_IC05.wav to /autofs/diamond2/share/corpus/CEJC_16bit16kHz/data/W004/W004_006/W004_006_IC05.wav
Converting /autofs/diamond2/share/corpus/CEJC/data/W004/W004_006/W004_006_IC06.wav to /autofs/diamond2/share/corpus/CEJC_16bit16kHz/data/W004/W004_006/W004_006_IC06.wav
Converting /autofs/diamond2/share/corpus/CEJC/data/W004/W004_006/W004_006_IC0A.wav to /autofs/diamond2/share/corpus/CEJC_16bit16kHz/data/W004/W004_006/W004_006_IC0A.wav
Converting /autofs/diamond2/share/corpus/CEJC/data/W004/W004_007/W004_007a_IC01.wav to /autofs/diamond2/share/corpus/CEJC_16bit16kHz/data/W004/W004_007/W004_007a_IC01.wav
Converting /autofs/diamond2/share/corpus/CEJC/data/W004/W004_007/W004_007a_IC02.wav to /autofs/diamond2/share/corpus/CEJC_16bit16kHz/data/W004/W004_007/W004_007a_IC02.wav
Converting /autofs/diamond2/share/corpus/CEJC/data/W004/W004_007/W004_007a_IC03.wav to /autofs/diamond2/share/corpus/CEJC_16bit16kHz/data/W004/W004_007/W004_007a_IC03.wav
Converting /autofs/diamond2/share/corpus/CEJC/data/W004/W004_007/W004_007a_IC04.wav to /autofs/diamond2/share/corpus/CEJC_16bit16kHz/data/W004/W004_007/W004_007a_IC04.wav
Converting /autofs/diamond2/share/corpus/CEJC/data/W004/W004_007/W004_007a_IC05.wav to /autofs/diamond2/share/corpus/CEJC_16bit16kHz/data/W004/W004_007/W004_007a_IC05.wav
Converting /autofs/diamond2/share/corpus/CEJC/data/W004/W004_007/W004_007a_IC06.wav to /autofs/diamond2/share/corpus/CEJC_16bit16kHz/data/W004/W004_007/W004_007a_IC06.wav
Converting /autofs/diamond2/share/corpus/CEJC/data/W004/W004_007/W004_007a_IC0A.wav to /autofs/diamond2/share/corpus/CEJC_16bit16kHz/data/W004/W004_007/W004_007a_IC0A.wav
Converting /autofs/diamond2/share/corpus/CEJC/data/W004/W004_007/W004_007b_IC01.wav to /autofs/diamond2/share/corpus/CEJC_16bit16kHz/data/W004/W004_007/W004_007b_IC01.wav
Converting /autofs/diamond2/share/corpus/CEJC/data/W004/W004_007/W004_007b_IC02.wav to /autofs/diamond2/share/corpus/CEJC_16bit16kHz/data/W004/W004_007/W004_007b_IC02.wav
Converting /autofs/diamond2/share/corpus/CEJC/data/W004/W004_007/W004_007b_IC03.wav to /autofs/diamond2/share/corpus/CEJC_16bit16kHz/data/W004/W004_007/W004_007b_IC03.wav
Converting /autofs/diamond2/share/corpus/CEJC/data/W004/W004_007/W004_007b_IC04.wav to /autofs/diamond2/share/corpus/CEJC_16bit16kHz/data/W004/W004_007/W004_007b_IC04.wav
Converting /autofs/diamond2/share/corpus/CEJC/data/W004/W004_007/W004_007b_IC05.wav to /autofs/diamond2/share/corpus/CEJC_16bit16kHz/data/W004/W004_007/W004_007b_IC05.wav
Converting /autofs/diamond2/share/corpus/CEJC/data/W004/W004_007/W004_007b_IC06.wav to /autofs/diamond2/share/corpus/CEJC_16bit16kHz/data/W004/W004_007/W004_007b_IC06.wav
Converting /autofs/diamond2/share/corpus/CEJC/data/W004/W004_007/W004_007b_IC0A.wav to /autofs/diamond2/share/corpus/CEJC_16bit16kHz/data/W004/W004_007/W004_007b_IC0A.wav
Converting /autofs/diamond2/share/corpus/CEJC/data/W004/W004_008/W004_008a_IC01.wav to /autofs/diamond2/share/corpus/CEJC_16bit16kHz/data/W004/W004_008/W004_008a_IC01.wav
Converting /autofs/diamond2/share/corpus/CEJC/data/W004/W004_008/W004_008a_IC02.wav to /autofs/diamond2/share/corpus/CEJC_16bit16kHz/data/W004/W004_008/W004_008a_IC02.wav
Converting /autofs/diamond2/share/corpus/CEJC/data/W004/W004_008/W004_008a_IC03.wav to /autofs/diamond2/share/corpus/CEJC_16bit16kHz/data/W004/W004_008/W004_008a_IC03.wav
Converting /autofs/diamond2/share/corpus/CEJC/data/W004/W004_008/W004_008a_IC04.wav to /autofs/diamond2/share/corpus/CEJC_16bit16kHz/data/W004/W004_008/W004_008a_IC04.wav
Converting /autofs/diamond2/share/corpus/CEJC/data/W004/W004_008/W004_008a_IC05.wav to /autofs/diamond2/share/corpus/CEJC_16bit16kHz/data/W004/W004_008/W004_008a_IC05.wav
Converting /autofs/diamond2/share/corpus/CEJC/data/W004/W004_008/W004_008a_IC06.wav to /autofs/diamond2/share/corpus/CEJC_16bit16kHz/data/W004/W004_008/W004_008a_IC06.wav
Converting /autofs/diamond2/share/corpus/CEJC/data/W004/W004_008/W004_008a_IC0A.wav to /autofs/diamond2/share/corpus/CEJC_16bit16kHz/data/W004/W004_008/W004_008a_IC0A.wav
Converting /autofs/diamond2/share/corpus/CEJC/data/W004/W004_008/W004_008b_IC01.wav to /autofs/diamond2/share/corpus/CEJC_16bit16kHz/data/W004/W004_008/W004_008b_IC01.wav
Converting /autofs/diamond2/share/corpus/CEJC/data/W004/W004_008/W004_008b_IC02.wav to /autofs/diamond2/share/corpus/CEJC_16bit16kHz/data/W004/W004_008/W004_008b_IC02.wav
Converting /autofs/diamond2/share/corpus/CEJC/data/W004/W004_008/W004_008b_IC03.wav to /autofs/diamond2/share/corpus/CEJC_16bit16kHz/data/W004/W004_008/W004_008b_IC03.wav
Converting /autofs/diamond2/share/corpus/CEJC/data/W004/W004_008/W004_008b_IC04.wav to /autofs/diamond2/share/corpus/CEJC_16bit16kHz/data/W004/W004_008/W004_008b_IC04.wav
Converting /autofs/diamond2/share/corpus/CEJC/data/W004/W004_008/W004_008b_IC05.wav to /autofs/diamond2/share/corpus/CEJC_16bit16kHz/data/W004/W004_008/W004_008b_IC05.wav
Converting /autofs/diamond2/share/corpus/CEJC/data/W004/W004_008/W004_008b_IC06.wav to /autofs/diamond2/share/corpus/CEJC_16bit16kHz/data/W004/W004_008/W004_008b_IC06.wav
Converting /autofs/diamond2/share/corpus/CEJC/data/W004/W004_008/W004_008b_IC0A.wav to /autofs/diamond2/share/corpus/CEJC_16bit16kHz/data/W004/W004_008/W004_008b_IC0A.wav
Converting /autofs/diamond2/share/corpus/CEJC/data/W004/W004_009/W004_009_IC01.wav to /autofs/diamond2/share/corpus/CEJC_16bit16kHz/data/W004/W004_009/W004_009_IC01.wav
Converting /autofs/diamond2/share/corpus/CEJC/data/W004/W004_009/W004_009_IC02.wav to /autofs/diamond2/share/corpus/CEJC_16bit16kHz/data/W004/W004_009/W004_009_IC02.wav
Converting /autofs/diamond2/share/corpus/CEJC/data/W004/W004_009/W004_009_IC03.wav to /autofs/diamond2/share/corpus/CEJC_16bit16kHz/data/W004/W004_009/W004_009_IC03.wav
Converting /autofs/diamond2/share/corpus/CEJC/data/W004/W004_009/W004_009_IC04.wav to /autofs/diamond2/share/corpus/CEJC_16bit16kHz/data/W004/W004_009/W004_009_IC04.wav
Converting /autofs/diamond2/share/corpus/CEJC/data/W004/W004_009/W004_009_IC05.wav to /autofs/diamond2/share/corpus/CEJC_16bit16kHz/data/W004/W004_009/W004_009_IC05.wav
Converting /autofs/diamond2/share/corpus/CEJC/data/W004/W004_009/W004_009_IC06.wav to /autofs/diamond2/share/corpus/CEJC_16bit16kHz/data/W004/W004_009/W004_009_IC06.wav
Converting /autofs/diamond2/share/corpus/CEJC/data/W004/W004_009/W004_009_IC0A.wav to /autofs/diamond2/share/corpus/CEJC_16bit16kHz/data/W004/W004_009/W004_009_IC0A.wav
Converting /autofs/diamond2/share/corpus/CEJC/data/W004/W004_010/W004_010a_IC01.wav to /autofs/diamond2/share/corpus/CEJC_16bit16kHz/data/W004/W004_010/W004_010a_IC01.wav
Converting /autofs/diamond2/share/corpus/CEJC/data/W004/W004_010/W004_010a_IC02.wav to /autofs/diamond2/share/corpus/CEJC_16bit16kHz/data/W004/W004_010/W004_010a_IC02.wav
Converting /autofs/diamond2/share/corpus/CEJC/data/W004/W004_010/W004_010a_IC03.wav to /autofs/diamond2/share/corpus/CEJC_16bit16kHz/data/W004/W004_010/W004_010a_IC03.wav
Converting /autofs/diamond2/share/corpus/CEJC/data/W004/W004_010/W004_010a_IC04.wav to /autofs/diamond2/share/corpus/CEJC_16bit16kHz/data/W004/W004_010/W004_010a_IC04.wav
Converting /autofs/diamond2/share/corpus/CEJC/data/W004/W004_010/W004_010a_IC05.wav to /autofs/diamond2/share/corpus/CEJC_16bit16kHz/data/W004/W004_010/W004_010a_IC05.wav
Converting /autofs/diamond2/share/corpus/CEJC/data/W004/W004_010/W004_010a_IC06.wav to /autofs/diamond2/share/corpus/CEJC_16bit16kHz/data/W004/W004_010/W004_010a_IC06.wav
Converting /autofs/diamond2/share/corpus/CEJC/data/W004/W004_010/W004_010a_IC0A.wav to /autofs/diamond2/share/corpus/CEJC_16bit16kHz/data/W004/W004_010/W004_010a_IC0A.wav
Converting /autofs/diamond2/share/corpus/CEJC/data/W004/W004_010/W004_010b_IC01.wav to /autofs/diamond2/share/corpus/CEJC_16bit16kHz/data/W004/W004_010/W004_010b_IC01.wav
Converting /autofs/diamond2/share/corpus/CEJC/data/W004/W004_010/W004_010b_IC02.wav to /autofs/diamond2/share/corpus/CEJC_16bit16kHz/data/W004/W004_010/W004_010b_IC02.wav
Converting /autofs/diamond2/share/corpus/CEJC/data/W004/W004_010/W004_010b_IC03.wav to /autofs/diamond2/share/corpus/CEJC_16bit16kHz/data/W004/W004_010/W004_010b_IC03.wav
Converting /autofs/diamond2/share/corpus/CEJC/data/W004/W004_010/W004_010b_IC04.wav to /autofs/diamond2/share/corpus/CEJC_16bit16kHz/data/W004/W004_010/W004_010b_IC04.wav
Converting /autofs/diamond2/share/corpus/CEJC/data/W004/W004_010/W004_010b_IC05.wav to /autofs/diamond2/share/corpus/CEJC_16bit16kHz/data/W004/W004_010/W004_010b_IC05.wav
Converting /autofs/diamond2/share/corpus/CEJC/data/W004/W004_010/W004_010b_IC06.wav to /autofs/diamond2/share/corpus/CEJC_16bit16kHz/data/W004/W004_010/W004_010b_IC06.wav
Converting /autofs/diamond2/share/corpus/CEJC/data/W004/W004_010/W004_010b_IC0A.wav to /autofs/diamond2/share/corpus/CEJC_16bit16kHz/data/W004/W004_010/W004_010b_IC0A.wav
Converting /autofs/diamond2/share/corpus/CEJC/data/W005/W005_001/W005_001_IC01.wav to /autofs/diamond2/share/corpus/CEJC_16bit16kHz/data/W005/W005_001/W005_001_IC01.wav
Converting /autofs/diamond2/share/corpus/CEJC/data/W005/W005_001/W005_001_IC02.wav to /autofs/diamond2/share/corpus/CEJC_16bit16kHz/data/W005/W005_001/W005_001_IC02.wav
Converting /autofs/diamond2/share/corpus/CEJC/data/W005/W005_001/W005_001_IC03.wav to /autofs/diamond2/share/corpus/CEJC_16bit16kHz/data/W005/W005_001/W005_001_IC03.wav
Converting /autofs/diamond2/share/corpus/CEJC/data/W005/W005_001/W005_001_IC04.wav to /autofs/diamond2/share/corpus/CEJC_16bit16kHz/data/W005/W005_001/W005_001_IC04.wav
Converting /autofs/diamond2/share/corpus/CEJC/data/W005/W005_001/W005_001_IC05.wav to /autofs/diamond2/share/corpus/CEJC_16bit16kHz/data/W005/W005_001/W005_001_IC05.wav
Converting /autofs/diamond2/share/corpus/CEJC/data/W005/W005_001/W005_001_IC06.wav to /autofs/diamond2/share/corpus/CEJC_16bit16kHz/data/W005/W005_001/W005_001_IC06.wav
Converting /autofs/diamond2/share/corpus/CEJC/data/W005/W005_001/W005_001_IC07.wav to /autofs/diamond2/share/corpus/CEJC_16bit16kHz/data/W005/W005_001/W005_001_IC07.wav
Converting /autofs/diamond2/share/corpus/CEJC/data/W005/W005_001/W005_001_IC08.wav to /autofs/diamond2/share/corpus/CEJC_16bit16kHz/data/W005/W005_001/W005_001_IC08.wav
Converting /autofs/diamond2/share/corpus/CEJC/data/W005/W005_001/W005_001_IC09.wav to /autofs/diamond2/share/corpus/CEJC_16bit16kHz/data/W005/W005_001/W005_001_IC09.wav
Converting /autofs/diamond2/share/corpus/CEJC/data/W005/W005_001/W005_001_IC0A.wav to /autofs/diamond2/share/corpus/CEJC_16bit16kHz/data/W005/W005_001/W005_001_IC0A.wav
Converting /autofs/diamond2/share/corpus/CEJC/data/W006/W006_001/W006_001_IC01.wav to /autofs/diamond2/share/corpus/CEJC_16bit16kHz/data/W006/W006_001/W006_001_IC01.wav
Converting /autofs/diamond2/share/corpus/CEJC/data/W006/W006_001/W006_001_IC01ef.wav to /autofs/diamond2/share/corpus/CEJC_16bit16kHz/data/W006/W006_001/W006_001_IC01ef.wav
Converting /autofs/diamond2/share/corpus/CEJC/data/W006/W006_001/W006_001_IC02.wav to /autofs/diamond2/share/corpus/CEJC_16bit16kHz/data/W006/W006_001/W006_001_IC02.wav
Converting /autofs/diamond2/share/corpus/CEJC/data/W006/W006_001/W006_001_IC02ef.wav to /autofs/diamond2/share/corpus/CEJC_16bit16kHz/data/W006/W006_001/W006_001_IC02ef.wav
Converting /autofs/diamond2/share/corpus/CEJC/data/W006/W006_001/W006_001_IC0B.wav to /autofs/diamond2/share/corpus/CEJC_16bit16kHz/data/W006/W006_001/W006_001_IC0B.wav
Converting /autofs/diamond2/share/corpus/CEJC/data/W006/W006_001/W006_001_IC0Bef.wav to /autofs/diamond2/share/corpus/CEJC_16bit16kHz/data/W006/W006_001/W006_001_IC0Bef.wav
Converting /autofs/diamond2/share/corpus/CEJC/data/W007/W007_002/W007_002_IC01.wav to /autofs/diamond2/share/corpus/CEJC_16bit16kHz/data/W007/W007_002/W007_002_IC01.wav
Converting /autofs/diamond2/share/corpus/CEJC/data/W007/W007_002/W007_002_IC02.wav to /autofs/diamond2/share/corpus/CEJC_16bit16kHz/data/W007/W007_002/W007_002_IC02.wav
Converting /autofs/diamond2/share/corpus/CEJC/data/W007/W007_002/W007_002_IC0A.wav to /autofs/diamond2/share/corpus/CEJC_16bit16kHz/data/W007/W007_002/W007_002_IC0A.wav
Converting /autofs/diamond2/share/corpus/CEJC/data/W007/W007_003/W007_003_IC01.wav to /autofs/diamond2/share/corpus/CEJC_16bit16kHz/data/W007/W007_003/W007_003_IC01.wav
Converting /autofs/diamond2/share/corpus/CEJC/data/W007/W007_003/W007_003_IC02.wav to /autofs/diamond2/share/corpus/CEJC_16bit16kHz/data/W007/W007_003/W007_003_IC02.wav
Converting /autofs/diamond2/share/corpus/CEJC/data/W007/W007_003/W007_003_IC03.wav to /autofs/diamond2/share/corpus/CEJC_16bit16kHz/data/W007/W007_003/W007_003_IC03.wav
Converting /autofs/diamond2/share/corpus/CEJC/data/W007/W007_003/W007_003_IC0A.wav to /autofs/diamond2/share/corpus/CEJC_16bit16kHz/data/W007/W007_003/W007_003_IC0A.wav
Converting /autofs/diamond2/share/corpus/CEJC/data/W007/W007_004/W007_004a_IC01.wav to /autofs/diamond2/share/corpus/CEJC_16bit16kHz/data/W007/W007_004/W007_004a_IC01.wav
Converting /autofs/diamond2/share/corpus/CEJC/data/W007/W007_004/W007_004a_IC02.wav to /autofs/diamond2/share/corpus/CEJC_16bit16kHz/data/W007/W007_004/W007_004a_IC02.wav
Converting /autofs/diamond2/share/corpus/CEJC/data/W007/W007_004/W007_004a_IC03.wav to /autofs/diamond2/share/corpus/CEJC_16bit16kHz/data/W007/W007_004/W007_004a_IC03.wav
Converting /autofs/diamond2/share/corpus/CEJC/data/W007/W007_004/W007_004a_IC03ef.wav to /autofs/diamond2/share/corpus/CEJC_16bit16kHz/data/W007/W007_004/W007_004a_IC03ef.wav
Converting /autofs/diamond2/share/corpus/CEJC/data/W007/W007_004/W007_004a_IC0A.wav to /autofs/diamond2/share/corpus/CEJC_16bit16kHz/data/W007/W007_004/W007_004a_IC0A.wav
Converting /autofs/diamond2/share/corpus/CEJC/data/W007/W007_004/W007_004b_IC01.wav to /autofs/diamond2/share/corpus/CEJC_16bit16kHz/data/W007/W007_004/W007_004b_IC01.wav
Converting /autofs/diamond2/share/corpus/CEJC/data/W007/W007_004/W007_004b_IC02.wav to /autofs/diamond2/share/corpus/CEJC_16bit16kHz/data/W007/W007_004/W007_004b_IC02.wav
Converting /autofs/diamond2/share/corpus/CEJC/data/W007/W007_004/W007_004b_IC03.wav to /autofs/diamond2/share/corpus/CEJC_16bit16kHz/data/W007/W007_004/W007_004b_IC03.wav
Converting /autofs/diamond2/share/corpus/CEJC/data/W007/W007_004/W007_004b_IC03ef.wav to /autofs/diamond2/share/corpus/CEJC_16bit16kHz/data/W007/W007_004/W007_004b_IC03ef.wav
Converting /autofs/diamond2/share/corpus/CEJC/data/W007/W007_004/W007_004b_IC0A.wav to /autofs/diamond2/share/corpus/CEJC_16bit16kHz/data/W007/W007_004/W007_004b_IC0A.wav
Converting /autofs/diamond2/share/corpus/CEJC/data/W008/W008_001/W008_001a_IC01.wav to /autofs/diamond2/share/corpus/CEJC_16bit16kHz/data/W008/W008_001/W008_001a_IC01.wav
Converting /autofs/diamond2/share/corpus/CEJC/data/W008/W008_001/W008_001a_IC02.wav to /autofs/diamond2/share/corpus/CEJC_16bit16kHz/data/W008/W008_001/W008_001a_IC02.wav
Converting /autofs/diamond2/share/corpus/CEJC/data/W008/W008_001/W008_001a_IC03.wav to /autofs/diamond2/share/corpus/CEJC_16bit16kHz/data/W008/W008_001/W008_001a_IC03.wav
Converting /autofs/diamond2/share/corpus/CEJC/data/W008/W008_001/W008_001a_IC04.wav to /autofs/diamond2/share/corpus/CEJC_16bit16kHz/data/W008/W008_001/W008_001a_IC04.wav
Converting /autofs/diamond2/share/corpus/CEJC/data/W008/W008_001/W008_001a_IC05.wav to /autofs/diamond2/share/corpus/CEJC_16bit16kHz/data/W008/W008_001/W008_001a_IC05.wav
Converting /autofs/diamond2/share/corpus/CEJC/data/W008/W008_001/W008_001a_IC0A.wav to /autofs/diamond2/share/corpus/CEJC_16bit16kHz/data/W008/W008_001/W008_001a_IC0A.wav
Converting /autofs/diamond2/share/corpus/CEJC/data/W008/W008_001/W008_001b_IC01.wav to /autofs/diamond2/share/corpus/CEJC_16bit16kHz/data/W008/W008_001/W008_001b_IC01.wav
Converting /autofs/diamond2/share/corpus/CEJC/data/W008/W008_001/W008_001b_IC02.wav to /autofs/diamond2/share/corpus/CEJC_16bit16kHz/data/W008/W008_001/W008_001b_IC02.wav
Converting /autofs/diamond2/share/corpus/CEJC/data/W008/W008_001/W008_001b_IC03.wav to /autofs/diamond2/share/corpus/CEJC_16bit16kHz/data/W008/W008_001/W008_001b_IC03.wav
Converting /autofs/diamond2/share/corpus/CEJC/data/W008/W008_001/W008_001b_IC04.wav to /autofs/diamond2/share/corpus/CEJC_16bit16kHz/data/W008/W008_001/W008_001b_IC04.wav
Converting /autofs/diamond2/share/corpus/CEJC/data/W008/W008_001/W008_001b_IC05.wav to /autofs/diamond2/share/corpus/CEJC_16bit16kHz/data/W008/W008_001/W008_001b_IC05.wav
Converting /autofs/diamond2/share/corpus/CEJC/data/W008/W008_001/W008_001b_IC0A.wav to /autofs/diamond2/share/corpus/CEJC_16bit16kHz/data/W008/W008_001/W008_001b_IC0A.wav
Converting /autofs/diamond2/share/corpus/CEJC/data/W008/W008_001/W008_001c_IC01.wav to /autofs/diamond2/share/corpus/CEJC_16bit16kHz/data/W008/W008_001/W008_001c_IC01.wav
Converting /autofs/diamond2/share/corpus/CEJC/data/W008/W008_001/W008_001c_IC02.wav to /autofs/diamond2/share/corpus/CEJC_16bit16kHz/data/W008/W008_001/W008_001c_IC02.wav
Converting /autofs/diamond2/share/corpus/CEJC/data/W008/W008_001/W008_001c_IC03.wav to /autofs/diamond2/share/corpus/CEJC_16bit16kHz/data/W008/W008_001/W008_001c_IC03.wav
Converting /autofs/diamond2/share/corpus/CEJC/data/W008/W008_001/W008_001c_IC04.wav to /autofs/diamond2/share/corpus/CEJC_16bit16kHz/data/W008/W008_001/W008_001c_IC04.wav
Converting /autofs/diamond2/share/corpus/CEJC/data/W008/W008_001/W008_001c_IC05.wav to /autofs/diamond2/share/corpus/CEJC_16bit16kHz/data/W008/W008_001/W008_001c_IC05.wav
Converting /autofs/diamond2/share/corpus/CEJC/data/W008/W008_001/W008_001c_IC0A.wav to /autofs/diamond2/share/corpus/CEJC_16bit16kHz/data/W008/W008_001/W008_001c_IC0A.wav
Converting /autofs/diamond2/share/corpus/CEJC/data/W009/W009_001/W009_001_IC01.wav to /autofs/diamond2/share/corpus/CEJC_16bit16kHz/data/W009/W009_001/W009_001_IC01.wav
Converting /autofs/diamond2/share/corpus/CEJC/data/W009/W009_001/W009_001_IC02.wav to /autofs/diamond2/share/corpus/CEJC_16bit16kHz/data/W009/W009_001/W009_001_IC02.wav
Converting /autofs/diamond2/share/corpus/CEJC/data/W009/W009_001/W009_001_IC03.wav to /autofs/diamond2/share/corpus/CEJC_16bit16kHz/data/W009/W009_001/W009_001_IC03.wav
Converting /autofs/diamond2/share/corpus/CEJC/data/W009/W009_001/W009_001_IC04.wav to /autofs/diamond2/share/corpus/CEJC_16bit16kHz/data/W009/W009_001/W009_001_IC04.wav
Converting /autofs/diamond2/share/corpus/CEJC/data/W009/W009_001/W009_001_IC0B.wav to /autofs/diamond2/share/corpus/CEJC_16bit16kHz/data/W009/W009_001/W009_001_IC0B.wav
Converting /autofs/diamond2/share/corpus/CEJC/data/W009/W009_002/W009_002a_IC01.wav to /autofs/diamond2/share/corpus/CEJC_16bit16kHz/data/W009/W009_002/W009_002a_IC01.wav
Converting /autofs/diamond2/share/corpus/CEJC/data/W009/W009_002/W009_002a_IC05.wav to /autofs/diamond2/share/corpus/CEJC_16bit16kHz/data/W009/W009_002/W009_002a_IC05.wav
Converting /autofs/diamond2/share/corpus/CEJC/data/W009/W009_002/W009_002a_IC0A.wav to /autofs/diamond2/share/corpus/CEJC_16bit16kHz/data/W009/W009_002/W009_002a_IC0A.wav
Converting /autofs/diamond2/share/corpus/CEJC/data/W009/W009_002/W009_002b_IC01.wav to /autofs/diamond2/share/corpus/CEJC_16bit16kHz/data/W009/W009_002/W009_002b_IC01.wav
Converting /autofs/diamond2/share/corpus/CEJC/data/W009/W009_002/W009_002b_IC05.wav to /autofs/diamond2/share/corpus/CEJC_16bit16kHz/data/W009/W009_002/W009_002b_IC05.wav
Converting /autofs/diamond2/share/corpus/CEJC/data/W009/W009_002/W009_002b_IC0A.wav to /autofs/diamond2/share/corpus/CEJC_16bit16kHz/data/W009/W009_002/W009_002b_IC0A.wav
Converting /autofs/diamond2/share/corpus/CEJC/data/W010/W010_001/W010_001a_IC01.wav to /autofs/diamond2/share/corpus/CEJC_16bit16kHz/data/W010/W010_001/W010_001a_IC01.wav
sox WARN rate: rate clipped 21 samples; decrease volume?
sox WARN dither: dither clipped 18 samples; decrease volume?
Converting /autofs/diamond2/share/corpus/CEJC/data/W010/W010_001/W010_001a_IC02.wav to /autofs/diamond2/share/corpus/CEJC_16bit16kHz/data/W010/W010_001/W010_001a_IC02.wav
sox WARN rate: rate clipped 4 samples; decrease volume?
sox WARN dither: dither clipped 3 samples; decrease volume?
Converting /autofs/diamond2/share/corpus/CEJC/data/W010/W010_001/W010_001a_IC0A.wav to /autofs/diamond2/share/corpus/CEJC_16bit16kHz/data/W010/W010_001/W010_001a_IC0A.wav
sox WARN rate: rate clipped 90 samples; decrease volume?
sox WARN dither: dither clipped 79 samples; decrease volume?
Converting /autofs/diamond2/share/corpus/CEJC/data/W010/W010_001/W010_001b_IC01.wav to /autofs/diamond2/share/corpus/CEJC_16bit16kHz/data/W010/W010_001/W010_001b_IC01.wav
Converting /autofs/diamond2/share/corpus/CEJC/data/W010/W010_001/W010_001b_IC02.wav to /autofs/diamond2/share/corpus/CEJC_16bit16kHz/data/W010/W010_001/W010_001b_IC02.wav
Converting /autofs/diamond2/share/corpus/CEJC/data/W010/W010_001/W010_001b_IC0A.wav to /autofs/diamond2/share/corpus/CEJC_16bit16kHz/data/W010/W010_001/W010_001b_IC0A.wav
Converting /autofs/diamond2/share/corpus/CEJC/data/W011/W011_001/W011_001a_IC01.wav to /autofs/diamond2/share/corpus/CEJC_16bit16kHz/data/W011/W011_001/W011_001a_IC01.wav
Converting /autofs/diamond2/share/corpus/CEJC/data/W011/W011_001/W011_001a_IC0A.wav to /autofs/diamond2/share/corpus/CEJC_16bit16kHz/data/W011/W011_001/W011_001a_IC0A.wav
Converting /autofs/diamond2/share/corpus/CEJC/data/W011/W011_001/W011_001b_IC01.wav to /autofs/diamond2/share/corpus/CEJC_16bit16kHz/data/W011/W011_001/W011_001b_IC01.wav
sox WARN rate: rate clipped 8 samples; decrease volume?
sox WARN dither: dither clipped 6 samples; decrease volume?
Converting /autofs/diamond2/share/corpus/CEJC/data/W011/W011_001/W011_001b_IC0A.wav to /autofs/diamond2/share/corpus/CEJC_16bit16kHz/data/W011/W011_001/W011_001b_IC0A.wav
sox WARN rate: rate clipped 10 samples; decrease volume?
sox WARN dither: dither clipped 9 samples; decrease volume?
